var,lead,init_year,init_month,season_year,season_month,season,oni,tsa,dmi,aao,trend,persist,anomaly
precipitacao,3,1979,3,1979,6,JJA,0.22999999999999973,-0.5499999999999999,0.04133333333333311,0.48810000000000003,1979.2083333333333,-114.80999999999989,8.603333333333353
temperatura,3,1979,3,1979,6,JJA,0.22999999999999973,-0.5499999999999999,0.04133333333333311,0.48810000000000003,1979.2083333333333,-1.4700511111111112,-0.7536055555555556
precipitacao,3,1979,4,1979,7,JAS,0.27333333333333304,-0.48666666666666664,-0.13333333333333355,0.6443666666666666,1979.2916666666667,-139.87,149.3666666666667
temperatura,3,1979,4,1979,7,JAS,0.27333333333333304,-0.48666666666666664,-0.13333333333333355,0.6443666666666666,1979.2916666666667,-1.7323988888888877,-0.7621066666666643
precipitacao,3,1979,5,1979,8,ASO,0.29999999999999977,-0.4066666666666667,-0.22833333333333353,0.7668333333333334,1979.375,-7.57333333333338,154.64999999999998
temperatura,3,1979,5,1979,8,ASO,0.29999999999999977,-0.4066666666666667,-0.22833333333333353,0.7668333333333334,1979.375,-1.3414033333333322,-0.14054666666666904
precipitacao,3,1979,6,1979,9,SON,0.2499999999999997,-0.26,-0.18066666666666686,1.0337666666666665,1979.4583333333333,101.03333333333336,108.25
temperatura,3,1979,6,1979,9,SON,0.2499999999999997,-0.26,-0.18066666666666686,1.0337666666666665,1979.4583333333333,-1.066037777777776,-0.6915177777777792
precipitacao,3,1979,7,1979,10,OND,0.17333333333333303,-0.19999999999999998,-0.21666666666666687,1.6119333333333332,1979.5416666666667,47.25333333333336,24.576666666666597
temperatura,3,1979,7,1979,10,OND,0.17333333333333303,-0.19999999999999998,-0.21666666666666687,1.6119333333333332,1979.5416666666667,-1.1044922222222233,-0.28243777777777623
precipitacao,3,1979,8,1979,11,NDJ,0.14999999999999972,-0.08666666666666667,-0.1440000000000002,1.552533333333333,1979.625,27.53,-38.59000000000003
temperatura,3,1979,8,1979,11,NDJ,0.14999999999999972,-0.08666666666666667,-0.1440000000000002,1.552533333333333,1979.625,-1.0209033333333313,-0.885976666666668
precipitacao,3,1979,9,1979,12,DJF,0.21666666666666642,0.03000000000000001,-0.27333333333333354,1.1957,1979.7083333333333,8.603333333333353,-35.50999999999999
temperatura,3,1979,9,1979,12,DJF,0.21666666666666642,0.03000000000000001,-0.27333333333333354,1.1957,1979.7083333333333,-0.7536055555555556,-0.8139511111111126
precipitacao,3,1979,10,1980,1,JFM,0.34333333333333305,0.013333333333333336,-0.2730000000000002,0.44493333333333335,1979.7916666666667,149.3666666666667,-123.26999999999998
temperatura,3,1979,10,1980,1,JFM,0.34333333333333305,0.013333333333333336,-0.2730000000000002,0.44493333333333335,1979.7916666666667,-0.7621066666666643,-0.17199888888888637
precipitacao,3,1979,11,1980,2,FMA,0.43666666666666637,-0.049999999999999996,-0.2813333333333335,0.12226666666666665,1979.875,154.64999999999998,-49.873333333333335
temperatura,3,1979,11,1980,2,FMA,0.43666666666666637,-0.049999999999999996,-0.2813333333333335,0.12226666666666665,1979.875,-0.14054666666666904,0.28042999999999907
precipitacao,3,1979,12,1980,3,MAM,0.5366666666666663,-0.19000000000000003,-0.2220000000000002,-0.4044666666666667,1979.9583333333333,108.25,-73.8666666666667
temperatura,3,1979,12,1980,3,MAM,0.5366666666666663,-0.19000000000000003,-0.2220000000000002,-0.4044666666666667,1979.9583333333333,-0.6915177777777792,0.9071955555555604
precipitacao,3,1980,1,1980,4,AMJ,0.5866666666666663,-0.29333333333333333,-0.17000000000000018,-0.6067333333333332,1980.0416666666667,24.576666666666597,-19.546666666666653
temperatura,3,1980,1,1980,4,AMJ,0.5866666666666663,-0.29333333333333333,-0.17000000000000018,-0.6067333333333332,1980.0416666666667,-0.28243777777777623,0.16724111111111029
precipitacao,3,1980,2,1980,5,MJJ,0.5766666666666663,-0.4566666666666667,-0.1530000000000002,-0.7924666666666665,1980.125,-38.59000000000003,-50.97000000000003
temperatura,3,1980,2,1980,5,MJJ,0.5766666666666663,-0.4566666666666667,-0.1530000000000002,-0.7924666666666665,1980.125,-0.885976666666668,0.14209666666667076
precipitacao,3,1980,3,1980,6,JJA,0.4799999999999997,-0.5666666666666667,-0.2586666666666668,-0.9503666666666666,1980.2083333333333,-35.50999999999999,35.60333333333335
temperatura,3,1980,3,1980,6,JJA,0.4799999999999997,-0.5666666666666667,-0.2586666666666668,-0.9503666666666666,1980.2083333333333,-0.8139511111111126,-0.26047222222221933
precipitacao,3,1980,4,1980,7,JAS,0.3866666666666663,-0.5466666666666666,-0.2380000000000002,-1.4907666666666666,1980.2916666666667,-123.26999999999998,47.166666666666686
temperatura,3,1980,4,1980,7,JAS,0.3866666666666663,-0.5466666666666666,-0.2380000000000002,-1.4907666666666666,1980.2916666666667,-0.17199888888888637,-0.8800733333333284
precipitacao,3,1980,5,1980,8,ASO,0.3799999999999997,-0.47,-0.1933333333333335,-1.3237666666666665,1980.375,-49.873333333333335,64.84999999999997
temperatura,3,1980,5,1980,8,ASO,0.3799999999999997,-0.47,-0.1933333333333335,-1.3237666666666665,1980.375,0.28042999999999907,-1.0896800000000013
precipitacao,3,1980,6,1980,9,SON,0.39666666666666633,-0.39666666666666667,-0.18133333333333349,-0.7537333333333333,1980.4583333333333,-73.8666666666667,-9.349999999999966
temperatura,3,1980,6,1980,9,SON,0.39666666666666633,-0.39666666666666667,-0.18133333333333349,-0.7537333333333333,1980.4583333333333,0.9071955555555604,-1.3480844444444458
precipitacao,3,1980,7,1980,10,OND,0.34333333333333305,-0.36000000000000004,-0.3696666666666668,-0.7122999999999999,1980.5416666666667,-19.546666666666653,71.47666666666657
temperatura,3,1980,7,1980,10,OND,0.34333333333333305,-0.36000000000000004,-0.3696666666666668,-0.7122999999999999,1980.5416666666667,0.16724111111111029,-0.3511044444444451
precipitacao,3,1980,8,1980,11,NDJ,0.17333333333333303,-0.2866666666666667,-0.6216666666666668,-0.8849999999999999,1980.625,-50.97000000000003,164.90999999999997
temperatura,3,1980,8,1980,11,NDJ,0.17333333333333303,-0.2866666666666667,-0.6216666666666668,-0.8849999999999999,1980.625,0.14209666666667076,-0.3116433333333326
precipitacao,3,1980,9,1980,12,DJF,-0.01666666666666697,-0.17,-0.7426666666666669,-1.5471666666666666,1980.7083333333333,35.60333333333335,111.79000000000008
temperatura,3,1980,9,1980,12,DJF,-0.01666666666666697,-0.17,-0.7426666666666669,-1.5471666666666666,1980.7083333333333,-0.26047222222221933,-0.018584444444442738
precipitacao,3,1980,10,1981,1,JFM,-0.10000000000000031,-0.15,-0.7416666666666668,-0.7067333333333332,1980.7916666666667,47.166666666666686,20.33000000000004
temperatura,3,1980,10,1981,1,JFM,-0.10000000000000031,-0.15,-0.7416666666666668,-0.7067333333333332,1980.7916666666667,-0.8800733333333284,-0.203532222222222
precipitacao,3,1980,11,1981,2,FMA,-0.05333333333333364,-0.24,-0.6066666666666668,-1.0454333333333332,1980.875,64.84999999999997,-69.37333333333333
temperatura,3,1980,11,1981,2,FMA,-0.05333333333333364,-0.24,-0.6066666666666668,-1.0454333333333332,1980.875,-1.0896800000000013,-0.46640333333333217
precipitacao,3,1980,12,1981,3,MAM,-0.013333333333333633,-0.5133333333333333,-0.5193333333333335,-0.5972666666666666,1980.9583333333333,-9.349999999999966,-40.166666666666686
temperatura,3,1980,12,1981,3,MAM,-0.013333333333333633,-0.5133333333333333,-0.5193333333333335,-0.5972666666666666,1980.9583333333333,-1.3480844444444458,-0.22853777777777395
precipitacao,3,1981,1,1981,4,AMJ,-0.08000000000000031,-0.6333333333333333,-0.36700000000000016,-0.7128999999999999,1981.0416666666667,71.47666666666657,-11.846666666666664
temperatura,3,1981,1,1981,4,AMJ,-0.08000000000000031,-0.6333333333333333,-0.36700000000000016,-0.7128999999999999,1981.0416666666667,-0.3511044444444451,-0.7161922222222223
precipitacao,3,1981,2,1981,5,MJJ,-0.24666666666666695,-0.7333333333333334,-0.23600000000000013,-0.028833333333333183,1981.125,164.90999999999997,63.42999999999998
temperatura,3,1981,2,1981,5,MJJ,-0.24666666666666695,-0.7333333333333334,-0.23600000000000013,-0.028833333333333183,1981.125,-0.3116433333333326,-1.20130333333333
precipitacao,3,1981,3,1981,6,JJA,-0.3666666666666669,-0.7766666666666667,-0.06633333333333348,-0.23189999999999986,1981.2083333333333,111.79000000000008,126.30333333333334
temperatura,3,1981,3,1981,6,JJA,-0.3666666666666669,-0.7766666666666667,-0.06633333333333348,-0.23189999999999986,1981.2083333333333,-0.018584444444442738,-1.8092388888888902
precipitacao,3,1981,4,1981,7,JAS,-0.3666666666666669,-0.85,0.03166666666666652,-0.7960666666666665,1981.2916666666667,20.33000000000004,79.36666666666665
temperatura,3,1981,4,1981,7,JAS,-0.3666666666666669,-0.85,0.03166666666666652,-0.7960666666666665,1981.2916666666667,-0.203532222222222,-1.13547333333333
precipitacao,3,1981,5,1981,8,ASO,-0.3200000000000003,-0.8566666666666668,0.03366666666666652,-0.9238333333333332,1981.375,-69.37333333333333,39.75
temperatura,3,1981,5,1981,8,ASO,-0.3200000000000003,-0.8566666666666668,0.03366666666666652,-0.9238333333333332,1981.375,-0.46640333333333217,-1.074113333333333
precipitacao,3,1981,6,1981,9,SON,-0.27333333333333365,-0.7033333333333333,-0.05466666666666681,-0.4847666666666665,1981.4583333333333,-40.166666666666686,17.25
temperatura,3,1981,6,1981,9,SON,-0.27333333333333365,-0.7033333333333333,-0.05466666666666681,-0.4847666666666665,1981.4583333333333,-0.22853777777777395,-0.5937177777777798
precipitacao,3,1981,7,1981,10,OND,-0.276666666666667,-0.5866666666666667,-0.2723333333333335,-0.32606666666666656,1981.5416666666667,-11.846666666666664,26.276666666666642
temperatura,3,1981,7,1981,10,OND,-0.276666666666667,-0.5866666666666667,-0.2723333333333335,-0.32606666666666656,1981.5416666666667,-0.7161922222222223,-1.0295044444444414
precipitacao,3,1981,8,1981,11,NDJ,-0.26000000000000034,-0.36000000000000004,-0.47566666666666685,-0.9175,1981.625,63.42999999999998,-57.49000000000001
temperatura,3,1981,8,1981,11,NDJ,-0.26000000000000034,-0.36000000000000004,-0.47566666666666685,-0.9175,1981.625,-1.20130333333333,-0.9438100000000027
precipitacao,3,1981,9,1981,12,DJF,-0.19666666666666696,-0.16666666666666666,-0.6483333333333335,-1.5378666666666667,1981.7083333333333,126.30333333333334,-62.1099999999999
temperatura,3,1981,9,1981,12,DJF,-0.19666666666666696,-0.16666666666666666,-0.6483333333333335,-1.5378666666666667,1981.7083333333333,-1.8092388888888902,-1.1327511111111122
precipitacao,3,1981,10,1982,1,JFM,-0.15666666666666698,0.03333333333333333,-0.6636666666666668,-1.296,1981.7916666666667,79.36666666666665,35.129999999999995
temperatura,3,1981,10,1982,1,JFM,-0.15666666666666698,0.03333333333333333,-0.6636666666666668,-1.296,1981.7916666666667,-1.13547333333333,-1.1091322222222217
precipitacao,3,1981,11,1982,2,FMA,-0.14333333333333365,0.08333333333333333,-0.5633333333333335,-0.38136666666666663,1981.875,39.75,69.3266666666666
temperatura,3,1981,11,1982,2,FMA,-0.14333333333333365,0.08333333333333333,-0.5633333333333335,-0.38136666666666663,1981.875,-1.074113333333333,-1.0548033333333287
precipitacao,3,1981,12,1982,3,MAM,-0.16333333333333364,0.013333333333333327,-0.31733333333333347,0.49390000000000006,1981.9583333333333,17.25,80.5333333333333
temperatura,3,1981,12,1982,3,MAM,-0.16333333333333364,0.013333333333333327,-0.31733333333333347,0.49390000000000006,1981.9583333333333,-0.5937177777777798,-1.3608044444444438
precipitacao,3,1982,1,1982,4,AMJ,-0.12666666666666698,-0.12666666666666668,-0.06733333333333348,0.39586666666666676,1982.0416666666667,26.276666666666642,24.653333333333336
temperatura,3,1982,1,1982,4,AMJ,-0.12666666666666698,-0.12666666666666668,-0.06733333333333348,0.39586666666666676,1982.0416666666667,-1.0295044444444414,-0.72092555555556
precipitacao,3,1982,2,1982,5,MJJ,-0.056666666666666976,-0.31,0.0973333333333332,0.2797333333333334,1982.125,-57.49000000000001,44.02999999999997
temperatura,3,1982,2,1982,5,MJJ,-0.056666666666666976,-0.31,0.0973333333333332,0.2797333333333334,1982.125,-0.9438100000000027,0.13159666666667036
precipitacao,3,1982,3,1982,6,JJA,0.01333333333333303,-0.44333333333333336,0.12166666666666653,0.4421,1982.2083333333333,-62.1099999999999,77.20333333333332
temperatura,3,1982,3,1982,6,JJA,0.01333333333333303,-0.44333333333333336,0.12166666666666653,0.4421,1982.2083333333333,-1.1327511111111122,0.5376277777777787
precipitacao,3,1982,4,1982,7,JAS,0.14333333333333304,-0.5633333333333334,0.11333333333333317,1.1373666666666666,1982.2916666666667,35.129999999999995,-37.93333333333331
temperatura,3,1982,4,1982,7,JAS,0.14333333333333304,-0.5633333333333334,0.11333333333333317,1.1373666666666666,1982.2916666666667,-1.1091322222222217,0.008026666666669513
precipitacao,3,1982,5,1982,8,ASO,0.35333333333333306,-0.6433333333333333,0.13199999999999987,1.0842666666666667,1982.375,69.3266666666666,47.05000000000001
temperatura,3,1982,5,1982,8,ASO,0.35333333333333306,-0.6433333333333333,0.13199999999999987,1.0842666666666667,1982.375,-1.0548033333333287,-0.35964666666666645
precipitacao,3,1982,6,1982,9,SON,0.573333333333333,-0.71,0.19899999999999984,0.8564666666666666,1982.4583333333333,80.5333333333333,52.35000000000002
temperatura,3,1982,6,1982,9,SON,0.573333333333333,-0.71,0.19899999999999984,0.8564666666666666,1982.4583333333333,-1.3608044444444438,0.02374888888888549
precipitacao,3,1982,7,1982,10,OND,0.7199999999999998,-0.7233333333333333,0.24766666666666656,0.20776666666666666,1982.5416666666667,24.653333333333336,255.0766666666667
temperatura,3,1982,7,1982,10,OND,0.7199999999999998,-0.7233333333333333,0.24766666666666656,0.20776666666666666,1982.5416666666667,-0.72092555555556,-0.2017711111111069
precipitacao,3,1982,8,1982,11,NDJ,0.833333333333333,-0.7433333333333332,0.25866666666666654,0.4282333333333333,1982.625,44.02999999999997,158.61
temperatura,3,1982,8,1982,11,NDJ,0.833333333333333,-0.7433333333333332,0.25866666666666654,0.4282333333333333,1982.625,0.13159666666667036,-0.09887666666666917
precipitacao,3,1982,9,1982,12,DJF,1.073333333333333,-0.6433333333333333,0.3209999999999999,0.6482,1982.7083333333333,77.20333333333332,177.89
temperatura,3,1982,9,1982,12,DJF,1.073333333333333,-0.6433333333333333,0.3209999999999999,0.6482,1982.7083333333333,0.5376277777777787,-0.5097177777777802
precipitacao,3,1982,10,1983,1,JFM,1.4199999999999997,-0.52,0.44066666666666654,0.5523333333333332,1982.7916666666667,-37.93333333333331,104.73000000000002
temperatura,3,1982,10,1983,1,JFM,1.4199999999999997,-0.52,0.44066666666666654,0.5523333333333332,1982.7916666666667,0.008026666666669513,-0.22693222222222076
precipitacao,3,1982,11,1983,2,FMA,1.7666666666666664,-0.4166666666666667,0.4499999999999999,0.009499999999999953,1982.875,47.05000000000001,216.3266666666666
temperatura,3,1982,11,1983,2,FMA,1.7666666666666664,-0.4166666666666667,0.4499999999999999,0.009499999999999953,1982.875,-0.35964666666666645,-0.18063666666666123
precipitacao,3,1982,12,1983,3,MAM,1.9899999999999995,-0.4066666666666667,0.2483333333333332,-1.1617333333333335,1982.9583333333333,52.35000000000002,255.7333333333333
temperatura,3,1982,12,1983,3,MAM,1.9899999999999995,-0.4066666666666667,0.2483333333333332,-1.1617333333333335,1982.9583333333333,0.02374888888888549,0.26556222222222203
precipitacao,3,1983,1,1983,4,AMJ,2.0966666666666662,-0.3,-0.12033333333333347,-1.3744333333333334,1983.0416666666667,255.0766666666667,373.4533333333334
temperatura,3,1983,1,1983,4,AMJ,2.0966666666666662,-0.3,-0.12033333333333347,-1.3744333333333334,1983.0416666666667,-0.2017711111111069,0.3371411111111051
precipitacao,3,1983,2,1983,5,MJJ,2.056666666666666,-0.10999999999999995,-0.4110000000000002,-1.4516000000000002,1983.125,158.61,262.42999999999995
temperatura,3,1983,2,1983,5,MJJ,2.056666666666666,-0.10999999999999995,-0.4110000000000002,-1.4516000000000002,1983.125,-0.09887666666666917,0.7675966666666696
precipitacao,3,1983,3,1983,6,JJA,1.8566666666666665,-0.12666666666666662,-0.6073333333333335,-0.7516000000000002,1983.2083333333333,177.89,155.90333333333336
temperatura,3,1983,3,1983,6,JJA,1.8566666666666665,-0.12666666666666662,-0.6073333333333335,-0.7516000000000002,1983.2083333333333,-0.5097177777777802,0.1080611111111125
precipitacao,3,1983,4,1983,7,JAS,1.553333333333333,-0.31,-0.6320000000000001,-0.25500000000000017,1983.2916666666667,104.73000000000002,182.46666666666667
temperatura,3,1983,4,1983,7,JAS,1.553333333333333,-0.31,-0.6320000000000001,-0.25500000000000017,1983.2916666666667,-0.22693222222222076,-0.5304066666666607
precipitacao,3,1983,5,1983,8,ASO,1.233333333333333,-0.6133333333333334,-0.4553333333333334,-0.040500000000000126,1983.375,216.3266666666666,243.84999999999997
temperatura,3,1983,5,1983,8,ASO,1.233333333333333,-0.6133333333333334,-0.4553333333333334,-0.040500000000000126,1983.375,-0.18063666666666123,-1.3604466666666646
precipitacao,3,1983,6,1983,9,SON,0.933333333333333,-0.7066666666666667,-0.0813333333333335,-0.18353333333333346,1983.4583333333333,255.7333333333333,237.45000000000005
temperatura,3,1983,6,1983,9,SON,0.933333333333333,-0.7066666666666667,-0.0813333333333335,-0.18353333333333346,1983.4583333333333,0.26556222222222203,-1.0795844444444462
precipitacao,3,1983,7,1983,10,OND,0.6066666666666664,-0.7066666666666667,0.27899999999999986,0.13803333333333323,1983.5416666666667,373.4533333333334,54.5766666666666
temperatura,3,1983,7,1983,10,OND,0.6066666666666664,-0.7066666666666667,0.27899999999999986,0.13803333333333323,1983.5416666666667,0.3371411111111051,-0.44193777777777754
precipitacao,3,1983,8,1983,11,NDJ,0.26999999999999974,-0.5333333333333333,0.4133333333333333,0.5477666666666665,1983.625,262.42999999999995,-62.99000000000001
temperatura,3,1983,8,1983,11,NDJ,0.26999999999999974,-0.5333333333333333,0.4133333333333333,0.5477666666666665,1983.625,0.7675966666666696,0.40075666666666265
precipitacao,3,1983,9,1983,12,DJF,-0.0800000000000003,-0.31666666666666665,0.2673333333333332,0.4033666666666666,1983.7083333333333,155.90333333333336,-158.80999999999995
temperatura,3,1983,9,1983,12,DJF,-0.0800000000000003,-0.31666666666666665,0.2673333333333332,0.4033666666666666,1983.7083333333333,0.1080611111111125,0.8574488888888894
precipitacao,3,1983,10,1984,1,JFM,-0.41666666666666696,-0.2333333333333333,-0.003666666666666781,0.4298333333333331,1983.7916666666667,182.46666666666667,-207.57
temperatura,3,1983,10,1984,1,JFM,-0.41666666666666696,-0.2333333333333333,-0.003666666666666781,0.4298333333333331,1983.7916666666667,-0.5304066666666607,0.9165677777777823
precipitacao,3,1983,11,1984,2,FMA,-0.7166666666666669,-0.17999999999999994,-0.2330000000000001,0.40829999999999983,1983.875,243.84999999999997,-77.37333333333333
temperatura,3,1983,11,1984,2,FMA,-0.7166666666666669,-0.17999999999999994,-0.2330000000000001,0.40829999999999983,1983.875,-1.3604466666666646,0.22196333333333484
precipitacao,3,1983,12,1984,3,MAM,-0.8700000000000002,-0.10333333333333329,-0.2440000000000001,0.7987999999999998,1983.9583333333333,237.45000000000005,74.63333333333327
temperatura,3,1983,12,1984,3,MAM,-0.8700000000000002,-0.10333333333333329,-0.2440000000000001,0.7987999999999998,1983.9583333333333,-1.0795844444444462,0.35372888888889165
precipitacao,3,1984,1,1984,4,AMJ,-0.826666666666667,0.1166666666666667,-0.22233333333333347,0.03513333333333316,1984.0416666666667,54.5766666666666,42.75333333333333
temperatura,3,1984,1,1984,4,AMJ,-0.826666666666667,0.1166666666666667,-0.22233333333333347,0.03513333333333316,1984.0416666666667,-0.44193777777777754,0.7835744444444437
precipitacao,3,1984,2,1984,5,MJJ,-0.6766666666666671,0.2833333333333334,-0.15766666666666676,-0.3885666666666669,1984.125,-62.99000000000001,-50.770000000000024
temperatura,3,1984,2,1984,5,MJJ,-0.6766666666666671,0.2833333333333334,-0.15766666666666676,-0.3885666666666669,1984.125,0.40075666666666265,1.320496666666667
precipitacao,3,1984,3,1984,6,JJA,-0.5066666666666669,0.39000000000000007,-0.16466666666666677,-0.46343333333333353,1984.2083333333333,-158.80999999999995,-22.096666666666664
temperatura,3,1984,3,1984,6,JJA,-0.5066666666666669,0.39000000000000007,-0.16466666666666677,-0.46343333333333353,1984.2083333333333,0.8574488888888894,0.025427777777778715
precipitacao,3,1984,4,1984,7,JAS,-0.4533333333333336,0.3366666666666667,-0.07366666666666677,-0.16566666666666688,1984.2916666666667,-207.57,59.166666666666686
temperatura,3,1984,4,1984,7,JAS,-0.4533333333333336,0.3366666666666667,-0.07366666666666677,-0.16566666666666688,1984.2916666666667,0.9165677777777823,-0.8741733333333279
precipitacao,3,1984,5,1984,8,ASO,-0.46666666666666695,0.18333333333333338,-0.12533333333333344,-0.39690000000000025,1984.375,-77.37333333333333,39.25
temperatura,3,1984,5,1984,8,ASO,-0.46666666666666695,0.18333333333333338,-0.12533333333333344,-0.39690000000000025,1984.375,0.22196333333333484,-1.1332466666666683
precipitacao,3,1984,6,1984,9,SON,-0.5133333333333336,0.08333333333333337,-0.20333333333333345,-0.33850000000000025,1984.4583333333333,74.63333333333327,9.250000000000057
temperatura,3,1984,6,1984,9,SON,-0.5133333333333336,0.08333333333333337,-0.20333333333333345,-0.33850000000000025,1984.4583333333333,0.35372888888889165,-0.48435111111110984
precipitacao,3,1984,7,1984,10,OND,-0.48666666666666697,0.1166666666666667,-0.3420000000000001,0.026099999999999717,1984.5416666666667,42.75333333333333,-26.12333333333339
temperatura,3,1984,7,1984,10,OND,-0.48666666666666697,0.1166666666666667,-0.3420000000000001,0.026099999999999717,1984.5416666666667,0.7835744444444437,-0.45137111111110784
precipitacao,3,1984,8,1984,11,NDJ,-0.376666666666667,0.3333333333333333,-0.40633333333333344,0.2557666666666664,1984.625,-50.770000000000024,51.210000000000036
temperatura,3,1984,8,1984,11,NDJ,-0.376666666666667,0.3333333333333333,-0.40633333333333344,0.2557666666666664,1984.625,1.320496666666667,-1.087176666666668
precipitacao,3,1984,9,1984,12,DJF,-0.31000000000000033,0.5166666666666667,-0.49033333333333334,0.2227333333333331,1984.7083333333333,-22.096666666666664,51.690000000000055
temperatura,3,1984,9,1984,12,DJF,-0.31000000000000033,0.5166666666666667,-0.49033333333333334,0.2227333333333331,1984.7083333333333,0.025427777777778715,-1.1101844444444424
precipitacao,3,1984,10,1985,1,JFM,-0.386666666666667,0.54,-0.5863333333333334,-0.07693333333333356,1984.7916666666667,59.166666666666686,19.129999999999995
temperatura,3,1984,10,1985,1,JFM,-0.386666666666667,0.54,-0.5863333333333334,-0.07693333333333356,1984.7916666666667,-0.8741733333333279,-0.4918988888888869
precipitacao,3,1984,11,1985,2,FMA,-0.6300000000000003,0.39333333333333337,-0.56,0.0978333333333331,1984.875,39.25,50.226666666666574
temperatura,3,1984,11,1985,2,FMA,-0.6300000000000003,0.39333333333333337,-0.56,0.0978333333333331,1984.875,-1.1332466666666683,0.2634299999999996
precipitacao,3,1984,12,1985,3,MAM,-0.8766666666666669,0.16000000000000006,-0.45,-0.5030333333333336,1984.9583333333333,9.250000000000057,-8.666666666666686
temperatura,3,1984,12,1985,3,MAM,-0.8766666666666669,0.16000000000000006,-0.45,-0.5030333333333336,1984.9583333333333,-0.48435111111110984,0.1681622222222252
precipitacao,3,1985,1,1985,4,AMJ,-1.006666666666667,0.03333333333333341,-0.38766666666666677,-0.7648333333333336,1985.0416666666667,-26.12333333333339,-20.24666666666664
temperatura,3,1985,1,1985,4,AMJ,-1.006666666666667,0.03333333333333341,-0.38766666666666677,-0.7648333333333336,1985.0416666666667,-0.45137111111110784,-0.5298255555555578
precipitacao,3,1985,2,1985,5,MJJ,-0.976666666666667,0.0733333333333334,-0.4573333333333334,-0.684966666666667,1985.125,51.210000000000036,-105.97000000000003
temperatura,3,1985,2,1985,5,MJJ,-0.976666666666667,0.0733333333333334,-0.4573333333333334,-0.684966666666667,1985.125,-1.087176666666668,-1.0525033333333322
precipitacao,3,1985,3,1985,6,JJA,-0.9066666666666671,0.006666666666666747,-0.545,-0.23763333333333356,1985.2083333333333,51.690000000000055,-80.59666666666666
temperatura,3,1985,3,1985,6,JJA,-0.9066666666666671,0.006666666666666747,-0.545,-0.23763333333333356,1985.2083333333333,-1.1101844444444424,-0.6497055555555562
precipitacao,3,1985,4,1985,7,JAS,-0.836666666666667,-0.039999999999999925,-0.4560000000000001,0.03779999999999978,1985.2916666666667,19.129999999999995,-93.53333333333333
temperatura,3,1985,4,1985,7,JAS,-0.836666666666667,-0.039999999999999925,-0.4560000000000001,0.03779999999999978,1985.2916666666667,-0.4918988888888869,-0.20707333333333366
precipitacao,3,1985,5,1985,8,ASO,-0.8133333333333338,-0.1566666666666666,-0.3213333333333334,-0.056066666666666896,1985.375,50.226666666666574,-99.85000000000002
temperatura,3,1985,5,1985,8,ASO,-0.8133333333333338,-0.1566666666666666,-0.3213333333333334,-0.056066666666666896,1985.375,0.2634299999999996,0.17258666666666755
precipitacao,3,1985,6,1985,9,SON,-0.7300000000000004,-0.1766666666666666,-0.35066666666666674,-0.1217666666666669,1985.4583333333333,-8.666666666666686,-105.54999999999995
temperatura,3,1985,6,1985,9,SON,-0.7300000000000004,-0.1766666666666666,-0.35066666666666674,-0.1217666666666669,1985.4583333333333,0.1681622222222252,-0.1163511111111113
precipitacao,3,1985,7,1985,10,OND,-0.6100000000000004,-0.11666666666666659,-0.41866666666666674,0.505633333333333,1985.5416666666667,-20.24666666666664,-70.62333333333333
temperatura,3,1985,7,1985,10,OND,-0.6100000000000004,-0.11666666666666659,-0.41866666666666674,0.505633333333333,1985.5416666666667,-0.5298255555555578,-0.21067111111111103
precipitacao,3,1985,8,1985,11,NDJ,-0.456666666666667,-0.11666666666666659,-0.4973333333333334,0.7259333333333332,1985.625,-105.97000000000003,-62.389999999999986
temperatura,3,1985,8,1985,11,NDJ,-0.456666666666667,-0.11666666666666659,-0.4973333333333334,0.7259333333333332,1985.625,-1.0525033333333322,-0.06801000000000101
precipitacao,3,1985,9,1985,12,DJF,-0.3600000000000004,-0.06999999999999991,-0.36700000000000005,1.3385999999999998,1985.7083333333333,-80.59666666666666,-25.009999999999877
temperatura,3,1985,9,1985,12,DJF,-0.3600000000000004,-0.06999999999999991,-0.36700000000000005,1.3385999999999998,1985.7083333333333,-0.6497055555555562,-0.09855111111111015
precipitacao,3,1985,10,1986,1,JFM,-0.31333333333333374,-0.05999999999999991,-0.39833333333333343,0.8576333333333331,1985.7916666666667,-93.53333333333333,162.63
temperatura,3,1985,10,1986,1,JFM,-0.31333333333333374,-0.05999999999999991,-0.39833333333333343,0.8576333333333331,1985.7916666666667,-0.20707333333333366,0.15950111111111198
precipitacao,3,1985,11,1986,2,FMA,-0.296666666666667,-0.00666666666666658,-0.2206666666666667,1.020933333333333,1985.875,-99.85000000000002,206.7266666666667
temperatura,3,1985,11,1986,2,FMA,-0.296666666666667,-0.00666666666666658,-0.2206666666666667,1.020933333333333,1985.875,0.17258666666666755,0.22279666666666742
precipitacao,3,1985,12,1986,3,MAM,-0.31333333333333374,0.04666666666666675,-0.2803333333333334,0.931933333333333,1985.9583333333333,-105.54999999999995,199.5333333333333
temperatura,3,1985,12,1986,3,MAM,-0.31333333333333374,0.04666666666666675,-0.2803333333333334,0.931933333333333,1985.9583333333333,-0.1163511111111113,0.795462222222227
precipitacao,3,1986,1,1986,4,AMJ,-0.34666666666666707,-0.016666666666666583,-0.15200000000000005,0.8275999999999998,1986.0416666666667,-70.62333333333333,-33.44666666666666
temperatura,3,1986,1,1986,4,AMJ,-0.34666666666666707,-0.016666666666666583,-0.15200000000000005,0.8275999999999998,1986.0416666666667,-0.21067111111111103,0.738341111111108
precipitacao,3,1986,2,1986,5,MJJ,-0.38000000000000034,0.030000000000000086,-0.2216666666666667,-0.06330000000000029,1986.125,-62.389999999999986,-19.670000000000016
temperatura,3,1986,2,1986,5,MJJ,-0.38000000000000034,0.030000000000000086,-0.2216666666666667,-0.06330000000000029,1986.125,-0.06801000000000101,0.2550300000000014
precipitacao,3,1986,3,1986,6,JJA,-0.3433333333333337,0.033333333333333416,-0.1493333333333334,-0.7332666666666668,1986.2083333333333,-25.009999999999877,30.903333333333336
temperatura,3,1986,3,1986,6,JJA,-0.3433333333333337,0.033333333333333416,-0.1493333333333334,-0.7332666666666668,1986.2083333333333,-0.09855111111111015,-0.2518388888888907
precipitacao,3,1986,4,1986,7,JAS,-0.26666666666666705,0.07000000000000009,-0.20700000000000007,-0.8147666666666669,1986.2916666666667,162.63,46.66666666666666
temperatura,3,1986,4,1986,7,JAS,-0.26666666666666705,0.07000000000000009,-0.20700000000000007,-0.8147666666666669,1986.2916666666667,0.15950111111111198,-0.6092066666666618
precipitacao,3,1986,5,1986,8,ASO,-0.17000000000000037,-0.023333333333333244,-0.2133333333333334,-0.9009666666666668,1986.375,206.7266666666667,-2.1500000000000057
temperatura,3,1986,5,1986,8,ASO,-0.17000000000000037,-0.023333333333333244,-0.2133333333333334,-0.9009666666666668,1986.375,0.22279666666666742,-0.6424800000000026
precipitacao,3,1986,6,1986,9,SON,-0.08000000000000038,-0.0033333333333332438,-0.23966666666666678,-0.8509000000000002,1986.4583333333333,199.5333333333333,-100.44999999999999
temperatura,3,1986,6,1986,9,SON,-0.08000000000000038,-0.0033333333333332438,-0.23966666666666678,-0.8509000000000002,1986.4583333333333,0.795462222222227,-0.2610177777777807
precipitacao,3,1986,7,1986,10,OND,0.05666666666666629,-0.01333333333333324,-0.3263333333333334,-0.7922666666666668,1986.5416666666667,-33.44666666666666,98.97666666666657
temperatura,3,1986,7,1986,10,OND,0.05666666666666629,-0.01333333333333324,-0.3263333333333334,-0.7922666666666668,1986.5416666666667,0.738341111111108,0.00596222222222309
precipitacao,3,1986,8,1986,11,NDJ,0.23999999999999963,0.01666666666666676,-0.4086666666666668,-0.22906666666666678,1986.625,-19.670000000000016,128.61
temperatura,3,1986,8,1986,11,NDJ,0.23999999999999963,0.01666666666666676,-0.4086666666666668,-0.22906666666666678,1986.625,0.2550300000000014,0.48735666666666333
precipitacao,3,1986,9,1986,12,DJF,0.4466666666666663,0.03666666666666676,-0.36300000000000004,0.26029999999999986,1986.7083333333333,30.903333333333336,107.09000000000003
temperatura,3,1986,9,1986,12,DJF,0.4466666666666663,0.03666666666666676,-0.36300000000000004,0.26029999999999986,1986.7083333333333,-0.2518388888888907,-0.0801511111111104
precipitacao,3,1986,10,1987,1,JFM,0.653333333333333,0.030000000000000086,-0.19700000000000006,0.3324666666666665,1986.7916666666667,46.66666666666666,-165.16999999999996
temperatura,3,1986,10,1987,1,JFM,0.653333333333333,0.030000000000000086,-0.19700000000000006,0.3324666666666665,1986.7916666666667,-0.6092066666666618,-0.1253322222222195
precipitacao,3,1986,11,1987,2,FMA,0.853333333333333,-0.0899999999999999,-0.1443333333333334,0.3106333333333332,1986.875,-2.1500000000000057,-118.97333333333336
temperatura,3,1986,11,1987,2,FMA,0.853333333333333,-0.0899999999999999,-0.1443333333333334,0.3106333333333332,1986.875,-0.6424800000000026,-0.036103333333333154
precipitacao,3,1986,12,1987,3,MAM,1.043333333333333,-0.22333333333333324,-0.18833333333333344,0.32316666666666655,1986.9583333333333,-100.44999999999999,5.833333333333314
temperatura,3,1986,12,1987,3,MAM,1.043333333333333,-0.22333333333333324,-0.18833333333333344,0.32316666666666655,1986.9583333333333,-0.2610177777777807,-0.07107111111110953
precipitacao,3,1987,1,1987,4,AMJ,1.1499999999999997,-0.30333333333333323,-0.1993333333333334,-0.09553333333333351,1987.0416666666667,98.97666666666657,157.75333333333336
temperatura,3,1987,1,1987,4,AMJ,1.1499999999999997,-0.30333333333333323,-0.1993333333333334,-0.09553333333333351,1987.0416666666667,0.00596222222222309,-0.33735888888888965
precipitacao,3,1987,2,1987,5,MJJ,1.173333333333333,-0.24999999999999992,-0.10466666666666674,-0.2572666666666668,1987.125,128.61,92.72999999999999
temperatura,3,1987,2,1987,5,MJJ,1.173333333333333,-0.24999999999999992,-0.10466666666666674,-0.2572666666666668,1987.125,0.48735666666666333,-0.18533666666666448
precipitacao,3,1987,3,1987,6,JJA,1.1099999999999997,-0.2299999999999999,-0.05933333333333341,-0.5969333333333335,1987.2083333333333,107.09000000000003,16.30333333333334
temperatura,3,1987,3,1987,6,JJA,1.1099999999999997,-0.2299999999999999,-0.05933333333333341,-0.5969333333333335,1987.2083333333333,-0.0801511111111104,-0.38360555555555464
precipitacao,3,1987,4,1987,7,JAS,1.0299999999999996,-0.21333333333333324,-0.08466666666666674,-0.37533333333333346,1987.2916666666667,-165.16999999999996,-11.833333333333343
temperatura,3,1987,4,1987,7,JAS,1.0299999999999996,-0.21333333333333324,-0.08466666666666674,-0.37533333333333346,1987.2916666666667,-0.1253322222222195,-0.42097333333333253
precipitacao,3,1987,5,1987,8,ASO,0.9699999999999998,-0.16999999999999993,-0.04333333333333341,-0.1265666666666668,1987.375,-118.97333333333336,121.34999999999997
temperatura,3,1987,5,1987,8,ASO,0.9699999999999998,-0.16999999999999993,-0.04333333333333341,-0.1265666666666668,1987.375,-0.036103333333333154,-1.066046666666665
precipitacao,3,1987,6,1987,9,SON,0.9999999999999997,-0.07333333333333325,0.03899999999999992,-0.31630000000000014,1987.4583333333333,5.833333333333314,75.05000000000001
temperatura,3,1987,6,1987,9,SON,0.9999999999999997,-0.07333333333333325,0.03899999999999992,-0.31630000000000014,1987.4583333333333,-0.07107111111110953,-0.717484444444441
precipitacao,3,1987,7,1987,10,OND,1.1199999999999999,0.10000000000000009,0.15999999999999992,-0.7315333333333335,1987.5416666666667,157.75333333333336,54.97666666666663
temperatura,3,1987,7,1987,10,OND,1.1199999999999999,0.10000000000000009,0.15999999999999992,-0.7315333333333335,1987.5416666666667,-0.33735888888888965,-0.23340444444444586
precipitacao,3,1987,8,1987,11,NDJ,1.2899999999999998,0.2000000000000001,0.20399999999999988,-0.2493333333333334,1987.625,92.72999999999999,-96.49000000000001
temperatura,3,1987,8,1987,11,NDJ,1.2899999999999998,0.2000000000000001,0.20399999999999988,-0.2493333333333334,1987.625,-0.18533666666666448,0.3576566666666636
precipitacao,3,1987,9,1987,12,DJF,1.4166666666666663,0.22000000000000008,0.2983333333333333,-0.28166666666666684,1987.7083333333333,16.30333333333334,40.29000000000008
temperatura,3,1987,9,1987,12,DJF,1.4166666666666663,0.22000000000000008,0.2983333333333333,-0.28166666666666684,1987.7083333333333,-0.38360555555555464,-0.06851777777777812
precipitacao,3,1987,10,1988,1,JFM,1.4533333333333331,0.2000000000000001,0.3143333333333333,0.3805999999999998,1987.7916666666667,-11.833333333333343,19.029999999999973
temperatura,3,1987,10,1988,1,JFM,1.4533333333333331,0.2000000000000001,0.3143333333333333,0.3805999999999998,1987.7916666666667,-0.42097333333333253,0.04330111111111634
precipitacao,3,1987,11,1988,2,FMA,1.3666666666666665,0.2700000000000001,0.19833333333333325,0.2389999999999998,1987.875,121.34999999999997,203.2266666666667
temperatura,3,1987,11,1988,2,FMA,1.3666666666666665,0.2700000000000001,0.19833333333333325,0.2389999999999998,1987.875,-1.066046666666665,-0.4673033333333336
precipitacao,3,1987,12,1988,3,MAM,1.203333333333333,0.25666666666666677,0.11833333333333325,0.5960666666666664,1987.9583333333333,75.05000000000001,229.33333333333331
temperatura,3,1987,12,1988,3,MAM,1.203333333333333,0.25666666666666677,0.11833333333333325,0.5960666666666664,1987.9583333333333,-0.717484444444441,-0.11283777777777715
precipitacao,3,1988,1,1988,4,AMJ,0.943333333333333,0.29333333333333345,0.15133333333333324,0.24033333333333318,1988.0416666666667,54.97666666666663,251.15333333333334
temperatura,3,1988,1,1988,4,AMJ,0.943333333333333,0.29333333333333345,0.15133333333333324,0.24033333333333318,1988.0416666666667,-0.23340444444444586,-0.7732588888888898
precipitacao,3,1988,2,1988,5,MJJ,0.6666666666666664,0.27333333333333343,0.11699999999999992,0.0704666666666665,1988.125,-96.49000000000001,96.92999999999998
temperatura,3,1988,2,1988,5,MJJ,0.6666666666666664,0.27333333333333343,0.11699999999999992,0.0704666666666665,1988.125,0.3576566666666636,-1.5601033333333323
precipitacao,3,1988,3,1988,6,JJA,0.32333333333333303,0.37333333333333335,-0.03800000000000008,-0.09330000000000016,1988.2083333333333,40.29000000000008,-52.79666666666667
temperatura,3,1988,3,1988,6,JJA,0.32333333333333303,0.37333333333333335,-0.03800000000000008,-0.09330000000000016,1988.2083333333333,-0.06851777777777812,-1.4605388888888875
precipitacao,3,1988,4,1988,7,JAS,-0.03666666666666696,0.3666666666666667,-0.1983333333333334,0.08499999999999984,1988.2916666666667,19.029999999999973,-85.33333333333331
temperatura,3,1988,4,1988,7,JAS,-0.03666666666666696,0.3666666666666667,-0.1983333333333334,0.08499999999999984,1988.2916666666667,0.04330111111111634,-0.5901066666666637
precipitacao,3,1988,5,1988,8,ASO,-0.49000000000000027,0.3600000000000001,-0.31800000000000006,-0.34813333333333346,1988.375,203.2266666666667,16.149999999999977
temperatura,3,1988,5,1988,8,ASO,-0.49000000000000027,0.3600000000000001,-0.31800000000000006,-0.34813333333333346,1988.375,-0.4673033333333336,-0.23197999999999652
precipitacao,3,1988,6,1988,9,SON,-0.9133333333333337,0.35666666666666674,-0.3043333333333334,-0.6267666666666668,1988.4583333333333,229.33333333333331,-26.249999999999943
temperatura,3,1988,6,1988,9,SON,-0.9133333333333337,0.35666666666666674,-0.3043333333333334,-0.6267666666666668,1988.4583333333333,-0.11283777777777715,-0.6309177777777784
precipitacao,3,1988,7,1988,10,OND,-1.196666666666667,0.33000000000000007,-0.31166666666666676,-0.40916666666666685,1988.5416666666667,251.15333333333334,-45.62333333333339
temperatura,3,1988,7,1988,10,OND,-1.196666666666667,0.33000000000000007,-0.31166666666666676,-0.40916666666666685,1988.5416666666667,-0.7732588888888898,-1.046504444444441
precipitacao,3,1988,8,1988,11,NDJ,-1.246666666666667,0.3066666666666667,-0.23700000000000007,-0.40793333333333354,1988.625,96.92999999999998,-176.68999999999994
temperatura,3,1988,8,1988,11,NDJ,-1.246666666666667,0.3066666666666667,-0.23700000000000007,-0.40793333333333354,1988.625,-1.5601033333333323,-0.4565100000000015
precipitacao,3,1988,9,1988,12,DJF,-1.236666666666667,0.22000000000000008,-0.27766666666666673,-0.2858000000000002,1988.7083333333333,-52.79666666666667,22.389999999999986
temperatura,3,1988,9,1988,12,DJF,-1.236666666666667,0.22000000000000008,-0.27766666666666673,-0.2858000000000002,1988.7083333333333,-1.4605388888888875,-0.20205111111111052
precipitacao,3,1988,10,1989,1,JFM,-1.316666666666667,0.2033333333333334,-0.40266666666666673,-1.2491333333333337,1988.7916666666667,-85.33333333333331,50.73000000000002
temperatura,3,1988,10,1989,1,JFM,-1.316666666666667,0.2033333333333334,-0.40266666666666673,-1.2491333333333337,1988.7916666666667,-0.5901066666666637,0.00010111111111399396
precipitacao,3,1988,11,1989,2,FMA,-1.5400000000000003,0.08666666666666674,-0.36766666666666675,-0.8671666666666669,1988.875,16.149999999999977,130.42666666666662
temperatura,3,1988,11,1989,2,FMA,-1.5400000000000003,0.08666666666666674,-0.36766666666666675,-0.8671666666666669,1988.875,-0.23197999999999652,0.10729666666667015
precipitacao,3,1988,12,1989,3,MAM,-1.7333333333333336,0.01000000000000007,-0.18433333333333343,-0.27950000000000014,1988.9583333333333,-26.249999999999943,-13.666666666666686
temperatura,3,1988,12,1989,3,MAM,-1.7333333333333336,0.01000000000000007,-0.18433333333333343,-0.27950000000000014,1988.9583333333333,-0.6309177777777784,0.04796222222222468
precipitacao,3,1989,1,1989,4,AMJ,-1.7666666666666668,-0.013333333333333261,-0.10300000000000009,0.6979666666666665,1989.0416666666667,-45.62333333333339,9.153333333333336
temperatura,3,1989,1,1989,4,AMJ,-1.7666666666666668,-0.013333333333333261,-0.10300000000000009,0.6979666666666665,1989.0416666666667,-1.046504444444441,-0.30532555555555874
precipitacao,3,1989,2,1989,5,MJJ,-1.6233333333333337,-0.009999999999999927,-0.056666666666666754,0.8472666666666665,1989.125,-176.68999999999994,37.52999999999997
temperatura,3,1989,2,1989,5,MJJ,-1.6233333333333337,-0.009999999999999927,-0.056666666666666754,0.8472666666666665,1989.125,-0.4565100000000015,-1.0637366666666637
precipitacao,3,1989,3,1989,6,JJA,-1.37,0.013333333333333407,-0.21500000000000008,0.6997999999999998,1989.2083333333333,22.389999999999986,72.10333333333335
temperatura,3,1989,3,1989,6,JJA,-1.37,0.013333333333333407,-0.21500000000000008,0.6997999999999998,1989.2083333333333,-0.20205111111111052,-1.246938888888888
precipitacao,3,1989,4,1989,7,JAS,-1.106666666666667,-0.019999999999999924,-0.28133333333333344,0.3026333333333332,1989.2916666666667,50.73000000000002,98.56666666666663
temperatura,3,1989,4,1989,7,JAS,-1.106666666666667,-0.019999999999999924,-0.28133333333333344,0.3026333333333332,1989.2916666666667,0.00010111111111399396,-1.3932066666666643
precipitacao,3,1989,5,1989,8,ASO,-0.8500000000000002,-0.009999999999999926,-0.46433333333333343,0.9165333333333331,1989.375,130.42666666666662,23.44999999999999
temperatura,3,1989,5,1989,8,ASO,-0.8500000000000002,-0.009999999999999926,-0.46433333333333343,0.9165333333333331,1989.375,0.10729666666667015,-1.7253799999999977
precipitacao,3,1989,6,1989,9,SON,-0.6200000000000002,-0.009999999999999926,-0.618,1.3707666666666665,1989.4583333333333,-13.666666666666686,2.75
temperatura,3,1989,6,1989,9,SON,-0.6200000000000002,-0.009999999999999926,-0.618,1.3707666666666665,1989.4583333333333,0.04796222222222468,-1.6917177777777788
precipitacao,3,1989,7,1989,10,OND,-0.46000000000000024,-0.0033333333333332594,-0.6070000000000001,2.0476666666666663,1989.5416666666667,9.153333333333336,-60.023333333333426
temperatura,3,1989,7,1989,10,OND,-0.46000000000000024,-0.0033333333333332594,-0.6070000000000001,2.0476666666666663,1989.5416666666667,-0.30532555555555874,-1.6009711111111073
precipitacao,3,1989,8,1989,11,NDJ,-0.3766666666666669,0.06333333333333341,-0.5160000000000001,1.1068333333333331,1989.625,37.52999999999997,-74.49000000000001
temperatura,3,1989,8,1989,11,NDJ,-0.3766666666666669,0.06333333333333341,-0.5160000000000001,1.1068333333333331,1989.625,-1.0637366666666637,-0.3378433333333355
precipitacao,3,1989,9,1989,12,DJF,-0.35333333333333367,0.08333333333333341,-0.3306666666666667,0.4014999999999998,1989.7083333333333,72.10333333333335,-88.80999999999995
temperatura,3,1989,9,1989,12,DJF,-0.35333333333333367,0.08333333333333341,-0.3306666666666667,0.4014999999999998,1989.7083333333333,-1.246938888888888,-0.0325511111111112
precipitacao,3,1989,10,1990,1,JFM,-0.31333333333333363,0.1033333333333334,-0.31900000000000006,-0.03910000000000014,1989.7916666666667,98.56666666666663,-58.46999999999997
temperatura,3,1989,10,1990,1,JFM,-0.31333333333333363,0.1033333333333334,-0.31900000000000006,-0.03910000000000014,1989.7916666666667,-1.3932066666666643,0.726567777777781
precipitacao,3,1989,11,1990,2,FMA,-0.23333333333333361,-0.039999999999999925,-0.3246666666666667,0.1955333333333332,1989.875,23.44999999999999,41.42666666666662
temperatura,3,1989,11,1990,2,FMA,-0.23333333333333361,-0.039999999999999925,-0.3246666666666667,0.1955333333333332,1989.875,-1.7253799999999977,0.9502966666666701
precipitacao,3,1989,12,1990,3,MAM,-0.13666666666666696,-0.2299999999999999,-0.30566666666666675,0.0875999999999998,1989.9583333333333,2.75,58.833333333333314
temperatura,3,1989,12,1990,3,MAM,-0.13666666666666696,-0.2299999999999999,-0.30566666666666675,0.0875999999999998,1989.9583333333333,-1.6917177777777788,0.7193622222222231
precipitacao,3,1990,1,1990,4,AMJ,0.006666666666666367,-0.47666666666666657,-0.20133333333333345,-0.07503333333333352,1990.0416666666667,-60.023333333333426,13.953333333333347
temperatura,3,1990,1,1990,4,AMJ,0.006666666666666367,-0.47666666666666657,-0.20133333333333345,-0.07503333333333352,1990.0416666666667,-1.6009711111111073,0.11944111111111155
precipitacao,3,1990,2,1990,5,MJJ,0.1099999999999997,-0.4433333333333333,-0.18500000000000005,0.1178666666666665,1990.125,-74.49000000000001,44.329999999999956
temperatura,3,1990,2,1990,5,MJJ,0.1099999999999997,-0.4433333333333333,-0.18500000000000005,0.1178666666666665,1990.125,-0.3378433333333355,-0.9899366666666634
precipitacao,3,1990,3,1990,6,JJA,0.22333333333333302,-0.28333333333333327,-0.17700000000000005,0.40426666666666655,1990.2083333333333,-88.80999999999995,84.70333333333335
temperatura,3,1990,3,1990,6,JJA,0.22333333333333302,-0.28333333333333327,-0.17700000000000005,0.40426666666666655,1990.2083333333333,-0.0325511111111112,-1.3312388888888869
precipitacao,3,1990,4,1990,7,JAS,0.253333333333333,-0.04333333333333326,-0.27233333333333337,-0.10456666666666677,1990.2916666666667,-58.46999999999997,135.66666666666666
temperatura,3,1990,4,1990,7,JAS,0.253333333333333,-0.04333333333333326,-0.27233333333333337,-0.10456666666666677,1990.2916666666667,0.726567777777781,-1.8963733333333312
precipitacao,3,1990,5,1990,8,ASO,0.27333333333333304,-0.12999999999999992,-0.2923333333333334,-1.0892666666666668,1990.375,41.42666666666662,87.44999999999999
temperatura,3,1990,5,1990,8,ASO,0.27333333333333304,-0.12999999999999992,-0.2923333333333334,-1.0892666666666668,1990.375,0.9502966666666701,-1.250046666666666
precipitacao,3,1990,6,1990,9,SON,0.2566666666666664,-0.19666666666666657,-0.434,-1.1963000000000001,1990.4583333333333,58.833333333333314,21.650000000000034
temperatura,3,1990,6,1990,9,SON,0.2566666666666664,-0.19666666666666657,-0.434,-1.1963000000000001,1990.4583333333333,0.7193622222222231,0.0002822222222214066
precipitacao,3,1990,7,1990,10,OND,0.253333333333333,-0.33333333333333326,-0.38766666666666677,-0.9751333333333335,1990.5416666666667,13.953333333333347,-64.62333333333339
temperatura,3,1990,7,1990,10,OND,0.253333333333333,-0.33333333333333326,-0.38766666666666677,-0.9751333333333335,1990.5416666666667,0.11944111111111155,0.6393288888888904
precipitacao,3,1990,8,1990,11,NDJ,0.2766666666666664,-0.3099999999999999,-0.40166666666666667,-0.21876666666666686,1990.625,44.329999999999956,95.40999999999997
temperatura,3,1990,8,1990,11,NDJ,0.2766666666666664,-0.3099999999999999,-0.40166666666666667,-0.21876666666666686,1990.625,-0.9899366666666634,0.15189000000000163
precipitacao,3,1990,9,1990,12,DJF,0.2966666666666664,-0.3066666666666666,-0.27333333333333343,0.24406666666666652,1990.7083333333333,84.70333333333335,154.3900000000001
temperatura,3,1990,9,1990,12,DJF,0.2966666666666664,-0.3066666666666666,-0.27333333333333343,0.24406666666666652,1990.7083333333333,-1.3312388888888869,-0.8845844444444424
precipitacao,3,1990,10,1991,1,JFM,0.29999999999999977,-0.2266666666666666,-0.3063333333333334,0.6954333333333332,1990.7916666666667,135.66666666666666,269.03
temperatura,3,1990,10,1991,1,JFM,0.29999999999999977,-0.2266666666666666,-0.3063333333333334,0.6954333333333332,1990.7916666666667,-1.8963733333333312,-0.9222322222222203
precipitacao,3,1990,11,1991,2,FMA,0.29666666666666636,-0.11999999999999993,-0.20766666666666675,0.4205333333333332,1990.875,87.44999999999999,123.22666666666669
temperatura,3,1990,11,1991,2,FMA,0.29666666666666636,-0.11999999999999993,-0.20766666666666675,0.4205333333333332,1990.875,-1.250046666666666,-0.6499033333333308
precipitacao,3,1990,12,1991,3,MAM,0.3066666666666664,-0.05999999999999992,-0.14566666666666675,-0.17723333333333346,1990.9583333333333,21.650000000000034,97.93333333333334
temperatura,3,1990,12,1991,3,MAM,0.3066666666666664,-0.05999999999999992,-0.14566666666666675,-0.17723333333333346,1990.9583333333333,0.0002822222222214066,-0.23527111111111054
precipitacao,3,1991,1,1991,4,AMJ,0.33333333333333304,-0.0866666666666666,-0.009000000000000072,0.06606666666666654,1991.0416666666667,-64.62333333333339,85.95333333333329
temperatura,3,1991,1,1991,4,AMJ,0.33333333333333304,-0.0866666666666666,-0.009000000000000072,0.06606666666666654,1991.0416666666667,0.6393288888888904,0.1877077777777778
precipitacao,3,1991,2,1991,5,MJJ,0.3166666666666664,-0.14999999999999994,-0.00966666666666674,-0.0981666666666668,1991.125,95.40999999999997,31.529999999999973
temperatura,3,1991,2,1991,5,MJJ,0.3166666666666664,-0.14999999999999994,-0.00966666666666674,-0.0981666666666668,1991.125,0.15189000000000163,-0.018636666666665747
precipitacao,3,1991,3,1991,6,JJA,0.27999999999999975,-0.20666666666666658,-0.023000000000000076,0.17983333333333318,1991.2083333333333,154.3900000000001,22.203333333333347
temperatura,3,1991,3,1991,6,JJA,0.27999999999999975,-0.20666666666666658,-0.023000000000000076,0.17983333333333318,1991.2083333333333,-0.8845844444444424,-0.11800555555555547
precipitacao,3,1991,4,1991,7,JAS,0.25999999999999973,-0.1366666666666666,0.05133333333333325,-0.32293333333333346,1991.2916666666667,269.03,-21.03333333333333
temperatura,3,1991,4,1991,7,JAS,0.25999999999999973,-0.1366666666666666,0.05133333333333325,-0.32293333333333346,1991.2916666666667,-0.9222322222222203,-0.7409399999999984
precipitacao,3,1991,5,1991,8,ASO,0.3366666666666664,-0.02333333333333325,0.20999999999999994,-0.2185666666666668,1991.375,123.22666666666669,21.55000000000001
temperatura,3,1991,5,1991,8,ASO,0.3366666666666664,-0.02333333333333325,0.20999999999999994,-0.2185666666666668,1991.375,-0.6499033333333308,-0.645146666666669
precipitacao,3,1991,6,1991,9,SON,0.46999999999999975,0.09000000000000008,0.3099999999999999,-0.7775333333333334,1991.4583333333333,97.93333333333334,-25.349999999999966
temperatura,3,1991,6,1991,9,SON,0.46999999999999975,0.09000000000000008,0.3099999999999999,-0.7775333333333334,1991.4583333333333,-0.23527111111111054,-0.5527844444444447
precipitacao,3,1991,7,1991,10,OND,0.6299999999999998,0.02333333333333341,0.3036666666666666,-0.9711333333333334,1991.5416666666667,85.95333333333329,-34.32333333333338
temperatura,3,1991,7,1991,10,OND,0.6299999999999998,0.02333333333333341,0.3036666666666666,-0.9711333333333334,1991.5416666666667,0.1877077777777778,0.051262222222220544
precipitacao,3,1991,8,1991,11,NDJ,0.6899999999999998,-0.19666666666666663,0.19666666666666663,-0.7797666666666668,1991.625,31.529999999999973,-28.789999999999964
temperatura,3,1991,8,1991,11,NDJ,0.6899999999999998,-0.19666666666666663,0.19666666666666663,-0.7797666666666668,1991.625,-0.018636666666665747,-0.05551000000000528
precipitacao,3,1991,9,1991,12,DJF,0.7199999999999998,-0.41,0.14199999999999993,-0.5659000000000002,1991.7083333333333,22.203333333333347,-27.1099999999999
temperatura,3,1991,9,1991,12,DJF,0.7199999999999998,-0.41,0.14199999999999993,-0.5659000000000002,1991.7083333333333,-0.11800555555555547,-0.09461777777777769
precipitacao,3,1991,10,1992,1,JFM,0.7399999999999998,-0.5399999999999999,0.041999999999999926,-0.36690000000000017,1991.7916666666667,-21.03333333333333,-27.16999999999996
temperatura,3,1991,10,1992,1,JFM,0.7399999999999998,-0.5399999999999999,0.041999999999999926,-0.36690000000000017,1991.7916666666667,-0.7409399999999984,-0.15269888888888516
precipitacao,3,1991,11,1992,2,FMA,0.9099999999999996,-0.5399999999999999,0.03599999999999993,-0.6468000000000002,1991.875,21.55000000000001,-65.87333333333333
temperatura,3,1991,11,1992,2,FMA,0.9099999999999996,-0.5399999999999999,0.03599999999999993,-0.6468000000000002,1991.875,-0.645146666666669,0.09866333333333799
precipitacao,3,1991,12,1992,3,MAM,1.1466666666666663,-0.48333333333333334,0.030999999999999927,-1.1649666666666667,1991.9583333333333,-25.349999999999966,59.43333333333334
temperatura,3,1991,12,1992,3,MAM,1.1466666666666663,-0.48333333333333334,0.030999999999999927,-1.1649666666666667,1991.9583333333333,-0.5527844444444447,0.5147288888888895
precipitacao,3,1992,1,1992,4,AMJ,1.3833333333333329,-0.48999999999999994,-0.06566666666666675,-0.9330333333333335,1992.0416666666667,-34.32333333333338,5.453333333333347
temperatura,3,1992,1,1992,4,AMJ,1.3833333333333329,-0.48999999999999994,-0.06566666666666675,-0.9330333333333335,1992.0416666666667,0.051262222222220544,0.7742744444444405
precipitacao,3,1992,2,1992,5,MJJ,1.4899999999999995,-0.49333333333333335,-0.2083333333333334,-1.2072333333333336,1992.125,-28.789999999999964,114.53
temperatura,3,1992,2,1992,5,MJJ,1.4899999999999995,-0.49333333333333335,-0.2083333333333334,-1.2072333333333336,1992.125,-0.05551000000000528,0.5265300000000046
precipitacao,3,1992,3,1992,6,JJA,1.4799999999999998,-0.6266666666666666,-0.46000000000000013,-0.8548333333333336,1992.2083333333333,-27.1099999999999,40.80333333333337
temperatura,3,1992,3,1992,6,JJA,1.4799999999999998,-0.6266666666666666,-0.46000000000000013,-0.8548333333333336,1992.2083333333333,-0.09461777777777769,-0.4029388888888903
precipitacao,3,1992,4,1992,7,JAS,1.3999999999999997,-0.7166666666666667,-0.5373333333333334,-1.0254666666666667,1992.2916666666667,-27.16999999999996,99.06666666666669
temperatura,3,1992,4,1992,7,JAS,1.3999999999999997,-0.7166666666666667,-0.5373333333333334,-1.0254666666666667,1992.2916666666667,-0.15269888888888516,-1.2825399999999973
precipitacao,3,1992,5,1992,8,ASO,1.2599999999999998,-0.8766666666666666,-0.5910000000000001,-1.1605333333333334,1992.375,-65.87333333333333,37.75
temperatura,3,1992,5,1992,8,ASO,1.2599999999999998,-0.8766666666666666,-0.5910000000000001,-1.1605333333333334,1992.375,0.09866333333333799,-1.281413333333333
precipitacao,3,1992,6,1992,9,SON,1.033333333333333,-1.0,-0.6543333333333335,-1.5548666666666666,1992.4583333333333,59.43333333333334,-8.25
temperatura,3,1992,6,1992,9,SON,1.033333333333333,-1.0,-0.6543333333333335,-1.5548666666666666,1992.4583333333333,0.5147288888888895,-0.9644177777777792
precipitacao,3,1992,7,1992,10,OND,0.7166666666666663,-0.9933333333333333,-0.6296666666666667,-1.5971666666666666,1992.5416666666667,5.453333333333347,-6.223333333333358
temperatura,3,1992,7,1992,10,OND,0.7166666666666663,-0.9933333333333333,-0.6296666666666667,-1.5971666666666666,1992.5416666666667,0.7742744444444405,-0.85747111111111
precipitacao,3,1992,8,1992,11,NDJ,0.3833333333333329,-0.9433333333333334,-0.7026666666666669,-1.0363333333333333,1992.625,114.53,-104.68999999999994
temperatura,3,1992,8,1992,11,NDJ,0.3833333333333329,-0.9433333333333334,-0.7026666666666669,-1.0363333333333333,1992.625,0.5265300000000046,-0.4814433333333348
precipitacao,3,1992,9,1992,12,DJF,0.09333333333333295,-0.8066666666666666,-0.6933333333333334,-0.16023333333333334,1992.7083333333333,40.80333333333337,-4.209999999999923
temperatura,3,1992,9,1992,12,DJF,0.09333333333333295,-0.8066666666666666,-0.6933333333333334,-0.16023333333333334,1992.7083333333333,-0.4029388888888903,-0.5453177777777825
precipitacao,3,1992,10,1993,1,JFM,-0.09666666666666705,-0.7666666666666666,-0.7426666666666667,-0.07796666666666667,1992.7916666666667,99.06666666666669,-13.86999999999989
temperatura,3,1992,10,1993,1,JFM,-0.09666666666666705,-0.7666666666666666,-0.7426666666666667,-0.07796666666666667,1992.7916666666667,-1.2825399999999973,-0.0012322222222209689
precipitacao,3,1992,11,1993,2,FMA,-0.2033333333333337,-0.8033333333333332,-0.6200000000000001,0.07913333333333333,1992.875,37.75,87.92666666666662
temperatura,3,1992,11,1993,2,FMA,-0.2033333333333337,-0.8033333333333332,-0.6200000000000001,0.07913333333333333,1992.875,-1.281413333333333,0.026763333333335027
precipitacao,3,1992,12,1993,3,MAM,-0.17000000000000037,-0.7799999999999999,-0.4476666666666667,0.015333333333333329,1992.9583333333333,-8.25,48.93333333333334
temperatura,3,1992,12,1993,3,MAM,-0.17000000000000037,-0.7799999999999999,-0.4476666666666667,0.015333333333333329,1992.9583333333333,-0.9644177777777792,0.3569622222222222
precipitacao,3,1993,1,1993,4,AMJ,-0.05333333333333371,-0.7299999999999999,-0.3040000000000001,-0.5517333333333333,1993.0416666666667,-6.223333333333358,39.55333333333334
temperatura,3,1993,1,1993,4,AMJ,-0.05333333333333371,-0.7299999999999999,-0.3040000000000001,-0.5517333333333333,1993.0416666666667,-0.85747111111111,-0.08522555555555655
precipitacao,3,1993,2,1993,5,MJJ,0.12999999999999964,-0.5366666666666666,-0.15900000000000006,-0.4466666666666666,1993.125,-104.68999999999994,1.629999999999967
temperatura,3,1993,2,1993,5,MJJ,0.12999999999999964,-0.5366666666666666,-0.15900000000000006,-0.4466666666666666,1993.125,-0.4814433333333348,-0.034336666666664684
precipitacao,3,1993,3,1993,6,JJA,0.31333333333333296,-0.4733333333333332,-0.15200000000000008,-0.6537333333333333,1993.2083333333333,-4.209999999999923,-9.49666666666667
temperatura,3,1993,3,1993,6,JJA,0.31333333333333296,-0.4733333333333332,-0.15200000000000008,-0.6537333333333333,1993.2083333333333,-0.5453177777777825,-0.6186388888888885
precipitacao,3,1993,4,1993,7,JAS,0.5133333333333329,-0.3133333333333333,-0.14700000000000008,0.04886666666666667,1993.2916666666667,-13.86999999999989,78.06666666666669
temperatura,3,1993,4,1993,7,JAS,0.5133333333333329,-0.3133333333333333,-0.14700000000000008,0.04886666666666667,1993.2916666666667,-0.0012322222222209689,-0.6726733333333286
precipitacao,3,1993,5,1993,8,ASO,0.663333333333333,-0.2899999999999999,-0.16766666666666674,0.32316666666666666,1993.375,87.92666666666662,74.55000000000001
temperatura,3,1993,5,1993,8,ASO,0.663333333333333,-0.2899999999999999,-0.16766666666666674,0.32316666666666666,1993.375,0.026763333333335027,-0.7188133333333333
precipitacao,3,1993,6,1993,9,SON,0.683333333333333,-0.2566666666666666,-0.10533333333333343,0.855,1993.4583333333333,48.93333333333334,38.25000000000006
temperatura,3,1993,6,1993,9,SON,0.683333333333333,-0.2566666666666666,-0.10533333333333343,0.855,1993.4583333333333,0.3569622222222222,0.344748888888887
precipitacao,3,1993,7,1993,10,OND,0.5333333333333329,-0.2899999999999999,-0.09566666666666675,1.4783000000000002,1993.5416666666667,39.55333333333334,-107.52333333333337
temperatura,3,1993,7,1993,10,OND,0.5333333333333329,-0.2899999999999999,-0.09566666666666675,1.4783000000000002,1993.5416666666667,-0.08522555555555655,0.6719288888888926
precipitacao,3,1993,8,1993,11,NDJ,0.353333333333333,-0.2366666666666666,-0.18866666666666676,1.4193,1993.625,1.629999999999967,-151.78999999999996
temperatura,3,1993,8,1993,11,NDJ,0.353333333333333,-0.2366666666666666,-0.18866666666666676,1.4193,1993.625,-0.034336666666664684,0.23179000000000016
precipitacao,3,1993,9,1993,12,DJF,0.23333333333333295,-0.02333333333333326,-0.2093333333333334,1.367,1993.7083333333333,-9.49666666666667,-101.80999999999995
temperatura,3,1993,9,1993,12,DJF,0.23333333333333295,-0.02333333333333326,-0.2093333333333334,1.367,1993.7083333333333,-0.6186388888888885,0.21991555555555564
precipitacao,3,1993,10,1994,1,JFM,0.20666666666666625,0.2033333333333334,-0.21066666666666678,0.964,1993.7916666666667,78.06666666666669,-57.870000000000005
temperatura,3,1993,10,1994,1,JFM,0.20666666666666625,0.2033333333333334,-0.21066666666666678,0.964,1993.7916666666667,-0.6726733333333286,0.027434444444445205
precipitacao,3,1993,11,1994,2,FMA,0.2,0.44666666666666677,-0.15833333333333344,0.7109333333333333,1993.875,74.55000000000001,42.22666666666669
temperatura,3,1993,11,1994,2,FMA,0.2,0.44666666666666677,-0.15833333333333344,0.7109333333333333,1993.875,-0.7188133333333333,0.14796333333333678
precipitacao,3,1993,12,1994,3,MAM,0.19666666666666624,0.42666666666666675,-0.17033333333333342,0.6999666666666666,1993.9583333333333,38.25000000000006,80.43333333333334
temperatura,3,1993,12,1994,3,MAM,0.19666666666666624,0.42666666666666675,-0.17033333333333342,0.6999666666666666,1993.9583333333333,0.344748888888887,0.06989555555555427
precipitacao,3,1994,1,1994,4,AMJ,0.15333333333333296,0.2666666666666667,-0.11000000000000008,0.6915,1994.0416666666667,-107.52333333333337,96.15333333333334
temperatura,3,1994,1,1994,4,AMJ,0.15333333333333296,0.2666666666666667,-0.11000000000000008,0.6915,1994.0416666666667,0.6719288888888926,-0.03262555555555835
precipitacao,3,1994,2,1994,5,MJJ,0.08666666666666627,0.030000000000000065,-0.1090000000000001,0.9692666666666666,1994.125,-151.78999999999996,79.72999999999999
temperatura,3,1994,2,1994,5,MJJ,0.08666666666666627,0.030000000000000065,-0.1090000000000001,0.9692666666666666,1994.125,0.23179000000000016,0.04296333333333635
precipitacao,3,1994,3,1994,6,JJA,0.036666666666666264,-0.08333333333333327,0.026999999999999913,0.8576666666666668,1994.2083333333333,-101.80999999999995,0.20333333333334735
temperatura,3,1994,3,1994,6,JJA,0.036666666666666264,-0.08333333333333327,0.026999999999999913,0.8576666666666668,1994.2083333333333,0.21991555555555564,-0.6736055555555538
precipitacao,3,1994,4,1994,7,JAS,0.0699999999999996,-0.12333333333333325,0.13566666666666657,0.5992666666666667,1994.2916666666667,-57.870000000000005,-84.63333333333333
temperatura,3,1994,4,1994,7,JAS,0.0699999999999996,-0.12333333333333325,0.13566666666666657,0.5992666666666667,1994.2916666666667,0.027434444444445205,-0.053206666666664404
precipitacao,3,1994,5,1994,8,ASO,0.15333333333333293,-0.15333333333333327,0.3656666666666666,0.1627,1994.375,42.22666666666669,-110.85000000000002
temperatura,3,1994,5,1994,8,ASO,0.15333333333333293,-0.15333333333333327,0.3656666666666666,0.1627,1994.375,0.14796333333333678,0.4092199999999977
precipitacao,3,1994,6,1994,9,SON,0.21666666666666626,-0.28333333333333327,0.44266666666666654,-0.6290333333333333,1994.4583333333333,80.43333333333334,-71.35000000000002
temperatura,3,1994,6,1994,9,SON,0.21666666666666626,-0.28333333333333327,0.44266666666666654,-0.6290333333333333,1994.4583333333333,0.06989555555555427,0.93688222222222
precipitacao,3,1994,7,1994,10,OND,0.2599999999999996,-0.4133333333333333,0.5113333333333333,-0.7756,1994.5416666666667,96.15333333333334,51.27666666666664
temperatura,3,1994,7,1994,10,OND,0.2599999999999996,-0.4133333333333333,0.5113333333333333,-0.7756,1994.5416666666667,-0.03262555555555835,0.9413622222222244
precipitacao,3,1994,8,1994,11,NDJ,0.27666666666666623,-0.45999999999999996,0.6003333333333333,-0.08806666666666674,1994.625,79.72999999999999,82.40999999999997
temperatura,3,1994,8,1994,11,NDJ,0.27666666666666623,-0.45999999999999996,0.6003333333333333,-0.08806666666666674,1994.625,0.04296333333333635,0.8980233333333345
precipitacao,3,1994,9,1994,12,DJF,0.35666666666666624,-0.39666666666666656,0.6323333333333333,0.1569,1994.7083333333333,0.20333333333334735,292.4900000000001
temperatura,3,1994,9,1994,12,DJF,0.35666666666666624,-0.39666666666666656,0.6323333333333333,0.1569,1994.7083333333333,-0.6736055555555538,0.5590155555555576
precipitacao,3,1994,10,1995,1,JFM,0.4766666666666663,-0.31333333333333324,0.6823333333333332,0.1283666666666667,1994.7916666666667,-84.63333333333333,243.42999999999995
temperatura,3,1994,10,1995,1,JFM,0.4766666666666663,-0.31333333333333324,0.6823333333333332,0.1283666666666667,1994.7916666666667,-0.053206666666664404,0.24073444444444903
precipitacao,3,1994,11,1995,2,FMA,0.6866666666666662,-0.2266666666666666,0.5076666666666666,-0.7724666666666667,1994.875,-110.85000000000002,223.52666666666664
temperatura,3,1994,11,1995,2,FMA,0.6866666666666662,-0.2266666666666666,0.5076666666666666,-0.7724666666666667,1994.875,0.4092199999999977,-0.3021033333333314
precipitacao,3,1994,12,1995,3,MAM,0.8533333333333329,-0.14999999999999994,0.4189999999999999,-0.14589999999999995,1994.9583333333333,-71.35000000000002,37.633333333333326
temperatura,3,1994,12,1995,3,MAM,0.8533333333333329,-0.14999999999999994,0.4189999999999999,-0.14589999999999995,1994.9583333333333,0.93688222222222,-0.1859377777777773
precipitacao,3,1995,1,1995,4,AMJ,0.9266666666666663,-0.03666666666666659,0.2296666666666666,0.5295333333333333,1995.0416666666667,51.27666666666664,7.753333333333359
temperatura,3,1995,1,1995,4,AMJ,0.9266666666666663,-0.03666666666666659,0.2296666666666666,0.5295333333333333,1995.0416666666667,0.9413622222222244,-0.16219222222222385
precipitacao,3,1995,2,1995,5,MJJ,0.8333333333333329,0.11333333333333341,0.18866666666666662,0.9713666666666665,1995.125,82.40999999999997,45.22999999999999
temperatura,3,1995,2,1995,5,MJJ,0.8333333333333329,0.11333333333333341,0.18866666666666662,0.9713666666666665,1995.125,0.8980233333333345,0.41976333333333216
precipitacao,3,1995,3,1995,6,JJA,0.663333333333333,0.2666666666666668,0.08433333333333326,0.609,1995.2083333333333,292.4900000000001,19.80333333333334
temperatura,3,1995,3,1995,6,JJA,0.663333333333333,0.2666666666666668,0.08433333333333326,0.609,1995.2083333333333,0.5590155555555576,0.9365277777777763
precipitacao,3,1995,4,1995,7,JAS,0.43333333333333296,0.3400000000000001,-0.035666666666666735,0.3424333333333333,1995.2916666666667,243.42999999999995,35.666666666666686
temperatura,3,1995,4,1995,7,JAS,0.43333333333333296,0.3400000000000001,-0.035666666666666735,0.3424333333333333,1995.2916666666667,0.24073444444444903,0.9535933333333375
precipitacao,3,1995,5,1995,8,ASO,0.22666666666666632,0.3066666666666667,-0.17400000000000007,0.6303666666666666,1995.375,223.52666666666664,144.64999999999998
temperatura,3,1995,5,1995,8,ASO,0.22666666666666632,0.3066666666666667,-0.17400000000000007,0.6303666666666666,1995.375,-0.3021033333333314,0.09665333333333237
precipitacao,3,1995,6,1995,9,SON,0.0366666666666663,0.28666666666666674,-0.18333333333333338,0.41449999999999987,1995.4583333333333,37.633333333333326,83.85000000000002
temperatura,3,1995,6,1995,9,SON,0.0366666666666663,0.28666666666666674,-0.18333333333333338,0.41449999999999987,1995.4583333333333,-0.1859377777777773,-0.6072177777777803
precipitacao,3,1995,7,1995,10,OND,-0.12666666666666704,0.22000000000000008,-0.16600000000000006,-0.8050000000000002,1995.5416666666667,7.753333333333359,28.076666666666597
temperatura,3,1995,7,1995,10,OND,-0.12666666666666704,0.22000000000000008,-0.16600000000000006,-0.8050000000000002,1995.5416666666667,-0.16219222222222385,-0.8181377777777783
precipitacao,3,1995,8,1995,11,NDJ,-0.3200000000000004,0.0533333333333334,-0.1303333333333334,-1.5027333333333335,1995.625,45.22999999999999,-104.08999999999997
temperatura,3,1995,8,1995,11,NDJ,-0.3200000000000004,0.0533333333333334,-0.1303333333333334,-1.5027333333333335,1995.625,0.41976333333333216,-0.1388766666666683
precipitacao,3,1995,9,1995,12,DJF,-0.5533333333333338,-0.11999999999999994,-0.16433333333333341,-0.8443000000000002,1995.7083333333333,19.80333333333334,-17.209999999999923
temperatura,3,1995,9,1995,12,DJF,-0.5533333333333338,-0.11999999999999994,-0.16433333333333341,-0.8443000000000002,1995.7083333333333,0.9365277777777763,0.03178222222221905
precipitacao,3,1995,10,1996,1,JFM,-0.776666666666667,-0.23999999999999996,-0.23033333333333342,0.13993333333333316,1995.7916666666667,35.666666666666686,86.02999999999997
temperatura,3,1995,10,1996,1,JFM,-0.776666666666667,-0.23999999999999996,-0.23033333333333342,0.13993333333333316,1995.7916666666667,0.9535933333333375,0.3070677777777817
precipitacao,3,1995,11,1996,2,FMA,-0.9433333333333337,-0.17333333333333326,-0.28066666666666673,0.4197333333333331,1995.875,144.64999999999998,82.62666666666661
temperatura,3,1995,11,1996,2,FMA,-0.9433333333333337,-0.17333333333333326,-0.28066666666666673,0.4197333333333331,1995.875,0.09665333333333237,0.07906333333333748
precipitacao,3,1995,12,1996,3,MAM,-1.0100000000000005,-0.19666666666666663,-0.19066666666666676,0.5185333333333332,1995.9583333333333,83.85000000000002,77.93333333333334
temperatura,3,1995,12,1996,3,MAM,-1.0100000000000005,-0.19666666666666663,-0.19066666666666676,0.5185333333333332,1995.9583333333333,-0.6072177777777803,-0.15927111111111003
precipitacao,3,1996,1,1996,4,AMJ,-0.9800000000000004,-0.15666666666666662,-0.07533333333333342,0.6482333333333332,1996.0416666666667,28.076666666666597,12.953333333333347
temperatura,3,1996,1,1996,4,AMJ,-0.9800000000000004,-0.15666666666666662,-0.07533333333333342,0.6482333333333332,1996.0416666666667,-0.8181377777777783,-0.5636922222222225
precipitacao,3,1996,2,1996,5,MJJ,-0.8633333333333337,-0.08333333333333327,0.011999999999999905,0.4255999999999998,1996.125,-104.08999999999997,-14.770000000000039
temperatura,3,1996,2,1996,5,MJJ,-0.8633333333333337,-0.08333333333333327,0.011999999999999905,0.4255999999999998,1996.125,-0.1388766666666683,-1.1589366666666638
precipitacao,3,1996,3,1996,6,JJA,-0.7000000000000003,0.04333333333333339,-0.04633333333333343,0.1168666666666665,1996.2083333333333,-17.209999999999923,-41.29666666666665
temperatura,3,1996,3,1996,6,JJA,-0.7000000000000003,0.04333333333333339,-0.04633333333333343,0.1168666666666665,1996.2083333333333,0.03178222222221905,-1.2453722222222208
precipitacao,3,1996,4,1996,7,JAS,-0.5266666666666671,0.2066666666666667,-0.1623333333333334,0.04449999999999982,1996.2916666666667,86.02999999999997,48.166666666666686
temperatura,3,1996,4,1996,7,JAS,-0.5266666666666671,0.2066666666666667,-0.1623333333333334,0.04449999999999982,1996.2916666666667,0.3070677777777817,-1.3627399999999987
precipitacao,3,1996,5,1996,8,ASO,-0.3766666666666671,0.2966666666666667,-0.2400000000000001,0.5472333333333331,1996.375,82.62666666666661,109.24999999999994
temperatura,3,1996,5,1996,8,ASO,-0.3766666666666671,0.2966666666666667,-0.2400000000000001,0.5472333333333331,1996.375,0.07906333333333748,-0.9347133333333346
precipitacao,3,1996,6,1996,9,SON,-0.2833333333333337,0.44333333333333336,-0.34333333333333343,0.2820666666666665,1996.4583333333333,77.93333333333334,147.35000000000002
temperatura,3,1996,6,1996,9,SON,-0.2833333333333337,0.44333333333333336,-0.34333333333333343,0.2820666666666665,1996.4583333333333,-0.15927111111111003,-0.872784444444445
precipitacao,3,1996,7,1996,10,OND,-0.23666666666666702,0.46666666666666673,-0.43500000000000005,0.25069999999999987,1996.5416666666667,12.953333333333347,120.67666666666662
temperatura,3,1996,7,1996,10,OND,-0.23666666666666702,0.46666666666666673,-0.43500000000000005,0.25069999999999987,1996.5416666666667,-0.5636922222222225,-0.3888377777777734
precipitacao,3,1996,8,1996,11,NDJ,-0.2433333333333337,0.37333333333333335,-0.5733333333333334,-0.5776666666666669,1996.625,-14.770000000000039,114.50999999999999
temperatura,3,1996,8,1996,11,NDJ,-0.2433333333333337,0.37333333333333335,-0.5733333333333334,-0.5776666666666669,1996.625,-1.1589366666666638,-0.3042100000000012
precipitacao,3,1996,9,1996,12,DJF,-0.2633333333333337,0.18333333333333335,-0.6790000000000002,-0.9318000000000003,1996.7083333333333,-41.29666666666665,15.190000000000055
temperatura,3,1996,9,1996,12,DJF,-0.2633333333333337,0.18333333333333335,-0.6790000000000002,-0.9318000000000003,1996.7083333333333,-1.2453722222222208,-0.050684444444446086
precipitacao,3,1996,10,1997,1,JFM,-0.3000000000000004,0.013333333333333369,-0.8340000000000002,-0.6168666666666669,1996.7916666666667,48.166666666666686,-117.67000000000002
temperatura,3,1996,10,1997,1,JFM,-0.3000000000000004,0.013333333333333369,-0.8340000000000002,-0.6168666666666669,1996.7916666666667,-1.3627399999999987,-0.45176555555555353
precipitacao,3,1996,11,1997,2,FMA,-0.34000000000000036,-0.05666666666666662,-0.8726666666666668,-0.6718666666666668,1996.875,109.24999999999994,-138.7733333333333
temperatura,3,1996,11,1997,2,FMA,-0.34000000000000036,-0.05666666666666662,-0.8726666666666668,-0.6718666666666668,1996.875,-0.9347133333333346,-0.6640033333333335
precipitacao,3,1996,12,1997,3,MAM,-0.376666666666667,-0.1633333333333333,-0.7730000000000001,-0.2414333333333335,1996.9583333333333,147.35000000000002,-73.76666666666668
temperatura,3,1996,12,1997,3,MAM,-0.376666666666667,-0.1633333333333333,-0.7730000000000001,-0.2414333333333335,1996.9583333333333,-0.872784444444445,-0.7230377777777761
precipitacao,3,1997,1,1997,4,AMJ,-0.4033333333333337,-0.3133333333333333,-0.44000000000000017,-0.4403666666666668,1997.0416666666667,120.67666666666662,59.05333333333331
temperatura,3,1997,1,1997,4,AMJ,-0.4033333333333337,-0.3133333333333333,-0.44000000000000017,-0.4403666666666668,1997.0416666666667,-0.3888377777777734,-0.5303922222222219
precipitacao,3,1997,2,1997,5,MJJ,-0.3600000000000003,-0.49333333333333335,-0.14800000000000013,0.03386666666666655,1997.125,114.50999999999999,21.829999999999984
temperatura,3,1997,2,1997,5,MJJ,-0.3600000000000003,-0.49333333333333335,-0.14800000000000013,0.03386666666666655,1997.125,-0.3042100000000012,0.01556333333333626
precipitacao,3,1997,3,1997,6,JJA,-0.23333333333333373,-0.6566666666666666,0.003999999999999851,0.2752333333333332,1997.2083333333333,15.190000000000055,16.50333333333333
temperatura,3,1997,3,1997,6,JJA,-0.23333333333333373,-0.6566666666666666,0.003999999999999851,0.2752333333333332,1997.2083333333333,-0.050684444444446086,0.23772777777777776
precipitacao,3,1997,4,1997,7,JAS,0.0033333333333329662,-0.7433333333333333,0.05866666666666651,-0.00026666666666678535,1997.2916666666667,-117.67000000000002,0.9666666666666686
temperatura,3,1997,4,1997,7,JAS,0.0033333333333329662,-0.7433333333333333,0.05866666666666651,-0.00026666666666678535,1997.2916666666667,-0.45176555555555353,0.6947933333333367
precipitacao,3,1997,5,1997,8,ASO,0.32666666666666627,-0.84,0.04099999999999985,0.42383333333333323,1997.375,-138.7733333333333,138.34999999999997
temperatura,3,1997,5,1997,8,ASO,0.32666666666666627,-0.84,0.04099999999999985,0.42383333333333323,1997.375,-0.6640033333333335,0.506686666666667
precipitacao,3,1997,6,1997,9,SON,0.7133333333333329,-0.8933333333333334,0.05366666666666652,0.03763333333333322,1997.4583333333333,-73.76666666666668,216.75
temperatura,3,1997,6,1997,9,SON,0.7133333333333329,-0.8933333333333334,0.05366666666666652,0.03763333333333322,1997.4583333333333,-0.7230377777777761,0.8111822222222251
precipitacao,3,1997,7,1997,10,OND,1.1066666666666662,-0.7999999999999999,0.18466666666666653,0.45006666666666656,1997.5416666666667,59.05333333333331,151.9766666666667
temperatura,3,1997,7,1997,10,OND,1.1066666666666662,-0.7999999999999999,0.18466666666666653,0.45006666666666656,1997.5416666666667,-0.5303922222222219,0.9074955555555562
precipitacao,3,1997,8,1997,11,NDJ,1.4666666666666661,-0.6,0.38699999999999984,0.3634999999999999,1997.625,21.829999999999984,6.710000000000036
temperatura,3,1997,8,1997,11,NDJ,1.4666666666666661,-0.6,0.38699999999999984,0.3634999999999999,1997.625,0.01556333333333626,1.129756666666669
precipitacao,3,1997,9,1997,12,DJF,1.7699999999999996,-0.2533333333333333,0.6169999999999999,0.5567666666666665,1997.7083333333333,16.50333333333333,-6.6099999999999
temperatura,3,1997,9,1997,12,DJF,1.7699999999999996,-0.2533333333333333,0.6169999999999999,0.5567666666666665,1997.7083333333333,0.23772777777777776,0.8620822222222237
precipitacao,3,1997,10,1998,1,JFM,2.023333333333333,0.08000000000000003,0.7593333333333332,0.0986333333333332,1997.7916666666667,0.9666666666666686,10.730000000000018
temperatura,3,1997,10,1998,1,JFM,2.023333333333333,0.08000000000000003,0.7593333333333332,0.0986333333333332,1997.7916666666667,0.6947933333333367,0.8050677777777793
precipitacao,3,1997,11,1998,2,FMA,2.2066666666666666,0.37666666666666665,0.9746666666666665,-0.7923666666666668,1997.875,138.34999999999997,65.02666666666664
temperatura,3,1997,11,1998,2,FMA,2.2066666666666666,0.37666666666666665,0.9746666666666665,-0.7923666666666668,1997.875,0.506686666666667,0.6945633333333348
precipitacao,3,1997,12,1998,3,MAM,2.3166666666666664,0.61,1.0053333333333332,-1.1116000000000001,1997.9583333333333,216.75,80.33333333333331
temperatura,3,1997,12,1998,3,MAM,2.3166666666666664,0.61,1.0053333333333332,-1.1116000000000001,1997.9583333333333,0.8111822222222251,0.2603955555555544
precipitacao,3,1998,1,1998,4,AMJ,2.3099999999999996,0.5800000000000001,0.8889999999999998,-0.7758666666666668,1998.0416666666667,151.9766666666667,57.25333333333333
temperatura,3,1998,1,1998,4,AMJ,2.3099999999999996,0.5800000000000001,0.8889999999999998,-0.7758666666666668,1998.0416666666667,0.9074955555555562,-0.4500588888888899
precipitacao,3,1998,2,1998,5,MJJ,2.1666666666666665,0.5366666666666667,0.6033333333333332,-0.011133333333333495,1998.125,6.710000000000036,22.329999999999984
temperatura,3,1998,2,1998,5,MJJ,2.1666666666666665,0.5366666666666667,0.6033333333333332,-0.011133333333333495,1998.125,1.129756666666669,-0.6520699999999984
precipitacao,3,1998,3,1998,6,JJA,1.8433333333333328,0.3966666666666667,0.29733333333333317,0.5126666666666665,1998.2083333333333,-6.6099999999999,-54.39666666666666
temperatura,3,1998,3,1998,6,JJA,1.8433333333333328,0.3966666666666667,0.29733333333333317,0.5126666666666665,1998.2083333333333,0.8620822222222237,0.1109277777777784
precipitacao,3,1998,4,1998,7,JAS,1.446666666666666,0.3466666666666667,0.13799999999999985,1.0175999999999998,1998.2916666666667,10.730000000000018,53.866666666666674
temperatura,3,1998,4,1998,7,JAS,1.446666666666666,0.3466666666666667,0.13799999999999985,1.0175999999999998,1998.2916666666667,0.8050677777777793,0.6335600000000063
precipitacao,3,1998,5,1998,8,ASO,0.9433333333333328,0.2566666666666667,0.04399999999999985,0.8750333333333331,1998.375,65.02666666666664,80.34999999999997
temperatura,3,1998,5,1998,8,ASO,0.9433333333333328,0.2566666666666667,0.04399999999999985,0.8750333333333331,1998.375,0.6945633333333348,0.28525333333333336
precipitacao,3,1998,6,1998,9,SON,0.44999999999999957,0.26,0.11133333333333317,0.9733999999999998,1998.4583333333333,80.33333333333331,7.850000000000023
temperatura,3,1998,6,1998,9,SON,0.44999999999999957,0.26,0.11133333333333317,0.9733999999999998,1998.4583333333333,0.2603955555555544,-0.5836511111111129
precipitacao,3,1998,7,1998,10,OND,-0.10333333333333376,0.38000000000000006,-0.03266666666666682,0.8142999999999998,1998.5416666666667,57.25333333333333,-84.22333333333336
temperatura,3,1998,7,1998,10,OND,-0.10333333333333376,0.38000000000000006,-0.03266666666666682,0.8142999999999998,1998.5416666666667,-0.4500588888888899,-0.5874377777777724
precipitacao,3,1998,8,1998,11,NDJ,-0.5133333333333338,0.4466666666666667,-0.27266666666666683,1.1283666666666665,1998.625,22.329999999999984,46.40999999999997
temperatura,3,1998,8,1998,11,NDJ,-0.5133333333333338,0.4466666666666667,-0.27266666666666683,1.1283666666666665,1998.625,-0.6520699999999984,-0.1985100000000024
precipitacao,3,1998,9,1998,12,DJF,-0.8266666666666671,0.4166666666666667,-0.4870000000000001,0.7438999999999999,1998.7083333333333,-54.39666666666666,225.19000000000005
temperatura,3,1998,9,1998,12,DJF,-0.8266666666666671,0.4166666666666667,-0.4870000000000001,0.7438999999999999,1998.7083333333333,0.1109277777777784,0.1462822222222222
precipitacao,3,1998,10,1999,1,JFM,-0.9900000000000005,0.2166666666666667,-0.6063333333333335,0.3937333333333332,1998.7916666666667,53.866666666666674,197.02999999999997
temperatura,3,1998,10,1999,1,JFM,-0.9900000000000005,0.2166666666666667,-0.6063333333333335,0.3937333333333332,1998.7916666666667,0.6335600000000063,0.2151011111111103
precipitacao,3,1998,11,1999,2,FMA,-1.1500000000000006,0.13000000000000003,-0.6306666666666668,0.3647666666666665,1998.875,80.34999999999997,64.42666666666662
temperatura,3,1998,11,1999,2,FMA,-1.1500000000000006,0.13000000000000003,-0.6306666666666668,0.3647666666666665,1998.875,0.28525333333333336,-0.07056999999999647
precipitacao,3,1998,12,1999,3,MAM,-1.3000000000000005,-0.006666666666666626,-0.5773333333333335,0.8839666666666665,1998.9583333333333,7.850000000000023,-79.26666666666668
temperatura,3,1998,12,1999,3,MAM,-1.3000000000000005,-0.006666666666666626,-0.5773333333333335,0.8839666666666665,1998.9583333333333,-0.5836511111111129,-0.33627111111110963
precipitacao,3,1999,1,1999,4,AMJ,-1.4300000000000004,-0.06999999999999997,-0.37300000000000016,1.0838333333333332,1999.0416666666667,-84.22333333333336,-43.04666666666665
temperatura,3,1999,1,1999,4,AMJ,-1.4300000000000004,-0.06999999999999997,-0.37300000000000016,1.0838333333333332,1999.0416666666667,-0.5874377777777724,-0.6946922222222227
precipitacao,3,1999,2,1999,5,MJJ,-1.4100000000000004,-0.18999999999999995,-0.16800000000000015,0.9633999999999997,1999.125,46.40999999999997,-50.37000000000003
temperatura,3,1999,2,1999,5,MJJ,-1.4100000000000004,-0.18999999999999995,-0.16800000000000015,0.9633999999999997,1999.125,-0.1985100000000024,-0.4731366666666652
precipitacao,3,1999,3,1999,6,JJA,-1.2300000000000006,-0.14666666666666664,-0.022000000000000148,0.5451333333333331,1999.2083333333333,225.19000000000005,-37.396666666666675
temperatura,3,1999,3,1999,6,JJA,-1.2300000000000006,-0.14666666666666664,-0.022000000000000148,0.5451333333333331,1999.2083333333333,0.1462822222222222,-0.31333888888888595
precipitacao,3,1999,4,1999,7,JAS,-0.9933333333333337,-0.03333333333333329,0.020999999999999852,0.5285666666666665,1999.2916666666667,197.02999999999997,-62.43333333333332
temperatura,3,1999,4,1999,7,JAS,-0.9933333333333337,-0.03333333333333329,0.020999999999999852,0.5285666666666665,1999.2916666666667,0.2151011111111103,-0.03180666666666099
precipitacao,3,1999,5,1999,8,ASO,-0.8400000000000004,0.10000000000000005,-0.028333333333333478,0.9229333333333333,1999.375,64.42666666666662,-67.95000000000002
temperatura,3,1999,5,1999,8,ASO,-0.8400000000000004,0.10000000000000005,-0.028333333333333478,0.9229333333333333,1999.375,-0.07056999999999647,-0.797346666666666
precipitacao,3,1999,6,1999,9,SON,-0.8100000000000005,0.1666666666666667,-0.11100000000000014,0.42116666666666647,1999.4583333333333,-79.26666666666668,-70.54999999999995
temperatura,3,1999,6,1999,9,SON,-0.8100000000000005,0.1666666666666667,-0.11100000000000014,0.42116666666666647,1999.4583333333333,-0.33627111111110963,-1.337284444444446
precipitacao,3,1999,7,1999,10,OND,-0.8433333333333338,0.2466666666666667,-0.07366666666666681,0.20989999999999978,1999.5416666666667,-43.04666666666665,-69.32333333333338
temperatura,3,1999,7,1999,10,OND,-0.8433333333333338,0.2466666666666667,-0.07366666666666681,0.20989999999999978,1999.5416666666667,-0.6946922222222227,-1.4993377777777752
precipitacao,3,1999,8,1999,11,NDJ,-0.8933333333333339,0.30333333333333334,-0.004000000000000145,-0.32246666666666685,1999.625,-50.37000000000003,-9.790000000000077
temperatura,3,1999,8,1999,11,NDJ,-0.8933333333333339,0.30333333333333334,-0.004000000000000145,-0.32246666666666685,1999.625,-0.4731366666666652,-0.9082433333333348
precipitacao,3,1999,9,1999,12,DJF,-0.9466666666666671,0.2733333333333334,0.028333333333333186,0.11513333333333307,1999.7083333333333,-37.396666666666675,59.29000000000008
temperatura,3,1999,9,1999,12,DJF,-0.9466666666666671,0.2733333333333334,0.028333333333333186,0.11513333333333307,1999.7083333333333,-0.31333888888888595,-0.6129177777777812
precipitacao,3,1999,10,2000,1,JFM,-1.0233333333333337,0.16333333333333336,-0.07166666666666681,0.5610999999999997,1999.7916666666667,-62.43333333333332,111.83000000000004
temperatura,3,1999,10,2000,1,JFM,-1.0233333333333337,0.16333333333333336,-0.07166666666666681,0.5610999999999997,1999.7916666666667,-0.03180666666666099,-0.7204322222222181
precipitacao,3,1999,11,2000,2,FMA,-1.1600000000000004,0.09666666666666669,-0.11800000000000015,0.8473333333333329,1999.875,-67.95000000000002,38.42666666666668
temperatura,3,1999,11,2000,2,FMA,-1.1600000000000004,0.09666666666666669,-0.11800000000000015,0.8473333333333329,1999.875,-0.797346666666666,-0.6712699999999963
precipitacao,3,1999,12,2000,3,MAM,-1.3366666666666671,0.10000000000000003,-0.15100000000000016,1.4459666666666664,1999.9583333333333,-70.54999999999995,-39.56666666666669
temperatura,3,1999,12,2000,3,MAM,-1.3366666666666671,0.10000000000000003,-0.15100000000000016,1.4459666666666664,1999.9583333333333,-1.337284444444446,-0.32293777777777777
precipitacao,3,2000,1,2000,4,AMJ,-1.4500000000000004,0.04333333333333337,-0.12966666666666682,1.3192666666666664,2000.0416666666667,-69.32333333333338,-126.64666666666668
temperatura,3,2000,1,2000,4,AMJ,-1.4500000000000004,0.04333333333333337,-0.12966666666666682,1.3192666666666664,2000.0416666666667,-1.4993377777777752,0.26324111111111037
precipitacao,3,2000,2,2000,5,MJJ,-1.4200000000000006,0.03333333333333336,-0.09400000000000015,1.2256333333333331,2000.125,-9.790000000000077,-68.07000000000002
temperatura,3,2000,2,2000,5,MJJ,-1.4200000000000006,0.03333333333333336,-0.09400000000000015,1.2256333333333331,2000.125,-0.9082433333333348,-0.13930333333333422
precipitacao,3,2000,3,2000,6,JJA,-1.236666666666667,0.016666666666666694,0.0023333333333331783,0.6753999999999998,2000.2083333333333,59.29000000000008,29.20333333333332
temperatura,3,2000,3,2000,6,JJA,-1.236666666666667,0.016666666666666694,0.0023333333333331783,0.6753999999999998,2000.2083333333333,-0.6129177777777812,-0.40747222222222135
precipitacao,3,2000,4,2000,7,JAS,-1.0166666666666673,0.0766666666666667,0.09099999999999984,0.32849999999999974,2000.2916666666667,111.83000000000004,87.96666666666667
temperatura,3,2000,4,2000,7,JAS,-1.0166666666666673,0.0766666666666667,0.09099999999999984,0.32849999999999974,2000.2916666666667,-0.7204322222222181,-1.132639999999995
precipitacao,3,2000,5,2000,8,ASO,-0.8200000000000004,0.020000000000000028,0.13166666666666652,0.4976333333333331,2000.375,38.42666666666668,25.850000000000023
temperatura,3,2000,5,2000,8,ASO,-0.8200000000000004,0.020000000000000028,0.13166666666666652,0.4976333333333331,2000.375,-0.6712699999999963,-0.03794666666666657
precipitacao,3,2000,6,2000,9,SON,-0.7000000000000005,-0.033333333333333305,0.07733333333333318,0.49233333333333307,2000.4583333333333,-39.56666666666669,101.15000000000003
temperatura,3,2000,6,2000,9,SON,-0.7000000000000005,-0.033333333333333305,0.07733333333333318,0.49233333333333307,2000.4583333333333,-0.32293777777777777,0.31214888888888837
precipitacao,3,2000,7,2000,10,OND,-0.5900000000000004,-0.08666666666666663,0.055999999999999855,0.43429999999999974,2000.5416666666667,-126.64666666666668,87.57666666666671
temperatura,3,2000,7,2000,10,OND,-0.5900000000000004,-0.08666666666666663,0.055999999999999855,0.43429999999999974,2000.5416666666667,0.26324111111111037,0.6659622222222268
precipitacao,3,2000,8,2000,11,NDJ,-0.5000000000000004,-0.06999999999999998,0.061999999999999854,-0.16590000000000024,2000.625,-68.07000000000002,52.710000000000036
temperatura,3,2000,8,2000,11,NDJ,-0.5000000000000004,-0.06999999999999998,0.061999999999999854,-0.16590000000000024,2000.625,-0.13930333333333422,0.25919000000000025
precipitacao,3,2000,9,2000,12,DJF,-0.4333333333333338,-0.07666666666666665,0.037333333333333184,-0.8226000000000001,2000.7083333333333,29.20333333333332,-133.8099999999999
temperatura,3,2000,9,2000,12,DJF,-0.4333333333333338,-0.07666666666666665,0.037333333333333184,-0.8226000000000001,2000.7083333333333,-0.40747222222222135,0.4091488888888897
precipitacao,3,2000,10,2001,1,JFM,-0.4533333333333338,-0.0833333333333333,-0.03566666666666681,-0.726466666666667,2000.7916666666667,87.96666666666667,-123.16999999999996
temperatura,3,2000,10,2001,1,JFM,-0.4533333333333338,-0.0833333333333333,-0.03566666666666681,-0.726466666666667,2000.7916666666667,-1.132639999999995,0.7123677777777822
precipitacao,3,2000,11,2001,2,FMA,-0.5733333333333338,-0.11999999999999998,-0.18133333333333349,-1.0143333333333335,2000.875,25.850000000000023,-66.67333333333335
temperatura,3,2000,11,2001,2,FMA,-0.5733333333333338,-0.11999999999999998,-0.18133333333333349,-1.0143333333333335,2000.875,-0.03794666666666657,0.9832633333333369
precipitacao,3,2000,12,2001,3,MAM,-0.6933333333333338,-0.16666666666666666,-0.23200000000000012,-0.8268000000000001,2000.9583333333333,101.15000000000003,8.633333333333326
temperatura,3,2000,12,2001,3,MAM,-0.6933333333333338,-0.16666666666666666,-0.23200000000000012,-0.8268000000000001,2000.9583333333333,0.31214888888888837,0.6998288888888915
precipitacao,3,2001,1,2001,4,AMJ,-0.7666666666666672,-0.18333333333333332,-0.3283333333333335,-1.0994333333333335,2001.0416666666667,87.57666666666671,-51.94666666666666
temperatura,3,2001,1,2001,4,AMJ,-0.7666666666666672,-0.18333333333333332,-0.3283333333333335,-1.0994333333333335,2001.0416666666667,0.6659622222222268,0.47274111111110884
precipitacao,3,2001,2,2001,5,MJJ,-0.6933333333333338,-0.18000000000000002,-0.23166666666666683,-0.6753666666666668,2001.125,52.710000000000036,22.629999999999967
temperatura,3,2001,2,2001,5,MJJ,-0.6933333333333338,-0.18000000000000002,-0.23166666666666683,-0.6753666666666668,2001.125,0.25919000000000025,0.15709666666666777
precipitacao,3,2001,3,2001,6,JJA,-0.5766666666666672,-0.10999999999999999,-0.1523333333333335,-0.4302000000000002,2001.2083333333333,-133.8099999999999,28.903333333333364
temperatura,3,2001,3,2001,6,JJA,-0.5766666666666672,-0.10999999999999999,-0.1523333333333335,-0.4302000000000002,2001.2083333333333,0.4091488888888897,0.39539444444444527
precipitacao,3,2001,4,2001,7,JAS,-0.42000000000000054,-0.02999999999999998,0.03666666666666652,-0.10156666666666687,2001.2916666666667,-123.16999999999996,46.866666666666674
temperatura,3,2001,4,2001,7,JAS,-0.42000000000000054,-0.02999999999999998,0.03666666666666652,-0.10156666666666687,2001.2916666666667,0.7123677777777822,0.1024933333333351
precipitacao,3,2001,5,2001,8,ASO,-0.30333333333333384,0.043333333333333356,0.08766666666666652,-0.10066666666666686,2001.375,-66.67333333333335,-18.44999999999999
temperatura,3,2001,5,2001,8,ASO,-0.30333333333333384,0.043333333333333356,0.08766666666666652,-0.10066666666666686,2001.375,0.9832633333333369,-0.2544466666666665
precipitacao,3,2001,6,2001,9,SON,-0.18666666666666712,0.07666666666666669,0.1333333333333332,0.21296666666666644,2001.4583333333333,8.633333333333326,-64.05000000000001
temperatura,3,2001,6,2001,9,SON,-0.18666666666666712,0.07666666666666669,0.1333333333333332,0.21296666666666644,2001.4583333333333,0.6998288888888915,-0.17145111111111078
precipitacao,3,2001,7,2001,10,OND,-0.10666666666666715,0.01666666666666668,0.04133333333333319,-0.26813333333333356,2001.5416666666667,-51.94666666666666,15.17666666666662
temperatura,3,2001,7,2001,10,OND,-0.10666666666666715,0.01666666666666668,0.04133333333333319,-0.26813333333333356,2001.5416666666667,0.47274111111110884,-0.12263777777777563
precipitacao,3,2001,8,2001,11,NDJ,-0.08666666666666716,-0.043333333333333314,-0.10466666666666681,0.12269999999999977,2001.625,22.629999999999967,54.81000000000006
temperatura,3,2001,8,2001,11,NDJ,-0.08666666666666716,-0.043333333333333314,-0.10466666666666681,0.12269999999999977,2001.625,0.15709666666666777,-0.006809999999997984
precipitacao,3,2001,9,2001,12,DJF,-0.11000000000000047,-0.06999999999999999,-0.2213333333333335,0.3811333333333331,2001.7083333333333,28.903333333333364,55.29000000000008
temperatura,3,2001,9,2001,12,DJF,-0.11000000000000047,-0.06999999999999999,-0.2213333333333335,0.3811333333333331,2001.7083333333333,0.39539444444444527,-0.7673511111111146
precipitacao,3,2001,10,2002,1,JFM,-0.18000000000000047,-0.043333333333333314,-0.3250000000000001,1.1162666666666665,2001.7916666666667,46.866666666666674,-13.470000000000027
temperatura,3,2001,10,2002,1,JFM,-0.18000000000000047,-0.043333333333333314,-0.3250000000000001,1.1162666666666665,2001.7916666666667,0.1024933333333351,-0.024332222222220423
precipitacao,3,2001,11,2002,2,FMA,-0.24666666666666714,-0.02999999999999998,-0.30633333333333346,1.1447666666666665,2001.875,-18.44999999999999,-47.77333333333337
temperatura,3,2001,11,2002,2,FMA,-0.24666666666666714,-0.02999999999999998,-0.30633333333333346,1.1447666666666665,2001.875,-0.2544466666666665,0.6231300000000033
precipitacao,3,2001,12,2002,3,MAM,-0.30333333333333384,-0.09999999999999998,-0.24900000000000014,1.248833333333333,2001.9583333333333,-64.05000000000001,-24.366666666666674
temperatura,3,2001,12,2002,3,MAM,-0.30333333333333384,-0.09999999999999998,-0.24900000000000014,1.248833333333333,2001.9583333333333,-0.17145111111111078,1.6151622222222244
precipitacao,3,2002,1,2002,4,AMJ,-0.2666666666666671,-0.1533333333333333,-0.14600000000000013,1.0720999999999996,2002.0416666666667,15.17666666666662,-73.64666666666666
temperatura,3,2002,1,2002,4,AMJ,-0.2666666666666671,-0.1533333333333333,-0.14600000000000013,1.0720999999999996,2002.0416666666667,-0.12263777777777563,1.7421411111111098
precipitacao,3,2002,2,2002,5,MJJ,-0.13333333333333378,-0.25666666666666665,-0.09700000000000014,1.1848666666666665,2002.125,54.81000000000006,-80.27000000000002
temperatura,3,2002,2,2002,5,MJJ,-0.13333333333333378,-0.25666666666666665,-0.09700000000000014,1.1848666666666665,2002.125,-0.006809999999997984,1.2531300000000023
precipitacao,3,2002,3,2002,6,JJA,0.009999999999999542,-0.19333333333333333,-0.07733333333333348,0.0858333333333332,2002.2083333333333,55.29000000000008,-65.69666666666666
temperatura,3,2002,3,2002,6,JJA,0.009999999999999542,-0.19333333333333333,-0.07733333333333348,0.0858333333333332,2002.2083333333333,-0.7673511111111146,1.5946277777777773
precipitacao,3,2002,4,2002,7,JAS,0.10999999999999954,-0.12999999999999998,-0.14733333333333345,-0.10813333333333346,2002.2916666666667,-13.470000000000027,-30.53333333333333
temperatura,3,2002,4,2002,7,JAS,0.10999999999999954,-0.12999999999999998,-0.14733333333333345,-0.10813333333333346,2002.2916666666667,-0.024332222222220423,0.5594933333333358
precipitacao,3,2002,5,2002,8,ASO,0.1866666666666662,0.030000000000000016,-0.2243333333333335,-1.485666666666667,2002.375,-47.77333333333337,-52.85000000000002
temperatura,3,2002,5,2002,8,ASO,0.1866666666666662,0.030000000000000016,-0.2243333333333335,-1.485666666666667,2002.375,0.6231300000000033,1.3552533333333336
precipitacao,3,2002,6,2002,9,SON,0.29999999999999954,0.05666666666666668,-0.29000000000000015,-1.2485000000000002,2002.4583333333333,-24.366666666666674,-58.14999999999998
temperatura,3,2002,6,2002,9,SON,0.29999999999999954,0.05666666666666668,-0.29000000000000015,-1.2485000000000002,2002.4583333333333,1.6151622222222244,0.8945155555555573
precipitacao,3,2002,7,2002,10,OND,0.4399999999999995,0.13,-0.2596666666666668,-1.5004666666666668,2002.5416666666667,-73.64666666666666,-32.82333333333338
temperatura,3,2002,7,2002,10,OND,0.4399999999999995,0.13,-0.2596666666666668,-1.5004666666666668,2002.5416666666667,1.7421411111111098,1.512128888888892
precipitacao,3,2002,8,2002,11,NDJ,0.5499999999999995,0.01666666666666668,-0.21933333333333346,-0.6007666666666668,2002.625,-80.27000000000002,94.00999999999999
temperatura,3,2002,8,2002,11,NDJ,0.5499999999999995,0.01666666666666668,-0.21933333333333346,-0.6007666666666668,2002.625,1.2531300000000023,0.5365566666666659
precipitacao,3,2002,9,2002,12,DJF,0.6599999999999996,-0.06666666666666665,-0.061000000000000144,-0.5182666666666669,2002.7083333333333,-65.69666666666666,-26.409999999999968
temperatura,3,2002,9,2002,12,DJF,0.6599999999999996,-0.06666666666666665,-0.061000000000000144,-0.5182666666666669,2002.7083333333333,1.5946277777777773,0.7196822222222252
precipitacao,3,2002,10,2003,1,JFM,0.7999999999999995,-0.16999999999999996,0.16099999999999987,-1.1759666666666668,2002.7916666666667,-30.53333333333333,-63.56999999999999
temperatura,3,2002,10,2003,1,JFM,0.7999999999999995,-0.16999999999999996,0.16099999999999987,-1.1759666666666668,2002.7916666666667,0.5594933333333358,0.5476344444444408
precipitacao,3,2002,11,2003,2,FMA,0.9866666666666662,-0.18999999999999997,0.2623333333333332,-1.4506666666666668,2002.875,-52.85000000000002,-121.47333333333336
temperatura,3,2002,11,2003,2,FMA,0.9866666666666662,-0.18999999999999997,0.2623333333333332,-1.4506666666666668,2002.875,1.3552533333333336,0.7116299999999995
precipitacao,3,2002,12,2003,3,MAM,1.0866666666666662,-0.08666666666666663,0.11433333333333319,-0.7263333333333334,2002.9583333333333,-58.14999999999998,-36.06666666666669
temperatura,3,2002,12,2003,3,MAM,1.0866666666666662,-0.08666666666666663,0.11433333333333319,-0.7263333333333334,2002.9583333333333,0.8945155555555573,0.048895555555557024
precipitacao,3,2003,1,2003,4,AMJ,1.0566666666666662,0.01666666666666669,-0.10033333333333348,-0.20096666666666682,2003.0416666666667,-32.82333333333338,-62.14666666666665
temperatura,3,2003,1,2003,4,AMJ,1.0566666666666662,0.01666666666666669,-0.10033333333333348,-0.20096666666666682,2003.0416666666667,1.512128888888892,0.7055077777777754
precipitacao,3,2003,2,2003,5,MJJ,0.8566666666666661,0.20000000000000004,-0.12666666666666682,-0.012100000000000147,2003.125,94.00999999999999,-99.17000000000002
temperatura,3,2003,2,2003,5,MJJ,0.8566666666666661,0.20000000000000004,-0.12666666666666682,-0.012100000000000147,2003.125,0.5365566666666659,0.9515633333333362
precipitacao,3,2003,3,2003,6,JJA,0.623333333333333,0.26666666666666666,-0.08700000000000015,-0.5108333333333335,2003.2083333333333,-26.409999999999968,-79.29666666666665
temperatura,3,2003,3,2003,6,JJA,0.623333333333333,0.26666666666666666,-0.08700000000000015,-0.5108333333333335,2003.2083333333333,0.7196822222222252,0.6253277777777768
precipitacao,3,2003,4,2003,7,JAS,0.31999999999999956,0.23000000000000007,-0.04033333333333348,-0.10676666666666683,2003.2916666666667,-63.56999999999999,-86.43333333333332
temperatura,3,2003,4,2003,7,JAS,0.31999999999999956,0.23000000000000007,-0.04033333333333348,-0.10676666666666683,2003.2916666666667,0.5476344444444408,-0.16983999999999355
precipitacao,3,2003,5,2003,8,ASO,0.0633333333333329,0.1366666666666667,-0.10066666666666683,0.14036666666666653,2003.375,-121.47333333333336,-17.55000000000001
temperatura,3,2003,5,2003,8,ASO,0.0633333333333329,0.1366666666666667,-0.10066666666666683,0.14036666666666653,2003.375,0.7116299999999995,-0.5901800000000001
precipitacao,3,2003,6,2003,9,SON,-0.10666666666666712,-0.026666666666666644,-0.04133333333333347,-0.05523333333333347,2003.4583333333333,-36.06666666666669,-45.94999999999999
temperatura,3,2003,6,2003,9,SON,-0.10666666666666712,-0.026666666666666644,-0.04133333333333347,-0.05523333333333347,2003.4583333333333,0.048895555555557024,-0.1742844444444458
precipitacao,3,2003,7,2003,10,OND,-0.07333333333333378,-0.016666666666666646,0.03533333333333319,0.11233333333333322,2003.5416666666667,-62.14666666666665,21.276666666666586
temperatura,3,2003,7,2003,10,OND,-0.07333333333333378,-0.016666666666666646,0.03533333333333319,0.11233333333333322,2003.5416666666667,0.7055077777777754,-0.020904444444440173
precipitacao,3,2003,8,2003,11,NDJ,0.03333333333333289,0.07666666666666669,0.12599999999999986,0.21016666666666653,2003.625,-99.17000000000002,-36.789999999999964
temperatura,3,2003,8,2003,11,NDJ,0.03333333333333289,0.07666666666666669,0.12599999999999986,0.21016666666666653,2003.625,0.9515633333333362,-0.4255433333333336
precipitacao,3,2003,9,2003,12,DJF,0.1533333333333329,0.26,0.059666666666666514,0.3606333333333332,2003.7083333333333,-79.29666666666665,21.389999999999986
temperatura,3,2003,9,2003,12,DJF,0.1533333333333329,0.26,0.059666666666666514,0.3606333333333332,2003.7083333333333,0.6253277777777768,-0.9992511111111106
precipitacao,3,2003,10,2004,1,JFM,0.19999999999999954,0.3166666666666667,-0.06500000000000015,0.10999999999999988,2003.7916666666667,-86.43333333333332,9.629999999999995
temperatura,3,2003,10,2004,1,JFM,0.19999999999999954,0.3166666666666667,-0.06500000000000015,0.10999999999999988,2003.7916666666667,-0.16983999999999355,-1.46053222222222
precipitacao,3,2003,11,2004,2,FMA,0.24999999999999956,0.3366666666666667,-0.15400000000000014,-0.35323333333333345,2003.875,-17.55000000000001,47.326666666666654
temperatura,3,2003,11,2004,2,FMA,0.24999999999999956,0.3366666666666667,-0.15400000000000014,-0.35323333333333345,2003.875,-0.5901800000000001,-0.9575700000000005
precipitacao,3,2003,12,2004,3,MAM,0.2699999999999996,0.3233333333333333,-0.07100000000000015,-0.6865000000000002,2003.9583333333333,-45.94999999999999,35.133333333333326
temperatura,3,2003,12,2004,3,MAM,0.2699999999999996,0.3233333333333333,-0.07100000000000015,-0.6865000000000002,2003.9583333333333,-0.1742844444444458,-0.6347377777777758
precipitacao,3,2004,1,2004,4,AMJ,0.30666666666666625,0.24333333333333332,0.024666666666666517,-0.40916666666666685,2004.0416666666667,21.276666666666586,37.55333333333334
temperatura,3,2004,1,2004,4,AMJ,0.30666666666666625,0.24333333333333332,0.024666666666666517,-0.40916666666666685,2004.0416666666667,-0.020904444444440173,-0.42242555555555583
precipitacao,3,2004,2,2004,5,MJJ,0.29999999999999954,0.10666666666666669,0.11566666666666651,-0.5659000000000001,2004.125,-36.789999999999964,59.529999999999944
temperatura,3,2004,2,2004,5,MJJ,0.29999999999999954,0.10666666666666669,0.11566666666666651,-0.5659000000000001,2004.125,-0.4255433333333336,-0.7733699999999963
precipitacao,3,2004,3,2004,6,JJA,0.2666666666666662,-0.1133333333333333,0.07833333333333319,0.018966666666666576,2004.2083333333333,21.389999999999986,12.403333333333364
temperatura,3,2004,3,2004,6,JJA,0.2666666666666662,-0.1133333333333333,0.07833333333333319,0.018966666666666576,2004.2083333333333,-0.9992511111111106,-0.698538888888887
precipitacao,3,2004,4,2004,7,JAS,0.18666666666666623,-0.3266666666666666,0.037333333333333184,-0.19973333333333343,2004.2916666666667,9.629999999999995,-84.63333333333333
temperatura,3,2004,4,2004,7,JAS,0.18666666666666623,-0.3266666666666666,0.037333333333333184,-0.19973333333333343,2004.2916666666667,-1.46053222222222,0.3207600000000035
precipitacao,3,2004,5,2004,8,ASO,0.13666666666666624,-0.4666666666666666,-0.18900000000000014,0.3474333333333332,2004.375,47.326666666666654,-63.849999999999994
temperatura,3,2004,5,2004,8,ASO,0.13666666666666624,-0.4666666666666666,-0.18900000000000014,0.3474333333333332,2004.375,-0.9575700000000005,0.25201999999999813
precipitacao,3,2004,6,2004,9,SON,0.14666666666666622,-0.4766666666666666,-0.34266666666666684,0.602,2004.4583333333333,35.133333333333326,-43.94999999999993
temperatura,3,2004,6,2004,9,SON,0.14666666666666622,-0.4766666666666666,-0.34266666666666684,0.602,2004.4583333333333,-0.6347377777777758,0.40254888888889084
precipitacao,3,2004,7,2004,10,OND,0.24333333333333287,-0.3466666666666666,-0.4166666666666668,1.0431,2004.5416666666667,37.55333333333334,1.2766666666666424
temperatura,3,2004,7,2004,10,OND,0.24333333333333287,-0.3466666666666666,-0.4166666666666668,1.0431,2004.5416666666667,-0.42242555555555583,-0.701304444444439
precipitacao,3,2004,8,2004,11,NDJ,0.38333333333333286,-0.18333333333333332,-0.27266666666666683,0.8661666666666665,2004.625,59.529999999999944,72.11000000000001
temperatura,3,2004,8,2004,11,NDJ,0.38333333333333286,-0.18333333333333332,-0.27266666666666683,0.8661666666666665,2004.625,-0.7733699999999963,-0.5468100000000007
precipitacao,3,2004,9,2004,12,DJF,0.5033333333333329,0.0066666666666667,-0.18000000000000016,0.5522333333333332,2004.7083333333333,12.403333333333364,-13.209999999999923
temperatura,3,2004,9,2004,12,DJF,0.5033333333333329,0.0066666666666667,-0.18000000000000016,0.5522333333333332,2004.7083333333333,-0.698538888888887,-0.9566177777777796
precipitacao,3,2004,10,2005,1,JFM,0.5766666666666662,0.04000000000000003,-0.08100000000000014,0.046633333333333256,2004.7916666666667,-84.63333333333333,9.029999999999973
temperatura,3,2004,10,2005,1,JFM,0.5766666666666662,0.04000000000000003,-0.08100000000000014,0.046633333333333256,2004.7916666666667,0.3207600000000035,-0.6071655555555537
precipitacao,3,2004,11,2005,2,FMA,0.6099999999999995,0.053333333333333365,-0.08766666666666682,-0.010366666666666738,2004.875,-63.849999999999994,-96.17333333333335
temperatura,3,2004,11,2005,2,FMA,0.6099999999999995,0.053333333333333365,-0.08766666666666682,-0.010366666666666738,2004.875,0.25201999999999813,-0.009036666666663251
precipitacao,3,2004,12,2005,3,MAM,0.6533333333333329,0.05000000000000004,-0.09633333333333349,-0.4192,2004.9583333333333,-43.94999999999993,14.533333333333303
temperatura,3,2004,12,2005,3,MAM,0.6533333333333329,0.05000000000000004,-0.09633333333333349,-0.4192,2004.9583333333333,0.40254888888889084,0.8582622222222227
precipitacao,3,2005,1,2005,4,AMJ,0.6566666666666663,0.17000000000000004,-0.1363333333333335,-0.44793333333333335,2005.0416666666667,1.2766666666666424,-3.4466666666666583
temperatura,3,2005,1,2005,4,AMJ,0.6566666666666663,0.17000000000000004,-0.1363333333333335,-0.44793333333333335,2005.0416666666667,-0.701304444444439,1.2570411111111106
precipitacao,3,2005,2,2005,5,MJJ,0.6266666666666662,0.22333333333333338,-0.2720000000000002,0.047299999999999974,2005.125,72.11000000000001,-39.87000000000002
temperatura,3,2005,2,2005,5,MJJ,0.6266666666666662,0.22333333333333338,-0.2720000000000002,0.047299999999999974,2005.125,-0.5468100000000007,0.7947966666666701
precipitacao,3,2005,3,2005,6,JJA,0.5233333333333329,0.2533333333333334,-0.37233333333333346,0.4243666666666666,2005.2083333333333,-13.209999999999923,-62.39666666666666
temperatura,3,2005,3,2005,6,JJA,0.5233333333333329,0.2533333333333334,-0.37233333333333346,0.4243666666666666,2005.2083333333333,-0.9566177777777796,0.9190944444444433
precipitacao,3,2005,4,2005,7,JAS,0.43999999999999956,0.15333333333333338,-0.30300000000000016,0.5857333333333333,2005.2916666666667,9.029999999999973,-0.03333333333333144
temperatura,3,2005,4,2005,7,JAS,0.43999999999999956,0.15333333333333338,-0.30300000000000016,0.5857333333333333,2005.2916666666667,-0.6071655555555537,0.16949333333333882
precipitacao,3,2005,5,2005,8,ASO,0.34666666666666623,-0.053333333333333295,-0.1273333333333335,0.07213333333333326,2005.375,-96.17333333333335,34.85000000000002
temperatura,3,2005,5,2005,8,ASO,0.34666666666666623,-0.053333333333333295,-0.1273333333333335,0.07213333333333326,2005.375,-0.009036666666663251,0.5846199999999975
precipitacao,3,2005,6,2005,9,SON,0.24333333333333287,-0.32999999999999996,-0.04166666666666682,-0.4565333333333334,2005.4583333333333,14.533333333333303,8.850000000000023
temperatura,3,2005,6,2005,9,SON,0.24333333333333287,-0.32999999999999996,-0.04166666666666682,-0.4565333333333334,2005.4583333333333,0.8582622222222227,-0.12491777777777813
precipitacao,3,2005,7,2005,10,OND,0.10666666666666623,-0.5133333333333333,-0.1976666666666668,-0.659,2005.5416666666667,-3.4466666666666583,-88.42333333333335
temperatura,3,2005,7,2005,10,OND,0.10666666666666623,-0.5133333333333333,-0.1976666666666668,-0.659,2005.5416666666667,1.2570411111111106,-0.2969044444444435
precipitacao,3,2005,8,2005,11,NDJ,-0.030000000000000453,-0.4433333333333332,-0.3016666666666668,-0.4838333333333334,2005.625,-39.87000000000002,-174.99
temperatura,3,2005,8,2005,11,NDJ,-0.030000000000000453,-0.4433333333333332,-0.3016666666666668,-0.4838333333333334,2005.625,0.7947966666666701,-0.3854100000000038
precipitacao,3,2005,9,2005,12,DJF,-0.09666666666666712,-0.32999999999999996,-0.4210000000000002,0.07229999999999992,2005.7083333333333,-62.39666666666666,-135.4099999999999
temperatura,3,2005,9,2005,12,DJF,-0.09666666666666712,-0.32999999999999996,-0.4210000000000002,0.07229999999999992,2005.7083333333333,0.9190944444444433,-0.23178444444444324
precipitacao,3,2005,10,2006,1,JFM,-0.17333333333333378,-0.2133333333333333,-0.43833333333333346,0.16663333333333327,2005.7916666666667,-0.03333333333333144,-70.87
temperatura,3,2005,10,2006,1,JFM,-0.17333333333333378,-0.2133333333333333,-0.43833333333333346,0.16663333333333327,2005.7916666666667,0.16949333333333882,0.4391677777777794
precipitacao,3,2005,11,2006,2,FMA,-0.31666666666666715,-0.23666666666666666,-0.41400000000000015,-0.09326666666666672,2005.875,34.85000000000002,-1.1733333333332894
temperatura,3,2005,11,2006,2,FMA,-0.31666666666666715,-0.23666666666666666,-0.41400000000000015,-0.09326666666666672,2005.875,0.5846199999999975,-0.12336999999999776
precipitacao,3,2005,12,2006,3,MAM,-0.5533333333333338,-0.25666666666666665,-0.33600000000000013,-0.8294333333333334,2005.9583333333333,8.850000000000023,-30.06666666666669
temperatura,3,2005,12,2006,3,MAM,-0.5533333333333338,-0.25666666666666665,-0.33600000000000013,-0.8294333333333334,2005.9583333333333,-0.12491777777777813,-0.5938377777777752
precipitacao,3,2006,1,2006,4,AMJ,-0.7500000000000004,-0.28333333333333327,-0.23566666666666683,-0.7268000000000002,2006.0416666666667,-88.42333333333335,-90.34666666666666
temperatura,3,2006,1,2006,4,AMJ,-0.7500000000000004,-0.28333333333333327,-0.23566666666666683,-0.7268000000000002,2006.0416666666667,-0.2969044444444435,-0.6883922222222232
precipitacao,3,2006,2,2006,5,MJJ,-0.8266666666666671,-0.20999999999999994,-0.24700000000000014,-0.6134000000000001,2006.125,-174.99,-78.87000000000003
temperatura,3,2006,2,2006,5,MJJ,-0.8266666666666671,-0.20999999999999994,-0.24700000000000014,-0.6134000000000001,2006.125,-0.3854100000000038,0.09712999999999994
precipitacao,3,2006,3,2006,6,JJA,-0.7633333333333338,-0.09333333333333328,-0.2223333333333335,0.20939999999999995,2006.2083333333333,-135.4099999999999,-67.99666666666667
temperatura,3,2006,3,2006,6,JJA,-0.7633333333333338,-0.09333333333333328,-0.2223333333333335,0.20939999999999995,2006.2083333333333,-0.23178444444444324,0.8063944444444431
precipitacao,3,2006,4,2006,7,JAS,-0.6266666666666671,0.006666666666666703,-0.18233333333333349,0.03999999999999996,2006.2916666666667,-70.87,-24.43333333333331
temperatura,3,2006,4,2006,7,JAS,-0.6266666666666671,0.006666666666666703,-0.18233333333333349,0.03999999999999996,2006.2916666666667,0.4391677777777794,0.47122666666667
precipitacao,3,2006,5,2006,8,ASO,-0.4233333333333338,-0.016666666666666632,-0.1496666666666668,0.6755666666666666,2006.375,-1.1733333333332894,-30.150000000000006
temperatura,3,2006,5,2006,8,ASO,-0.4233333333333338,-0.016666666666666632,-0.1496666666666668,0.6755666666666666,2006.375,-0.12336999999999776,-0.27494666666666845
precipitacao,3,2006,6,2006,9,SON,-0.23000000000000045,-0.0033333333333332945,-0.09400000000000015,0.6547,2006.4583333333333,-30.06666666666669,37.950000000000045
temperatura,3,2006,6,2006,9,SON,-0.23000000000000045,-0.0033333333333332945,-0.09400000000000015,0.6547,2006.4583333333333,-0.5938377777777752,-0.5606511111111132
precipitacao,3,2006,7,2006,10,OND,-0.040000000000000445,0.013333333333333372,-0.07566666666666681,1.0196333333333334,2006.5416666666667,-90.34666666666666,107.67666666666662
temperatura,3,2006,7,2006,10,OND,-0.040000000000000445,0.013333333333333372,-0.07566666666666681,1.0196333333333334,2006.5416666666667,-0.6883922222222232,-0.27413777777777426
precipitacao,3,2006,8,2006,11,NDJ,0.1333333333333329,0.09333333333333338,0.06999999999999985,-0.12120000000000013,2006.625,-78.87000000000003,110.5100000000001
temperatura,3,2006,8,2006,11,NDJ,0.1333333333333329,0.09333333333333338,0.06999999999999985,-0.12120000000000013,2006.625,0.09712999999999994,-0.2260766666666676
precipitacao,3,2006,9,2006,12,DJF,0.32999999999999957,0.10333333333333337,0.2323333333333332,-0.3752333333333335,2006.7083333333333,-67.99666666666667,40.3900000000001
temperatura,3,2006,9,2006,12,DJF,0.32999999999999957,0.10333333333333337,0.2323333333333332,-0.3752333333333335,2006.7083333333333,0.8063944444444431,-0.2030177777777773
precipitacao,3,2006,10,2007,1,JFM,0.5266666666666663,0.09000000000000004,0.41133333333333316,-0.3906666666666669,2006.7916666666667,-24.43333333333331,-84.96999999999997
temperatura,3,2006,10,2007,1,JFM,0.5266666666666663,0.09000000000000004,0.41133333333333316,-0.3906666666666669,2006.7916666666667,0.47122666666667,0.2432011111111123
precipitacao,3,2006,11,2007,2,FMA,0.7099999999999995,0.013333333333333369,0.5019999999999998,0.21879999999999988,2006.875,-30.150000000000006,-86.97333333333336
temperatura,3,2006,11,2007,2,FMA,0.7099999999999995,0.013333333333333369,0.5019999999999998,0.21879999999999988,2006.875,-0.27494666666666845,0.7342633333333346
precipitacao,3,2006,12,2007,3,MAM,0.8233333333333328,-0.0133333333333333,0.4166666666666665,0.5396333333333333,2006.9583333333333,37.950000000000045,-63.56666666666669
temperatura,3,2006,12,2007,3,MAM,0.8233333333333328,-0.0133333333333333,0.4166666666666665,0.5396333333333333,2006.9583333333333,-0.5606511111111132,0.594195555555558
precipitacao,3,2007,1,2007,4,AMJ,0.7933333333333329,-0.046666666666666634,0.2993333333333332,0.21896666666666662,2007.0416666666667,107.67666666666662,-53.94666666666667
temperatura,3,2007,1,2007,4,AMJ,0.7933333333333329,-0.046666666666666634,0.2993333333333332,0.21896666666666662,2007.0416666666667,-0.27413777777777426,0.36030777777778056
precipitacao,3,2007,2,2007,5,MJJ,0.5633333333333329,-0.0333333333333333,0.18233333333333315,0.2101666666666666,2007.125,110.5100000000001,71.32999999999996
temperatura,3,2007,2,2007,5,MJJ,0.5633333333333329,-0.0333333333333333,0.18233333333333315,0.2101666666666666,2007.125,-0.2260766666666676,-0.09700333333332978
precipitacao,3,2007,3,2007,6,JJA,0.22999999999999954,-0.1533333333333333,0.1633333333333332,-0.19266666666666676,2007.2083333333333,40.3900000000001,32.903333333333364
temperatura,3,2007,3,2007,6,JJA,0.22999999999999954,-0.1533333333333333,0.1633333333333332,-0.19266666666666676,2007.2083333333333,-0.2030177777777773,0.02622777777777685
precipitacao,3,2007,4,2007,7,JAS,-0.08333333333333381,-0.14666666666666664,0.12166666666666653,-0.5101333333333334,2007.2916666666667,-84.96999999999997,-2.9333333333333087
temperatura,3,2007,4,2007,7,JAS,-0.08333333333333381,-0.14666666666666664,0.12166666666666653,-0.5101333333333334,2007.2916666666667,0.2432011111111123,0.34442666666667066
precipitacao,3,2007,5,2007,8,ASO,-0.2600000000000005,-0.14666666666666664,0.16166666666666654,-0.7390666666666666,2007.375,-86.97333333333336,-137.75
temperatura,3,2007,5,2007,8,ASO,-0.2600000000000005,-0.14666666666666664,0.16166666666666654,-0.7390666666666666,2007.375,0.7342633333333346,0.8928866666666657
precipitacao,3,2007,6,2007,9,SON,-0.35666666666666713,-0.0033333333333332993,0.13366666666666652,-0.9483666666666667,2007.4583333333333,-63.56666666666669,-56.049999999999955
temperatura,3,2007,6,2007,9,SON,-0.35666666666666713,-0.0033333333333332993,0.13366666666666652,-0.9483666666666667,2007.4583333333333,0.594195555555558,0.7833822222222189
precipitacao,3,2007,7,2007,10,OND,-0.4133333333333338,0.013333333333333369,0.11533333333333319,-1.4802,2007.5416666666667,-53.94666666666667,-30.02333333333337
temperatura,3,2007,7,2007,10,OND,-0.4133333333333338,0.013333333333333369,0.11533333333333319,-1.4802,2007.5416666666667,0.36030777777778056,0.2859622222222242
precipitacao,3,2007,8,2007,11,NDJ,-0.5566666666666671,0.020000000000000035,0.10433333333333318,-1.3122,2007.625,71.32999999999996,-25.790000000000077
temperatura,3,2007,8,2007,11,NDJ,-0.5566666666666671,0.020000000000000035,0.10433333333333318,-1.3122,2007.625,-0.09700333333332978,-0.4713766666666679
precipitacao,3,2007,9,2007,12,DJF,-0.7700000000000005,0.020000000000000035,0.1723333333333332,-0.9027,2007.7083333333333,32.903333333333364,-112.40999999999991
temperatura,3,2007,9,2007,12,DJF,-0.7700000000000005,0.020000000000000035,0.1723333333333332,-0.9027,2007.7083333333333,0.02622777777777685,-0.5550177777777776
precipitacao,3,2007,10,2008,1,JFM,-1.066666666666667,-0.009999999999999962,0.17999999999999985,-0.17036666666666667,2007.7916666666667,-2.9333333333333087,-79.46999999999997
temperatura,3,2007,10,2008,1,JFM,-1.066666666666667,-0.009999999999999962,0.17999999999999985,-0.17036666666666667,2007.7916666666667,0.34442666666667066,-0.7840655555555536
precipitacao,3,2007,11,2008,2,FMA,-1.333333333333334,-0.0233333333333333,0.09333333333333317,-0.4623333333333333,2007.875,-137.75,8.726666666666631
temperatura,3,2007,11,2008,2,FMA,-1.333333333333334,-0.0233333333333333,0.09333333333333317,-0.4623333333333333,2007.875,0.8928866666666657,-0.50047
precipitacao,3,2007,12,2008,3,MAM,-1.5566666666666673,-0.0833333333333333,-0.06066666666666681,0.1706,2007.9583333333333,-56.049999999999955,42.833333333333314
temperatura,3,2007,12,2008,3,MAM,-1.5566666666666673,-0.0833333333333333,-0.06066666666666681,0.1706,2007.9583333333333,0.7833822222222189,-0.7132711111111121
precipitacao,3,2008,1,2008,4,AMJ,-1.6833333333333338,-0.09333333333333331,-0.04500000000000015,0.718,2008.0416666666667,-30.02333333333337,38.55333333333334
temperatura,3,2008,1,2008,4,AMJ,-1.6833333333333338,-0.09333333333333331,-0.04500000000000015,0.718,2008.0416666666667,0.2859622222222242,-0.6201922222222258
precipitacao,3,2008,2,2008,5,MJJ,-1.6966666666666672,-0.03666666666666663,-0.06133333333333348,1.4284,2008.125,-25.790000000000077,-72.87000000000002
temperatura,3,2008,2,2008,5,MJJ,-1.6966666666666672,-0.03666666666666663,-0.06133333333333348,1.4284,2008.125,-0.4713766666666679,-0.4388699999999979
precipitacao,3,2008,3,2008,6,JJA,-1.5800000000000007,0.0666666666666667,0.04666666666666652,0.9811333333333333,2008.2083333333333,-112.40999999999991,2.103333333333353
temperatura,3,2008,3,2008,6,JJA,-1.5800000000000007,0.0666666666666667,0.04666666666666652,0.9811333333333333,2008.2083333333333,-0.5550177777777776,0.26712777777777674
precipitacao,3,2008,4,2008,7,JAS,-1.343333333333334,0.22333333333333338,-0.04266666666666682,0.2871666666666667,2008.2916666666667,-79.46999999999997,4.566666666666691
temperatura,3,2008,4,2008,7,JAS,-1.343333333333334,0.22333333333333338,-0.04266666666666682,0.2871666666666667,2008.2916666666667,-0.7840655555555536,-0.06803999999999633
precipitacao,3,2008,5,2008,8,ASO,-1.0900000000000005,0.35000000000000003,0.040999999999999856,-0.25856666666666667,2008.375,8.726666666666631,91.25
temperatura,3,2008,5,2008,8,ASO,-1.0900000000000005,0.35000000000000003,0.040999999999999856,-0.25856666666666667,2008.375,-0.50047,-0.1346133333333306
precipitacao,3,2008,6,2008,9,SON,-0.8200000000000006,0.3966666666666667,0.08033333333333319,-0.004933333333333308,2008.4583333333333,42.833333333333314,30.649999999999977
temperatura,3,2008,6,2008,9,SON,-0.8200000000000006,0.3966666666666667,0.08033333333333319,-0.004933333333333308,2008.4583333333333,-0.7132711111111121,-0.6852511111111106
precipitacao,3,2008,7,2008,10,OND,-0.5800000000000005,0.42,0.21333333333333318,0.39293333333333336,2008.5416666666667,38.55333333333334,43.476666666666574
temperatura,3,2008,7,2008,10,OND,-0.5800000000000005,0.42,0.21333333333333318,0.39293333333333336,2008.5416666666667,-0.6201922222222258,-0.7154044444444452
precipitacao,3,2008,8,2008,11,NDJ,-0.3633333333333339,0.3666666666666667,0.19499999999999984,0.5852,2008.625,-72.87000000000002,-0.09000000000003183
temperatura,3,2008,8,2008,11,NDJ,-0.3633333333333339,0.3666666666666667,0.19499999999999984,0.5852,2008.625,-0.4388699999999979,-1.0006766666666707
precipitacao,3,2008,9,2008,12,DJF,-0.2600000000000005,0.2800000000000001,0.15199999999999986,0.5976,2008.7083333333333,2.103333333333353,50.8900000000001
temperatura,3,2008,9,2008,12,DJF,-0.2600000000000005,0.2800000000000001,0.15199999999999986,0.5976,2008.7083333333333,0.26712777777777674,-0.6571511111111121
precipitacao,3,2008,10,2009,1,JFM,-0.2700000000000005,0.16333333333333336,0.07966666666666652,0.8958333333333334,2008.7916666666667,4.566666666666691,-1.0699999999999363
temperatura,3,2008,10,2009,1,JFM,-0.2700000000000005,0.16333333333333336,0.07966666666666652,0.8958333333333334,2008.7916666666667,-0.06803999999999633,-0.03886555555554949
precipitacao,3,2008,11,2009,2,FMA,-0.3933333333333338,0.10333333333333337,-0.004333333333333476,1.1734,2008.875,91.25,29.026666666666642
temperatura,3,2008,11,2009,2,FMA,-0.3933333333333338,0.10333333333333337,-0.004333333333333476,1.1734,2008.875,-0.1346133333333306,-0.07540333333333038
precipitacao,3,2008,12,2009,3,MAM,-0.5733333333333338,0.11000000000000003,-0.050666666666666804,1.1094666666666668,2008.9583333333333,30.649999999999977,-27.56666666666669
temperatura,3,2008,12,2009,3,MAM,-0.5733333333333338,0.11000000000000003,-0.050666666666666804,1.1094666666666668,2008.9583333333333,-0.6852511111111106,0.08492888888888928
precipitacao,3,2009,1,2009,4,AMJ,-0.7500000000000004,0.13000000000000003,-0.050000000000000135,1.0253666666666665,2009.0416666666667,43.476666666666574,8.553333333333342
temperatura,3,2009,1,2009,4,AMJ,-0.7500000000000004,0.13000000000000003,-0.050000000000000135,1.0253666666666665,2009.0416666666667,-0.7154044444444452,-0.6810255555555607
precipitacao,3,2009,2,2009,5,MJJ,-0.8400000000000004,0.11333333333333336,0.04699999999999987,0.8707333333333332,2009.125,-0.09000000000003183,94.32999999999996
temperatura,3,2009,2,2009,5,MJJ,-0.8400000000000004,0.11333333333333336,0.04699999999999987,0.8707333333333332,2009.125,-1.0006766666666707,-0.4634699999999974
precipitacao,3,2009,3,2009,6,JJA,-0.7866666666666672,0.13000000000000003,0.09799999999999986,0.6743333333333333,2009.2083333333333,50.8900000000001,131.90333333333336
temperatura,3,2009,3,2009,6,JJA,-0.7866666666666672,0.13000000000000003,0.09799999999999986,0.6743333333333333,2009.2083333333333,-0.6571511111111121,-0.6854055555555547
precipitacao,3,2009,4,2009,7,JAS,-0.6066666666666671,0.16333333333333336,0.12966666666666654,0.36319999999999997,2009.2916666666667,-1.0699999999999363,158.8666666666667
temperatura,3,2009,4,2009,7,JAS,-0.6066666666666671,0.16333333333333336,0.12966666666666654,0.36319999999999997,2009.2916666666667,-0.03886555555554949,0.12499333333333595
precipitacao,3,2009,5,2009,8,ASO,-0.31666666666666715,0.2833333333333334,0.16099999999999987,-0.032999999999999995,2009.375,29.026666666666642,76.65000000000003
temperatura,3,2009,5,2009,8,ASO,-0.31666666666666715,0.2833333333333334,0.16099999999999987,-0.032999999999999995,2009.375,-0.07540333333333038,-0.06631333333333345
precipitacao,3,2009,6,2009,9,SON,0.0066666666666661545,0.31000000000000005,0.16099999999999984,-0.3912,2009.4583333333333,-27.56666666666669,84.25
temperatura,3,2009,6,2009,9,SON,0.0066666666666661545,0.31000000000000005,0.16099999999999984,-0.3912,2009.4583333333333,0.08492888888888928,0.8329155555555552
precipitacao,3,2009,7,2009,10,OND,0.2899999999999995,0.2866666666666667,0.054999999999999855,-0.8123333333333332,2009.5416666666667,8.553333333333342,126.47666666666657
temperatura,3,2009,7,2009,10,OND,0.2899999999999995,0.2866666666666667,0.054999999999999855,-0.8123333333333332,2009.5416666666667,-0.6810255555555607,0.6323288888888925
precipitacao,3,2009,8,2009,11,NDJ,0.4666666666666662,0.1533333333333334,-0.06533333333333348,-0.7966000000000001,2009.625,94.32999999999996,189.90999999999997
temperatura,3,2009,8,2009,11,NDJ,0.4666666666666662,0.1533333333333334,-0.06533333333333348,-0.7966000000000001,2009.625,-0.4634699999999974,1.0986566666666668
precipitacao,3,2009,9,2009,12,DJF,0.5733333333333329,0.0733333333333334,-0.13300000000000015,-0.6454333333333333,2009.7083333333333,131.90333333333336,213.29000000000008
temperatura,3,2009,9,2009,12,DJF,0.5733333333333329,0.0733333333333334,-0.13300000000000015,-0.6454333333333333,2009.7083333333333,-0.6854055555555547,0.6574155555555556
precipitacao,3,2009,10,2010,1,JFM,0.7133333333333328,0.10333333333333339,-0.07333333333333349,-0.20576666666666665,2009.7916666666667,158.8666666666667,109.02999999999997
temperatura,3,2009,10,2010,1,JFM,0.7133333333333328,0.10333333333333339,-0.07333333333333349,-0.20576666666666665,2009.7916666666667,0.12499333333333595,0.8929011111111116
precipitacao,3,2009,11,2010,2,FMA,0.9633333333333328,0.12666666666666673,-0.061000000000000144,-0.6156,2009.875,76.65000000000003,49.02666666666664
temperatura,3,2009,11,2010,2,FMA,0.9633333333333328,0.12666666666666673,-0.061000000000000144,-0.6156,2009.875,-0.06631333333333345,0.4243633333333321
precipitacao,3,2009,12,2010,3,MAM,1.243333333333333,0.2566666666666667,0.02666666666666652,-0.4078333333333333,2009.9583333333333,84.25,-46.26666666666668
temperatura,3,2009,12,2010,3,MAM,1.243333333333333,0.2566666666666667,0.02666666666666652,-0.4078333333333333,2009.9583333333333,0.8329155555555552,-0.040671111111109326
precipitacao,3,2010,1,2010,4,AMJ,1.426666666666666,0.3333333333333334,0.12899999999999986,-0.6884,2010.0416666666667,126.47666666666657,-52.94666666666667
temperatura,3,2010,1,2010,4,AMJ,1.426666666666666,0.3333333333333334,0.12899999999999986,-0.6884,2010.0416666666667,0.6323288888888925,-0.5567255555555555
precipitacao,3,2010,2,2010,5,MJJ,1.3933333333333326,0.4333333333333334,0.15899999999999984,-0.30843333333333334,2010.125,189.90999999999997,-61.87000000000003
temperatura,3,2010,2,2010,5,MJJ,1.3933333333333326,0.4333333333333334,0.15899999999999984,-0.30843333333333334,2010.125,1.0986566666666668,0.05306333333333768
precipitacao,3,2010,3,2010,6,JJA,1.186666666666666,0.47000000000000003,0.25833333333333314,-0.47459999999999997,2010.2083333333333,213.29000000000008,-61.99666666666667
temperatura,3,2010,3,2010,6,JJA,1.186666666666666,0.47000000000000003,0.25833333333333314,-0.47459999999999997,2010.2083333333333,0.6574155555555556,-0.19143888888888938
precipitacao,3,2010,4,2010,7,JAS,0.8233333333333327,0.4400000000000001,0.2836666666666665,-0.09649999999999999,2010.2916666666667,109.02999999999997,-31.633333333333326
temperatura,3,2010,4,2010,7,JAS,0.8233333333333327,0.4400000000000001,0.2836666666666665,-0.09649999999999999,2010.2916666666667,0.8929011111111116,0.39009333333333274
precipitacao,3,2010,5,2010,8,ASO,0.3666666666666661,0.39333333333333337,0.2663333333333332,0.5022333333333333,2010.375,49.02666666666664,-23.950000000000017
temperatura,3,2010,5,2010,8,ASO,0.3666666666666661,0.39333333333333337,0.2663333333333332,0.5022333333333333,2010.375,0.4243633333333321,-0.641013333333337
precipitacao,3,2010,6,2010,9,SON,-0.14666666666666728,0.39333333333333337,0.06699999999999985,1.1563666666666668,2010.4583333333333,-46.26666666666668,22.75
temperatura,3,2010,6,2010,9,SON,-0.14666666666666728,0.39333333333333337,0.06699999999999985,1.1563666666666668,2010.4583333333333,-0.040671111111109326,-0.43798444444444584
precipitacao,3,2010,7,2010,10,OND,-0.6000000000000006,0.3866666666666667,-0.056666666666666816,1.8384666666666665,2010.5416666666667,-52.94666666666667,94.5766666666666
temperatura,3,2010,7,2010,10,OND,-0.6000000000000006,0.3866666666666667,-0.056666666666666816,1.8384666666666665,2010.5416666666667,-0.5567255555555555,-0.6961377777777784
precipitacao,3,2010,8,2010,11,NDJ,-0.9600000000000005,0.39333333333333337,-0.06733333333333348,2.0015,2010.625,-61.87000000000003,185.81000000000006
temperatura,3,2010,8,2010,11,NDJ,-0.9600000000000005,0.39333333333333337,-0.06733333333333348,2.0015,2010.625,0.05306333333333768,0.12505666666666926
precipitacao,3,2010,9,2010,12,DJF,-1.2166666666666672,0.24000000000000007,-0.10966666666666681,1.4451999999999998,2010.7083333333333,-61.99666666666667,159.29000000000008
temperatura,3,2010,9,2010,12,DJF,-1.2166666666666672,0.24000000000000007,-0.10966666666666681,1.4451999999999998,2010.7083333333333,-0.19143888888888938,0.5041488888888885
precipitacao,3,2010,10,2011,1,JFM,-1.403333333333334,0.19333333333333338,-0.25500000000000017,1.0822666666666665,2010.7916666666667,-31.633333333333326,116.32999999999993
temperatura,3,2010,10,2011,1,JFM,-1.403333333333334,0.19333333333333338,-0.25500000000000017,1.0822666666666665,2010.7916666666667,0.39009333333333274,0.24930111111111586
precipitacao,3,2010,11,2011,2,FMA,-1.5133333333333339,0.17000000000000007,-0.3996666666666668,1.0843333333333331,2010.875,-23.950000000000017,47.02666666666664
temperatura,3,2010,11,2011,2,FMA,-1.5133333333333339,0.17000000000000007,-0.3996666666666668,1.0843333333333331,2010.875,-0.641013333333337,0.11902999999999864
precipitacao,3,2010,12,2011,3,MAM,-1.5300000000000005,0.19333333333333338,-0.3813333333333335,1.0188666666666664,2010.9583333333333,22.75,17.333333333333258
temperatura,3,2010,12,2011,3,MAM,-1.5300000000000005,0.19333333333333338,-0.3813333333333335,1.0188666666666664,2010.9583333333333,-0.43798444444444584,-0.524937777777776
precipitacao,3,2011,1,2011,4,AMJ,-1.4466666666666672,0.1633333333333334,-0.17200000000000015,0.5913666666666665,2011.0416666666667,94.5766666666666,-15.74666666666667
temperatura,3,2011,1,2011,4,AMJ,-1.4466666666666672,0.1633333333333334,-0.17200000000000015,0.5913666666666665,2011.0416666666667,-0.6961377777777784,-0.8397922222222256
precipitacao,3,2011,2,2011,5,MJJ,-1.2766666666666673,0.19666666666666677,0.07333333333333318,0.4438666666666666,2011.125,185.81000000000006,-65.67000000000002
temperatura,3,2011,2,2011,5,MJJ,-1.2766666666666673,0.19666666666666677,0.07333333333333318,0.4438666666666666,2011.125,0.12505666666666926,-0.7725699999999982
precipitacao,3,2011,3,2011,6,JJA,-1.0666666666666673,0.27333333333333343,0.26633333333333314,0.27666666666666656,2011.2083333333333,159.29000000000008,-15.396666666666675
temperatura,3,2011,3,2011,6,JJA,-1.0666666666666673,0.27333333333333343,0.26633333333333314,0.27666666666666656,2011.2083333333333,0.5041488888888885,-0.2891388888888855
precipitacao,3,2011,4,2011,7,JAS,-0.8633333333333338,0.2933333333333334,0.25399999999999984,-0.030800000000000122,2011.2916666666667,116.32999999999993,-93.43333333333332
temperatura,3,2011,4,2011,7,JAS,-0.8633333333333338,0.2933333333333334,0.25399999999999984,-0.030800000000000122,2011.2916666666667,0.24930111111111586,-0.02984000000000009
precipitacao,3,2011,5,2011,8,ASO,-0.6766666666666673,0.17333333333333342,0.14399999999999982,0.03316666666666657,2011.375,47.02666666666664,-74.65
temperatura,3,2011,5,2011,8,ASO,-0.6766666666666673,0.17333333333333342,0.14399999999999982,0.03316666666666657,2011.375,0.11902999999999864,-0.2502133333333312
precipitacao,3,2011,6,2011,9,SON,-0.5066666666666673,0.010000000000000073,0.03999999999999985,0.09889999999999984,2011.4583333333333,17.333333333333258,-45.849999999999966
temperatura,3,2011,6,2011,9,SON,-0.5066666666666673,0.010000000000000073,0.03999999999999985,0.09889999999999984,2011.4583333333333,-0.524937777777776,-0.9020511111111134
precipitacao,3,2011,7,2011,10,OND,-0.40333333333333393,-0.04333333333333326,0.06299999999999985,-0.07250000000000016,2011.5416666666667,-15.74666666666667,27.776666666666642
temperatura,3,2011,7,2011,10,OND,-0.40333333333333393,-0.04333333333333326,0.06299999999999985,-0.07250000000000016,2011.5416666666667,-0.8397922222222256,-0.7467044444444433
precipitacao,3,2011,8,2011,11,NDJ,-0.40333333333333393,-0.02999999999999992,0.20733333333333318,-0.895066666666667,2011.625,-65.67000000000002,36.90999999999997
temperatura,3,2011,8,2011,11,NDJ,-0.40333333333333393,-0.02999999999999992,0.20733333333333318,-0.895066666666667,2011.625,-0.7725699999999982,-1.1717433333333354
precipitacao,3,2011,9,2011,12,DJF,-0.5433333333333339,0.03666666666666674,0.25633333333333314,-1.2787333333333335,2011.7083333333333,-15.396666666666675,-38.809999999999945
temperatura,3,2011,9,2011,12,DJF,-0.5433333333333339,0.03666666666666674,0.25633333333333314,-1.2787333333333335,2011.7083333333333,-0.2891388888888855,-0.4500511111111116
precipitacao,3,2011,10,2012,1,JFM,-0.733333333333334,0.05000000000000007,0.30066666666666647,-0.6879333333333335,2011.7916666666667,-93.43333333333332,-103.47000000000003
temperatura,3,2011,10,2012,1,JFM,-0.733333333333334,0.05000000000000007,0.30066666666666647,-0.6879333333333335,2011.7916666666667,-0.02984000000000009,-0.2833988888888861
precipitacao,3,2011,11,2012,2,FMA,-0.9066666666666672,-0.0266666666666666,0.2979999999999999,-0.5897666666666669,2011.875,-74.65,-25.873333333333335
temperatura,3,2011,11,2012,2,FMA,-0.9066666666666672,-0.0266666666666666,0.2979999999999999,-0.5897666666666669,2011.875,-0.2502133333333312,0.2454966666666678
precipitacao,3,2011,12,2012,3,MAM,-0.9600000000000005,-0.3033333333333333,0.18799999999999983,0.6847333333333331,2011.9583333333333,-45.849999999999966,-20.066666666666663
temperatura,3,2011,12,2012,3,MAM,-0.9600000000000005,-0.3033333333333333,0.18799999999999983,0.6847333333333331,2011.9583333333333,-0.9020511111111134,-0.21633777777777752
precipitacao,3,2012,1,2012,4,AMJ,-0.8833333333333339,-0.5433333333333333,0.08466666666666652,1.0830999999999997,2012.0416666666667,27.776666666666642,172.15333333333334
temperatura,3,2012,1,2012,4,AMJ,-0.8833333333333339,-0.5433333333333333,0.08466666666666652,1.0830999999999997,2012.0416666666667,-0.7467044444444433,-0.06392555555556001
precipitacao,3,2012,2,2012,5,MJJ,-0.7300000000000005,-0.7266666666666666,-0.05333333333333348,1.2912333333333332,2012.125,36.90999999999997,119.53
temperatura,3,2012,2,2012,5,MJJ,-0.7300000000000005,-0.7266666666666666,-0.05333333333333348,1.2912333333333332,2012.125,-1.1717433333333354,-0.14510333333333492
precipitacao,3,2012,3,2012,6,JJA,-0.5700000000000006,-0.6233333333333333,-0.002000000000000149,0.5249999999999997,2012.2083333333333,-38.809999999999945,118.20333333333332
temperatura,3,2012,3,2012,6,JJA,-0.5700000000000006,-0.6233333333333333,-0.002000000000000149,0.5249999999999997,2012.2083333333333,-0.4500511111111116,0.2652277777777776
precipitacao,3,2012,4,2012,7,JAS,-0.45000000000000057,-0.6166666666666666,-0.10766666666666681,0.2190999999999997,2012.2916666666667,-103.47000000000003,-19.333333333333314
temperatura,3,2012,4,2012,7,JAS,-0.45000000000000057,-0.6166666666666666,-0.10766666666666681,0.2190999999999997,2012.2916666666667,-0.2833988888888861,0.4133933333333353
precipitacao,3,2012,5,2012,8,ASO,-0.3233333333333339,-0.4833333333333332,-0.20500000000000015,0.36439999999999967,2012.375,-25.873333333333335,-53.849999999999994
temperatura,3,2012,5,2012,8,ASO,-0.3233333333333339,-0.4833333333333332,-0.20500000000000015,0.36439999999999967,2012.375,0.2454966666666678,0.9177533333333336
precipitacao,3,2012,6,2012,9,SON,-0.16666666666666727,-0.4299999999999999,-0.2136666666666668,0.20709999999999973,2012.4583333333333,-20.066666666666663,-59.14999999999998
temperatura,3,2012,6,2012,9,SON,-0.16666666666666727,-0.4299999999999999,-0.2136666666666668,0.20709999999999973,2012.4583333333333,-0.21633777777777752,0.6564822222222233
precipitacao,3,2012,7,2012,10,OND,0.04333333333333276,-0.31333333333333324,0.058666666666666534,0.4049999999999998,2012.5416666666667,172.15333333333334,-26.52333333333337
temperatura,3,2012,7,2012,10,OND,0.04333333333333276,-0.31333333333333324,0.058666666666666534,0.4049999999999998,2012.5416666666667,-0.06392555555556001,1.0105288888888921
precipitacao,3,2012,8,2012,11,NDJ,0.23333333333333275,-0.27999999999999997,0.39933333333333315,0.5169999999999998,2012.625,119.53,-38.09000000000003
temperatura,3,2012,8,2012,11,NDJ,0.23333333333333275,-0.27999999999999997,0.39933333333333315,0.5169999999999998,2012.625,-0.14510333333333492,0.15752333333333368
precipitacao,3,2012,9,2012,12,DJF,0.34666666666666607,-0.23333333333333325,0.5503333333333332,0.7701666666666664,2012.7083333333333,118.20333333333332,-21.209999999999923
temperatura,3,2012,9,2012,12,DJF,0.34666666666666607,-0.23333333333333325,0.5503333333333332,0.7701666666666664,2012.7083333333333,0.2652277777777776,0.31208222222222304
precipitacao,3,2012,10,2013,1,JFM,0.34666666666666607,-0.19999999999999996,0.40499999999999986,0.20233333333333312,2012.7916666666667,-19.333333333333314,-32.66999999999996
temperatura,3,2012,10,2013,1,JFM,0.34666666666666607,-0.19999999999999996,0.40499999999999986,0.20233333333333312,2012.7916666666667,0.4133933333333353,-0.4276988888888873
precipitacao,3,2012,11,2013,2,FMA,0.2599999999999994,-0.15999999999999992,0.15466666666666654,-0.527566666666667,2012.875,-53.849999999999994,14.726666666666688
temperatura,3,2012,11,2013,2,FMA,0.2599999999999994,-0.15999999999999992,0.15466666666666654,-0.527566666666667,2012.875,0.9177533333333336,-0.4960366666666651
precipitacao,3,2012,12,2013,3,MAM,0.12666666666666607,-0.14666666666666658,0.09266666666666652,-0.9695333333333336,2012.9583333333333,-59.14999999999998,43.333333333333314
temperatura,3,2012,12,2013,3,MAM,0.12666666666666607,-0.14666666666666658,0.09266666666666652,-0.9695333333333336,2012.9583333333333,0.6564822222222233,-0.43183777777777266
precipitacao,3,2013,1,2013,4,AMJ,-0.04666666666666725,-0.0666666666666666,0.034333333333333195,-0.7978000000000002,2013.0416666666667,-26.52333333333337,61.853333333333325
temperatura,3,2013,1,2013,4,AMJ,-0.04666666666666725,-0.0666666666666666,0.034333333333333195,-0.7978000000000002,2013.0416666666667,1.0105288888888921,-0.12835888888889002
precipitacao,3,2013,2,2013,5,MJJ,-0.18333333333333393,-0.019999999999999924,0.1303333333333332,0.007699999999999781,2013.125,-38.09000000000003,73.92999999999998
temperatura,3,2013,2,2013,5,MJJ,-0.18333333333333393,-0.019999999999999924,0.1303333333333332,0.007699999999999781,2013.125,0.15752333333333368,-0.022003333333330488
precipitacao,3,2013,3,2013,6,JJA,-0.2500000000000006,-0.019999999999999924,0.06899999999999985,0.7204666666666665,2013.2083333333333,-21.209999999999923,38.60333333333335
temperatura,3,2013,3,2013,6,JJA,-0.2500000000000006,-0.019999999999999924,0.06899999999999985,0.7204666666666665,2013.2083333333333,0.31208222222222304,-0.3353388888888915
precipitacao,3,2013,4,2013,7,JAS,-0.23666666666666727,-0.02333333333333326,-0.00833333333333347,0.9003333333333331,2013.2916666666667,-32.66999999999996,24.56666666666669
temperatura,3,2013,4,2013,7,JAS,-0.23666666666666727,-0.02333333333333326,-0.00833333333333347,0.9003333333333331,2013.2916666666667,-0.4276988888888873,-0.5049399999999977
precipitacao,3,2013,5,2013,8,ASO,-0.24333333333333393,0.02666666666666674,-0.24000000000000013,0.7816666666666664,2013.375,14.726666666666688,12.25
temperatura,3,2013,5,2013,8,ASO,-0.24333333333333393,0.02666666666666674,-0.24000000000000013,0.7816666666666664,2013.375,-0.4960366666666651,-0.5822800000000008
precipitacao,3,2013,6,2013,9,SON,-0.29333333333333395,0.04666666666666674,-0.4333333333333334,0.23303333333333312,2013.4583333333333,43.333333333333314,26.850000000000023
temperatura,3,2013,6,2013,9,SON,-0.29333333333333395,0.04666666666666674,-0.4333333333333334,0.23303333333333312,2013.4583333333333,-0.43183777777777266,-0.31208444444444794
precipitacao,3,2013,7,2013,10,OND,-0.3766666666666672,0.02333333333333341,-0.3946666666666668,0.3445999999999998,2013.5416666666667,61.853333333333325,-66.9233333333334
temperatura,3,2013,7,2013,10,OND,-0.3766666666666672,0.02333333333333341,-0.3946666666666668,0.3445999999999998,2013.5416666666667,-0.12835888888889002,-0.24620444444444445
precipitacao,3,2013,8,2013,11,NDJ,-0.39000000000000057,-0.0033333333333332577,-0.2906666666666668,-0.2955666666666668,2013.625,73.92999999999998,-198.89
temperatura,3,2013,8,2013,11,NDJ,-0.39000000000000057,-0.0033333333333332577,-0.2906666666666668,-0.2955666666666668,2013.625,-0.022003333333330488,0.779289999999996
precipitacao,3,2013,9,2013,12,DJF,-0.3700000000000006,-0.03333333333333326,-0.2283333333333335,-0.7579666666666669,2013.7083333333333,38.60333333333335,-273.80999999999995
temperatura,3,2013,9,2013,12,DJF,-0.3700000000000006,-0.03333333333333326,-0.2283333333333335,-0.7579666666666669,2013.7083333333333,-0.3353388888888915,1.4593822222222244
precipitacao,3,2013,10,2014,1,JFM,-0.2666666666666673,-0.08333333333333326,-0.22400000000000012,-1.2256000000000002,2013.7916666666667,24.56666666666669,-259.57
temperatura,3,2013,10,2014,1,JFM,-0.2666666666666673,-0.08333333333333326,-0.22400000000000012,-1.2256000000000002,2013.7916666666667,-0.5049399999999977,1.6077677777777808
precipitacao,3,2013,11,2014,2,FMA,-0.19333333333333394,-0.18666666666666662,-0.09300000000000015,-0.6423666666666669,2013.875,12.25,-149.97333333333336
temperatura,3,2013,11,2014,2,FMA,-0.19333333333333394,-0.18666666666666662,-0.09300000000000015,-0.6423666666666669,2013.875,-0.5822800000000008,0.946196666666669
precipitacao,3,2013,12,2014,3,MAM,-0.12333333333333392,-0.19999999999999993,0.05733333333333318,-0.06916666666666689,2013.9583333333333,26.850000000000023,-82.26666666666668
temperatura,3,2013,12,2014,3,MAM,-0.12333333333333392,-0.19999999999999993,0.05733333333333318,-0.06916666666666689,2013.9583333333333,-0.31208444444444794,0.3706288888888878
precipitacao,3,2014,1,2014,4,AMJ,-0.15666666666666726,-0.2166666666666666,0.07966666666666651,-0.1441666666666669,2014.0416666666667,-66.9233333333334,-75.14666666666666
temperatura,3,2014,1,2014,4,AMJ,-0.15666666666666726,-0.2166666666666666,0.07966666666666651,-0.1441666666666669,2014.0416666666667,-0.24620444444444445,0.5163077777777758
precipitacao,3,2014,2,2014,5,MJJ,-0.18666666666666723,-0.14666666666666658,-0.016333333333333488,-0.09970000000000022,2014.125,-198.89,-64.87000000000002
temperatura,3,2014,2,2014,5,MJJ,-0.18666666666666723,-0.14666666666666658,-0.016333333333333488,-0.09970000000000022,2014.125,0.779289999999996,0.566430000000004
precipitacao,3,2014,3,2014,6,JJA,-0.15666666666666726,-0.1366666666666666,-0.1136666666666668,0.03553333333333312,2014.2083333333333,-273.80999999999995,-37.69666666666666
temperatura,3,2014,3,2014,6,JJA,-0.15666666666666726,-0.1366666666666666,-0.1136666666666668,0.03553333333333312,2014.2083333333333,1.4593822222222244,0.4390944444444429
precipitacao,3,2014,4,2014,7,JAS,0.006666666666666081,-0.0866666666666666,-0.09933333333333348,0.4676333333333331,2014.2916666666667,-259.57,-12.73333333333332
temperatura,3,2014,4,2014,7,JAS,0.006666666666666081,-0.0866666666666666,-0.09933333333333348,0.4676333333333331,2014.2916666666667,1.6077677777777808,0.4950600000000023
precipitacao,3,2014,5,2014,8,ASO,0.19333333333333272,-0.02333333333333326,-0.10033333333333348,0.2118333333333331,2014.375,-149.97333333333336,-91.25
temperatura,3,2014,5,2014,8,ASO,0.19333333333333272,-0.02333333333333326,-0.10033333333333348,0.2118333333333331,2014.375,0.946196666666669,0.7865199999999994
precipitacao,3,2014,6,2014,9,SON,0.2733333333333327,0.07000000000000008,-0.05933333333333348,0.3365666666666664,2014.4583333333333,-82.26666666666668,-94.44999999999999
temperatura,3,2014,6,2014,9,SON,0.2733333333333327,0.07000000000000008,-0.05933333333333348,0.3365666666666664,2014.4583333333333,0.3706288888888878,0.8649155555555552
precipitacao,3,2014,7,2014,10,OND,0.21333333333333274,0.06666666666666674,-0.16100000000000014,0.21433333333333307,2014.5416666666667,-75.14666666666666,-62.32333333333338
temperatura,3,2014,7,2014,10,OND,0.21333333333333274,0.06666666666666674,-0.16100000000000014,0.21433333333333307,2014.5416666666667,0.5163077777777758,0.6383288888888927
precipitacao,3,2014,8,2014,11,NDJ,0.1199999999999994,0.03666666666666673,-0.25433333333333347,0.34309999999999974,2014.625,-64.87000000000002,-87.28999999999996
temperatura,3,2014,8,2014,11,NDJ,0.1199999999999994,0.03666666666666673,-0.25433333333333347,0.34309999999999974,2014.625,0.566430000000004,1.0251233333333332
precipitacao,3,2014,9,2014,12,DJF,0.12666666666666607,0.0233333333333334,-0.2933333333333335,-0.3102666666666669,2014.7083333333333,-37.69666666666666,-52.809999999999945
temperatura,3,2014,9,2014,12,DJF,0.12666666666666607,0.0233333333333334,-0.2933333333333335,-0.3102666666666669,2014.7083333333333,0.4390944444444429,0.8995822222222216
precipitacao,3,2014,10,2015,1,JFM,0.27333333333333276,0.0333333333333334,-0.1253333333333335,-0.40560000000000024,2014.7916666666667,-12.73333333333332,-8.970000000000027
temperatura,3,2014,10,2015,1,JFM,0.27333333333333276,0.0333333333333334,-0.1253333333333335,-0.40560000000000024,2014.7916666666667,0.4950600000000023,0.684534444444445
precipitacao,3,2014,11,2015,2,FMA,0.4833333333333327,-0.14999999999999994,0.0016666666666665172,-0.5590333333333336,2014.875,-91.25,91.92666666666662
temperatura,3,2014,11,2015,2,FMA,0.4833333333333327,-0.14999999999999994,0.0016666666666665172,-0.5590333333333336,2014.875,0.7865199999999994,-0.1298033333333315
precipitacao,3,2014,12,2015,3,MAM,0.6699999999999994,-0.3133333333333333,0.06533333333333319,0.25466666666666643,2014.9583333333333,-94.44999999999999,71.43333333333328
temperatura,3,2014,12,2015,3,MAM,0.6699999999999994,-0.3133333333333333,0.06533333333333319,0.25466666666666643,2014.9583333333333,0.8649155555555552,-0.00687111111110994
precipitacao,3,2015,1,2015,4,AMJ,0.7433333333333327,-0.25999999999999995,-0.015000000000000147,0.49256666666666643,2015.0416666666667,-62.32333333333338,-9.746666666666641
temperatura,3,2015,1,2015,4,AMJ,0.7433333333333327,-0.25999999999999995,-0.015000000000000147,0.49256666666666643,2015.0416666666667,0.6383288888888927,0.15914111111110785
precipitacao,3,2015,2,2015,5,MJJ,0.7266666666666661,-0.04333333333333326,-0.13300000000000015,1.071133333333333,2015.125,-87.28999999999996,30.22999999999999
temperatura,3,2015,2,2015,5,MJJ,0.7266666666666661,-0.04333333333333326,-0.13300000000000015,1.071133333333333,2015.125,1.0251233333333332,0.5544966666666689
precipitacao,3,2015,3,2015,6,JJA,0.6999999999999994,0.046666666666666745,-0.2286666666666668,0.8881666666666663,2015.2083333333333,-52.809999999999945,16.903333333333364
temperatura,3,2015,3,2015,6,JJA,0.6999999999999994,0.046666666666666745,-0.2286666666666668,0.8881666666666663,2015.2083333333333,0.8995822222222216,1.0142944444444453
precipitacao,3,2015,4,2015,7,JAS,0.7433333333333327,0.030000000000000072,-0.19800000000000015,1.0061333333333329,2015.2916666666667,-8.970000000000027,180.46666666666673
temperatura,3,2015,4,2015,7,JAS,0.7433333333333327,0.030000000000000072,-0.19800000000000015,1.0061333333333329,2015.2916666666667,0.684534444444445,1.4258266666666692
precipitacao,3,2015,5,2015,8,ASO,0.8733333333333327,0.016666666666666743,-0.0030000000000001505,0.7391666666666663,2015.375,91.92666666666662,89.94999999999999
temperatura,3,2015,5,2015,8,ASO,0.8733333333333327,0.016666666666666743,-0.0030000000000001505,0.7391666666666663,2015.375,-0.1298033333333315,1.6646200000000029
precipitacao,3,2015,6,2015,9,SON,1.0299999999999994,0.07666666666666674,0.17599999999999985,0.7184999999999997,2015.4583333333333,71.43333333333328,188.35000000000002
temperatura,3,2015,6,2015,9,SON,1.0299999999999994,0.07666666666666674,0.17599999999999985,0.7184999999999997,2015.4583333333333,-0.00687111111110994,1.5163488888888885
precipitacao,3,2015,7,2015,10,OND,1.2233333333333327,-0.0033333333333332624,0.25366666666666654,0.9349666666666664,2015.5416666666667,-9.746666666666641,132.97666666666657
temperatura,3,2015,7,2015,10,OND,1.2233333333333327,-0.0033333333333332624,0.25366666666666654,0.9349666666666664,2015.5416666666667,0.15914111111110785,1.2805288888888917
precipitacao,3,2015,8,2015,11,NDJ,1.4533333333333325,-0.14333333333333326,0.3629999999999998,1.1503666666666665,2015.625,30.22999999999999,195.21000000000004
temperatura,3,2015,8,2015,11,NDJ,1.4533333333333325,-0.14333333333333326,0.3629999999999998,1.1503666666666665,2015.625,0.5544966666666689,0.6748233333333289
precipitacao,3,2015,9,2015,12,DJF,1.7299999999999993,-0.2299999999999999,0.3623333333333332,1.0940666666666663,2015.7083333333333,16.903333333333364,127.69000000000017
temperatura,3,2015,9,2015,12,DJF,1.7299999999999993,-0.2299999999999999,0.3623333333333332,1.0940666666666663,2015.7083333333333,1.0142944444444453,0.5256488888888917
precipitacao,3,2015,10,2016,1,JFM,2.0099999999999993,-0.14666666666666658,0.4479999999999998,0.47809999999999975,2015.7916666666667,180.46666666666673,15.629999999999995
temperatura,3,2015,10,2016,1,JFM,2.0099999999999993,-0.14666666666666658,0.4479999999999998,0.47809999999999975,2015.7916666666667,1.4258266666666692,0.42133444444444734
precipitacao,3,2015,11,2016,2,FMA,2.2499999999999996,0.020000000000000073,0.3743333333333332,0.3559666666666664,2015.875,89.94999999999999,-8.673333333333403
temperatura,3,2015,11,2016,2,FMA,2.2499999999999996,0.020000000000000073,0.3743333333333332,0.3559666666666664,2015.875,1.6646200000000029,1.3402966666666707
precipitacao,3,2015,12,2016,3,MAM,2.4399999999999995,0.23000000000000007,0.3669999999999998,0.15553333333333305,2015.9583333333333,188.35000000000002,-20.666666666666686
temperatura,3,2015,12,2016,3,MAM,2.4399999999999995,0.23000000000000007,0.3669999999999998,0.15553333333333305,2015.9583333333333,1.5163488888888885,0.9855622222222209
precipitacao,3,2016,1,2016,4,AMJ,2.513333333333333,0.3666666666666667,0.29466666666666647,0.6760999999999996,2016.0416666666667,132.97666666666657,66.85333333333332
temperatura,3,2016,1,2016,4,AMJ,2.513333333333333,0.3666666666666667,0.29466666666666647,0.6760999999999996,2016.0416666666667,1.2805288888888917,0.10454111111111075
precipitacao,3,2016,2,2016,5,MJJ,2.4333333333333322,0.4100000000000001,0.14233333333333317,0.808733333333333,2016.125,195.21000000000004,47.129999999999995
temperatura,3,2016,2,2016,5,MJJ,2.4333333333333322,0.4100000000000001,0.14233333333333317,0.808733333333333,2016.125,0.6748233333333289,-0.7570366666666608
precipitacao,3,2016,3,2016,6,JJA,2.1333333333333324,0.34666666666666673,0.048999999999999856,1.5077999999999996,2016.2083333333333,127.69000000000017,72.40333333333334
temperatura,3,2016,3,2016,6,JJA,2.1333333333333324,0.34666666666666673,0.048999999999999856,1.5077999999999996,2016.2083333333333,0.5256488888888917,-0.5843722222222212
precipitacao,3,2016,4,2016,7,JAS,1.6699999999999993,0.21666666666666676,0.009333333333333185,1.0761666666666665,2016.2916666666667,15.629999999999995,-71.43333333333331
temperatura,3,2016,4,2016,7,JAS,1.6699999999999993,0.21666666666666676,0.009333333333333185,1.0761666666666665,2016.2916666666667,0.42133444444444734,-0.09063999999999695
precipitacao,3,2016,5,2016,8,ASO,1.1233333333333329,0.11333333333333341,0.008333333333333188,0.7158666666666664,2016.375,-8.673333333333403,25.650000000000034
temperatura,3,2016,5,2016,8,ASO,1.1233333333333329,0.11333333333333341,0.008333333333333188,0.7158666666666664,2016.375,1.3402966666666707,-0.20991333333333273
precipitacao,3,2016,6,2016,9,SON,0.5899999999999994,0.1533333333333334,-0.13666666666666683,0.8916,2016.4583333333333,-20.666666666666686,32.75
temperatura,3,2016,6,2016,9,SON,0.5899999999999994,0.1533333333333334,-0.13666666666666683,0.8916,2016.4583333333333,0.9855622222222209,-0.4730511111111113
precipitacao,3,2016,7,2016,10,OND,0.15666666666666607,0.25000000000000006,-0.43766666666666687,0.9948333333333332,2016.5416666666667,66.85333333333332,37.67666666666662
temperatura,3,2016,7,2016,10,OND,0.15666666666666607,0.25000000000000006,-0.43766666666666687,0.9948333333333332,2016.5416666666667,0.10454111111111075,0.009728888888890452
precipitacao,3,2016,8,2016,11,NDJ,-0.14666666666666728,0.35666666666666674,-0.5476666666666669,0.7445333333333332,2016.625,47.129999999999995,106.11000000000001
temperatura,3,2016,8,2016,11,NDJ,-0.14666666666666728,0.35666666666666674,-0.5476666666666669,0.7445333333333332,2016.625,-0.7570366666666608,0.12015666666666647
precipitacao,3,2016,9,2016,12,DJF,-0.31666666666666726,0.2700000000000001,-0.5456666666666669,0.6669666666666666,2016.7083333333333,72.40333333333334,-55.50999999999999
temperatura,3,2016,9,2016,12,DJF,-0.31666666666666726,0.2700000000000001,-0.5456666666666669,0.6669666666666666,2016.7083333333333,-0.5843722222222212,0.40858222222222196
precipitacao,3,2016,10,2017,1,JFM,-0.42333333333333395,0.2266666666666667,-0.4170000000000001,0.47236666666666655,2016.7916666666667,-71.43333333333331,-2.769999999999982
temperatura,3,2016,10,2017,1,JFM,-0.42333333333333395,0.2266666666666667,-0.4170000000000001,0.47236666666666655,2016.7916666666667,-0.09063999999999695,-0.0645322222222191
precipitacao,3,2016,11,2017,2,FMA,-0.4733333333333339,0.15000000000000005,-0.3966666666666668,0.21596666666666656,2016.875,25.650000000000034,-96.07333333333338
temperatura,3,2016,11,2017,2,FMA,-0.4733333333333339,0.15000000000000005,-0.3966666666666668,0.21596666666666656,2016.875,-0.20991333333333273,-0.4045033333333308
precipitacao,3,2016,12,2017,3,MAM,-0.4566666666666673,0.25000000000000006,-0.35433333333333344,-0.7987000000000002,2016.9583333333333,32.75,42.833333333333314
temperatura,3,2016,12,2017,3,MAM,-0.4566666666666673,0.25000000000000006,-0.35433333333333344,-0.7987000000000002,2016.9583333333333,-0.4730511111111113,-0.47980444444444004
precipitacao,3,2017,1,2017,4,AMJ,-0.3133333333333339,0.2533333333333334,-0.25933333333333347,-1.0670333333333335,2017.0416666666667,37.67666666666662,26.55333333333337
temperatura,3,2017,1,2017,4,AMJ,-0.3133333333333339,0.2533333333333334,-0.25933333333333347,-1.0670333333333335,2017.0416666666667,0.009728888888890452,-0.33729222222222077
precipitacao,3,2017,2,2017,5,MJJ,-0.12333333333333392,0.1600000000000001,-0.09833333333333348,-0.5694333333333335,2017.125,106.11000000000001,-39.670000000000016
temperatura,3,2017,2,2017,5,MJJ,-0.12333333333333392,0.1600000000000001,-0.09833333333333348,-0.5694333333333335,2017.125,0.12015666666666647,-0.45283666666666633
precipitacao,3,2017,3,2017,6,JJA,0.08999999999999941,0.0033333333333334103,0.12399999999999985,-0.2803333333333335,2017.2083333333333,-55.50999999999999,-65.29666666666665
temperatura,3,2017,3,2017,6,JJA,0.08999999999999941,0.0033333333333334103,0.12399999999999985,-0.2803333333333335,2017.2083333333333,0.40858222222222196,-0.8726388888888881
precipitacao,3,2017,4,2017,7,JAS,0.22333333333333275,-0.049999999999999926,0.3186666666666665,0.2534666666666665,2017.2916666666667,-2.769999999999982,-108.13333333333333
temperatura,3,2017,4,2017,7,JAS,0.22333333333333275,-0.049999999999999926,0.3186666666666665,0.2534666666666665,2017.2916666666667,-0.0645322222222191,-0.43000666666666376
precipitacao,3,2017,5,2017,8,ASO,0.31333333333333274,0.05000000000000007,0.4636666666666665,0.6093666666666665,2017.375,-96.07333333333338,-101.75
temperatura,3,2017,5,2017,8,ASO,0.31333333333333274,0.05000000000000007,0.4636666666666665,0.6093666666666665,2017.375,-0.4045033333333308,0.1818866666666672
precipitacao,3,2017,6,2017,9,SON,0.3299999999999994,0.15666666666666673,0.4859999999999998,0.7394666666666666,2017.4583333333333,42.833333333333314,-147.64999999999998
temperatura,3,2017,6,2017,9,SON,0.3299999999999994,0.15666666666666673,0.4859999999999998,0.7394666666666666,2017.4583333333333,-0.47980444444444004,0.2652488888888911
precipitacao,3,2017,7,2017,10,OND,0.2699999999999994,0.16000000000000006,0.4933333333333332,0.7758666666666665,2017.5416666666667,26.55333333333337,-105.62333333333339
temperatura,3,2017,7,2017,10,OND,0.2699999999999994,0.16000000000000006,0.4933333333333332,0.7758666666666665,2017.5416666666667,-0.33729222222222077,-0.24917111111111012
precipitacao,3,2017,8,2017,11,NDJ,0.12999999999999942,0.25000000000000006,0.4309999999999998,0.6796333333333332,2017.625,-39.670000000000016,-77.49000000000001
temperatura,3,2017,8,2017,11,NDJ,0.12999999999999942,0.25000000000000006,0.4309999999999998,0.6796333333333332,2017.625,-0.45283666666666633,-0.6624100000000013
precipitacao,3,2017,9,2017,12,DJF,-0.05333333333333393,0.2033333333333334,0.3013333333333332,0.9295333333333332,2017.7083333333333,-65.29666666666665,-144.70999999999998
temperatura,3,2017,9,2017,12,DJF,-0.05333333333333393,0.2033333333333334,0.3013333333333332,0.9295333333333332,2017.7083333333333,-0.8726388888888881,-0.9423844444444462
precipitacao,3,2017,10,2018,1,JFM,-0.24666666666666726,0.2333333333333334,0.13299999999999984,0.49753333333333316,2017.7916666666667,-108.13333333333333,-172.16999999999996
temperatura,3,2017,10,2018,1,JFM,-0.24666666666666726,0.2333333333333334,0.13299999999999984,0.49753333333333316,2017.7916666666667,-0.43000666666666376,-0.5563655555555513
precipitacao,3,2017,11,2018,2,FMA,-0.42666666666666725,0.11000000000000008,0.11299999999999984,0.4996999999999998,2017.875,-101.75,-190.17333333333335
temperatura,3,2017,11,2018,2,FMA,-0.42666666666666725,0.11000000000000008,0.11299999999999984,0.4996999999999998,2017.875,0.1818866666666672,-0.5032033333333317
precipitacao,3,2017,12,2018,3,MAM,-0.6033333333333339,0.04000000000000008,0.13799999999999982,0.3956333333333331,2017.9583333333333,-147.64999999999998,-111.76666666666668
temperatura,3,2017,12,2018,3,MAM,-0.6033333333333339,0.04000000000000008,0.13799999999999982,0.3956333333333331,2017.9583333333333,0.2652488888888911,0.10789555555555808
precipitacao,3,2018,1,2018,4,AMJ,-0.6933333333333339,0.0733333333333334,0.06633333333333317,1.0098999999999998,2018.0416666666667,-105.62333333333339,-64.94666666666666
temperatura,3,2018,1,2018,4,AMJ,-0.6933333333333339,0.0733333333333334,0.06633333333333317,1.0098999999999998,2018.0416666666667,-0.24917111111111012,0.08510777777777534
precipitacao,3,2018,2,2018,5,MJJ,-0.7133333333333339,-0.023333333333333272,0.04199999999999984,1.1000666666666665,2018.125,-77.49000000000001,-60.37000000000003
temperatura,3,2018,2,2018,5,MJJ,-0.7133333333333339,-0.023333333333333272,0.04199999999999984,1.1000666666666665,2018.125,-0.6624100000000013,0.5237633333333349
precipitacao,3,2018,3,2018,6,JJA,-0.643333333333334,-0.05333333333333327,-0.034666666666666825,0.8189333333333332,2018.2083333333333,-144.70999999999998,-2.1966666666666583
temperatura,3,2018,3,2018,6,JJA,-0.643333333333334,-0.05333333333333327,-0.034666666666666825,0.8189333333333332,2018.2083333333333,-0.9423844444444462,-0.09493888888889046
precipitacao,3,2018,4,2018,7,JAS,-0.523333333333334,-0.15999999999999992,0.00433333333333318,0.005133333333333212,2018.2916666666667,-172.16999999999996,-14.033333333333331
temperatura,3,2018,4,2018,7,JAS,-0.523333333333334,-0.15999999999999992,0.00433333333333318,0.005133333333333212,2018.2916666666667,-0.5563655555555513,-0.5845066666666625
precipitacao,3,2018,5,2018,8,ASO,-0.3233333333333339,-0.09333333333333327,-0.027000000000000152,-0.36743333333333345,2018.375,-190.17333333333335,28.849999999999966
temperatura,3,2018,5,2018,8,ASO,-0.3233333333333339,-0.09333333333333327,-0.027000000000000152,-0.36743333333333345,2018.375,-0.5032033333333317,-1.1790800000000026
precipitacao,3,2018,6,2018,9,SON,-0.09666666666666725,0.016666666666666736,0.06466666666666651,-0.41823333333333346,2018.4583333333333,-111.76666666666668,6.75
temperatura,3,2018,6,2018,9,SON,-0.09666666666666725,0.016666666666666736,0.06466666666666651,-0.41823333333333346,2018.4583333333333,0.10789555555555808,-0.8125511111111123
precipitacao,3,2018,7,2018,10,OND,0.08666666666666607,0.06666666666666674,0.10999999999999983,0.09609999999999985,2018.5416666666667,-64.94666666666666,-78.4233333333334
temperatura,3,2018,7,2018,10,OND,0.08666666666666607,0.06666666666666674,0.10999999999999983,0.09609999999999985,2018.5416666666667,0.08510777777777534,-0.39500444444444227
precipitacao,3,2018,8,2018,11,NDJ,0.2099999999999994,0.16000000000000006,0.10966666666666651,0.0073666666666665215,2018.625,-60.37000000000003,-153.99
temperatura,3,2018,8,2018,11,NDJ,0.2099999999999994,0.16000000000000006,0.10966666666666651,0.0073666666666665215,2018.625,0.5237633333333349,0.5208233333333325
precipitacao,3,2018,9,2018,12,DJF,0.3399999999999994,0.18000000000000008,0.2593333333333332,0.4974666666666665,2018.7083333333333,-2.1966666666666583,-60.70999999999992
temperatura,3,2018,9,2018,12,DJF,0.3399999999999994,0.18000000000000008,0.2593333333333332,0.4974666666666665,2018.7083333333333,-0.09493888888889046,0.4928155555555591
precipitacao,3,2018,10,2019,1,JFM,0.5466666666666661,0.2433333333333334,0.46966666666666645,0.5486333333333332,2018.7916666666667,-14.033333333333331,25.83000000000004
temperatura,3,2018,10,2019,1,JFM,0.5466666666666661,0.2433333333333334,0.46966666666666645,0.5486333333333332,2018.7916666666667,-0.5845066666666625,0.2852677777777828
precipitacao,3,2018,11,2019,2,FMA,0.7933333333333327,0.2433333333333334,0.5959999999999998,0.9931333333333332,2018.875,28.849999999999966,143.42666666666662
temperatura,3,2018,11,2019,2,FMA,0.7933333333333327,0.2433333333333334,0.5959999999999998,0.9931333333333332,2018.875,-1.1790800000000026,-0.15060333333333276
precipitacao,3,2018,12,2019,3,MAM,0.9699999999999994,0.30666666666666675,0.49766666666666654,0.8169666666666665,2018.9583333333333,6.75,48.333333333333314
temperatura,3,2018,12,2019,3,MAM,0.9699999999999994,0.30666666666666675,0.49766666666666654,0.8169666666666665,2018.9583333333333,-0.8125511111111123,0.5092288888888916
precipitacao,3,2019,1,2019,4,AMJ,1.0266666666666662,0.3400000000000001,0.3986666666666665,0.8657666666666666,2019.0416666666667,-78.4233333333334,18.353333333333325
temperatura,3,2019,1,2019,4,AMJ,1.0266666666666662,0.3400000000000001,0.3986666666666665,0.8657666666666666,2019.0416666666667,-0.39500444444444227,0.7513744444444441
precipitacao,3,2019,2,2019,5,MJJ,0.9933333333333328,0.40666666666666673,0.37066666666666653,0.36899999999999983,2019.125,-153.99,25.829999999999956
temperatura,3,2019,2,2019,5,MJJ,0.9933333333333328,0.40666666666666673,0.37066666666666653,0.36899999999999983,2019.125,0.5208233333333325,0.231696666666668
precipitacao,3,2019,3,2019,6,JJA,0.9333333333333328,0.49666666666666676,0.3426666666666665,0.3072333333333332,2019.2083333333333,-60.70999999999992,9.903333333333336
temperatura,3,2019,3,2019,6,JJA,0.9333333333333328,0.49666666666666676,0.3426666666666665,0.3072333333333332,2019.2083333333333,0.4928155555555591,-0.5257055555555539
precipitacao,3,2019,4,2019,7,JAS,0.876666666666666,0.47333333333333344,0.2996666666666665,0.19359999999999988,2019.2916666666667,25.83000000000004,-8.033333333333331
temperatura,3,2019,4,2019,7,JAS,0.876666666666666,0.47333333333333344,0.2996666666666665,0.19359999999999988,2019.2916666666667,0.2852677777777828,-0.5819399999999995
precipitacao,3,2019,5,2019,8,ASO,0.7999999999999995,0.4400000000000001,0.3409999999999999,0.4716666666666665,2019.375,143.42666666666662,-123.55000000000001
temperatura,3,2019,5,2019,8,ASO,0.7999999999999995,0.4400000000000001,0.3409999999999999,0.4716666666666665,2019.375,-0.15060333333333276,0.08375333333333401
precipitacao,3,2019,6,2019,9,SON,0.7066666666666661,0.30666666666666675,0.4676666666666665,0.7117999999999999,2019.4583333333333,48.333333333333314,-142.74999999999997
temperatura,3,2019,6,2019,9,SON,0.7066666666666661,0.30666666666666675,0.4676666666666665,0.7117999999999999,2019.4583333333333,0.5092288888888916,0.41158222222222207
precipitacao,3,2019,7,2019,10,OND,0.5599999999999995,0.27333333333333343,0.5806666666666666,0.46996666666666664,2019.5416666666667,18.353333333333325,-185.22333333333336
temperatura,3,2019,7,2019,10,OND,0.5599999999999995,0.27333333333333343,0.5806666666666666,0.46996666666666664,2019.5416666666667,0.7513744444444441,0.1426622222222278
precipitacao,3,2019,8,2019,11,NDJ,0.38999999999999946,0.2433333333333334,0.5459999999999998,-0.0017000000000000348,2019.625,25.829999999999956,-74.78999999999996
temperatura,3,2019,8,2019,11,NDJ,0.38999999999999946,0.2433333333333334,0.5459999999999998,-0.0017000000000000348,2019.625,0.231696666666668,-0.37380999999999887
precipitacao,3,2019,9,2019,12,DJF,0.29666666666666613,0.2633333333333334,0.6416666666666665,-0.30236666666666684,2019.7083333333333,9.903333333333336,21.790000000000077
temperatura,3,2019,9,2019,12,DJF,0.29666666666666613,0.2633333333333334,0.6416666666666665,-0.30236666666666684,2019.7083333333333,-0.5257055555555539,-0.8577511111111136
precipitacao,3,2019,10,2020,1,JFM,0.33999999999999947,0.2666666666666668,0.7639999999999999,-0.48086666666666683,2019.7916666666667,-8.033333333333331,29.230000000000018
temperatura,3,2019,10,2020,1,JFM,0.33999999999999947,0.2666666666666668,0.7639999999999999,-0.48086666666666683,2019.7916666666667,-0.5819399999999995,-1.1835655555555533
precipitacao,3,2019,11,2020,2,FMA,0.5133333333333329,0.4833333333333334,0.8969999999999999,-0.7340000000000003,2019.875,-123.55000000000001,-62.97333333333336
temperatura,3,2019,11,2020,2,FMA,0.5133333333333329,0.4833333333333334,0.8969999999999999,-0.7340000000000003,2019.875,0.08375333333333401,-1.4668366666666657
precipitacao,3,2019,12,2020,3,MAM,0.6599999999999995,0.6400000000000001,0.6806666666666664,-1.3749666666666667,2019.9583333333333,-142.74999999999997,-151.7666666666667
temperatura,3,2019,12,2020,3,MAM,0.6599999999999995,0.6400000000000001,0.6806666666666664,-1.3749666666666667,2019.9583333333333,0.41158222222222207,-1.471537777777776
precipitacao,3,2020,1,2020,4,AMJ,0.7266666666666661,0.8733333333333334,0.4169999999999998,-1.1436333333333335,2020.0416666666667,-185.22333333333336,-70.84666666666666
temperatura,3,2020,1,2020,4,AMJ,0.7266666666666661,0.8733333333333334,0.4169999999999998,-1.1436333333333335,2020.0416666666667,0.1426622222222278,-0.5224255555555608
precipitacao,3,2020,2,2020,5,MJJ,0.7066666666666661,0.7733333333333334,0.1566666666666665,-0.43883333333333346,2020.125,-74.78999999999996,-64.57000000000002
temperatura,3,2020,2,2020,5,MJJ,0.7066666666666661,0.7733333333333334,0.1566666666666665,-0.43883333333333346,2020.125,-0.37380999999999887,0.21069666666667075
precipitacao,3,2020,3,2020,6,JJA,0.6466666666666662,0.6100000000000001,0.08199999999999985,0.4899333333333331,2020.2083333333333,21.790000000000077,7.603333333333353
temperatura,3,2020,3,2020,6,JJA,0.6466666666666662,0.6100000000000001,0.08199999999999985,0.4899333333333331,2020.2083333333333,-0.8577511111111136,0.4188944444444438
precipitacao,3,2020,4,2020,7,JAS,0.5199999999999995,0.43,0.020666666666666517,0.4085999999999998,2020.2916666666667,29.230000000000018,-63.23333333333332
temperatura,3,2020,4,2020,7,JAS,0.5199999999999995,0.43,0.020666666666666517,0.4085999999999998,2020.2916666666667,-1.1835655555555533,0.6370933333333326
precipitacao,3,2020,5,2020,8,ASO,0.3133333333333328,0.41666666666666674,0.10199999999999985,0.5092666666666664,2020.375,-62.97333333333336,-23.350000000000023
temperatura,3,2020,5,2020,8,ASO,0.3133333333333328,0.41666666666666674,0.10199999999999985,0.5092666666666664,2020.375,-1.4668366666666657,0.5812533333333327
precipitacao,3,2020,6,2020,9,SON,0.06333333333333283,0.4100000000000001,0.24733333333333318,0.39073333333333315,2020.4583333333333,-151.7666666666667,-100.85
temperatura,3,2020,6,2020,9,SON,0.06333333333333283,0.4100000000000001,0.24733333333333318,0.39073333333333315,2020.4583333333333,-1.471537777777776,0.5395155555555533
precipitacao,3,2020,7,2020,10,OND,-0.14333333333333384,0.3700000000000001,0.3573333333333332,0.3669999999999998,2020.5416666666667,-70.84666666666666,-70.02333333333343
temperatura,3,2020,7,2020,10,OND,-0.14333333333333384,0.3700000000000001,0.3573333333333332,0.3669999999999998,2020.5416666666667,-0.5224255555555608,-0.13447111111111099
precipitacao,3,2020,8,2020,11,NDJ,-0.3000000000000005,0.2933333333333334,0.19699999999999984,-0.06536666666666684,2020.625,-64.57000000000002,-80.78999999999996
temperatura,3,2020,8,2020,11,NDJ,-0.3000000000000005,0.2933333333333334,0.19699999999999984,-0.06536666666666684,2020.625,0.21069666666667075,-0.19931000000000054
precipitacao,3,2020,9,2020,12,DJF,-0.4966666666666672,0.2266666666666667,-0.017666666666666813,-0.35753333333333354,2020.7083333333333,7.603333333333353,-56.40999999999997
temperatura,3,2020,9,2020,12,DJF,-0.4966666666666672,0.2266666666666667,-0.017666666666666813,-0.35753333333333354,2020.7083333333333,0.4188944444444438,-0.2836511111111122
precipitacao,3,2020,10,2021,1,JFM,-0.7333333333333338,0.18666666666666676,-0.09933333333333348,0.24579999999999988,2020.7916666666667,-63.23333333333332,-80.37
temperatura,3,2020,10,2021,1,JFM,-0.7333333333333338,0.18666666666666676,-0.09933333333333348,0.24579999999999988,2020.7916666666667,0.6370933333333326,-0.13203222222222166
precipitacao,3,2020,11,2021,2,FMA,-0.9600000000000005,0.06666666666666675,-0.031666666666666815,0.7570333333333332,2020.875,-23.350000000000023,-62.673333333333346
temperatura,3,2020,11,2021,2,FMA,-0.9600000000000005,0.06666666666666675,-0.031666666666666815,0.7570333333333332,2020.875,0.5812533333333327,-0.9315366666666627
precipitacao,3,2020,12,2021,3,MAM,-1.0566666666666673,-0.08999999999999993,0.04166666666666652,1.1860333333333333,2020.9583333333333,-100.85,-75.4666666666667
temperatura,3,2020,12,2021,3,MAM,-1.0566666666666673,-0.08999999999999993,0.04166666666666652,1.1860333333333333,2020.9583333333333,0.5395155555555533,-0.7092711111111072
precipitacao,3,2021,1,2021,4,AMJ,-1.053333333333334,-0.18666666666666662,0.03399999999999985,1.1130333333333333,2021.0416666666667,-70.02333333333343,-56.04666666666665
temperatura,3,2021,1,2021,4,AMJ,-1.053333333333334,-0.18666666666666662,0.03399999999999985,1.1130333333333333,2021.0416666666667,-0.13447111111111099,-1.1236255555555559
precipitacao,3,2021,2,2021,5,MJJ,-0.9666666666666671,-0.2766666666666666,0.10833333333333317,1.2897999999999998,2021.125,-80.78999999999996,-84.87000000000002
temperatura,3,2021,2,2021,5,MJJ,-0.9666666666666671,-0.2766666666666666,0.10833333333333317,1.2897999999999998,2021.125,-0.19931000000000054,-1.150603333333331
precipitacao,3,2021,3,2021,6,JJA,-0.8600000000000004,-0.21999999999999995,0.18699999999999983,0.8246333333333332,2021.2083333333333,-56.40999999999997,-62.596666666666664
temperatura,3,2021,3,2021,6,JJA,-0.8600000000000004,-0.21999999999999995,0.18699999999999983,0.8246333333333332,2021.2083333333333,-0.2836511111111122,-0.913405555555558
precipitacao,3,2021,4,2021,7,JAS,-0.7166666666666672,-0.15999999999999992,0.2533333333333332,0.7522333333333332,2021.2916666666667,-80.37,-117.33333333333331
temperatura,3,2021,4,2021,7,JAS,-0.7166666666666672,-0.15999999999999992,0.2533333333333332,0.7522333333333332,2021.2916666666667,-0.13203222222222166,-0.20410666666666444
precipitacao,3,2021,5,2021,8,ASO,-0.5666666666666672,0.08666666666666673,0.17533333333333315,0.40899999999999986,2021.375,-62.673333333333346,-39.95000000000002
temperatura,3,2021,5,2021,8,ASO,-0.5666666666666672,0.08666666666666673,0.17533333333333315,0.40899999999999986,2021.375,-0.9315366666666627,-0.07284666666666695
precipitacao,3,2021,6,2021,9,SON,-0.42333333333333384,0.3500000000000001,0.0856666666666665,0.7734666666666664,2021.4583333333333,-75.4666666666667,-124.54999999999998
temperatura,3,2021,6,2021,9,SON,-0.42333333333333384,0.3500000000000001,0.0856666666666665,0.7734666666666664,2021.4583333333333,-0.7092711111111072,-0.42791777777777895
precipitacao,3,2021,7,2021,10,OND,-0.3533333333333339,0.6166666666666667,-0.07400000000000016,0.34449999999999986,2021.5416666666667,-56.04666666666665,-30.32333333333338
temperatura,3,2021,7,2021,10,OND,-0.3533333333333339,0.6166666666666667,-0.07400000000000016,0.34449999999999986,2021.5416666666667,-1.1236255555555559,-1.3338377777777737
precipitacao,3,2021,8,2021,11,NDJ,-0.3733333333333338,0.7200000000000001,-0.11000000000000017,0.16429999999999986,2021.625,-84.87000000000002,-8.889999999999986
temperatura,3,2021,8,2021,11,NDJ,-0.3733333333333338,0.7200000000000001,-0.11000000000000017,0.16429999999999986,2021.625,-1.150603333333331,-0.976110000000002
precipitacao,3,2021,9,2021,12,DJF,-0.48333333333333384,0.67,-0.12866666666666685,0.21669999999999986,2021.7083333333333,-62.596666666666664,7.290000000000077
temperatura,3,2021,9,2021,12,DJF,-0.48333333333333384,0.67,-0.12866666666666685,0.21669999999999986,2021.7083333333333,-0.913405555555558,-1.0210177777777787
precipitacao,3,2021,10,2022,1,JFM,-0.6233333333333338,0.5233333333333334,-0.08266666666666683,0.5209333333333331,2021.7916666666667,-117.33333333333331,-0.9699999999999136
temperatura,3,2021,10,2022,1,JFM,-0.6233333333333338,0.5233333333333334,-0.08266666666666683,0.5209333333333331,2021.7916666666667,-0.20410666666666444,-0.261865555555552
precipitacao,3,2021,11,2022,2,FMA,-0.7733333333333339,0.39000000000000007,-0.026666666666666828,1.0369,2021.875,-39.95000000000002,-58.87333333333339
temperatura,3,2021,11,2022,2,FMA,-0.7733333333333339,0.39000000000000007,-0.026666666666666828,1.0369,2021.875,-0.07284666666666695,-0.2842699999999958
precipitacao,3,2021,12,2022,3,MAM,-0.8366666666666672,0.24666666666666673,-0.0473333333333335,1.3096999999999996,2021.9583333333333,-124.54999999999998,-23.26666666666671
temperatura,3,2021,12,2022,3,MAM,-0.8366666666666672,0.24666666666666673,-0.0473333333333335,1.3096999999999996,2021.9583333333333,-0.42791777777777895,-0.3063377777777774
precipitacao,3,2022,1,2022,4,AMJ,-0.8333333333333339,0.1533333333333334,-0.035666666666666826,1.4336999999999998,2022.0416666666667,-30.32333333333338,-36.74666666666667
temperatura,3,2022,1,2022,4,AMJ,-0.8333333333333339,0.1533333333333334,-0.035666666666666826,1.4336999999999998,2022.0416666666667,-1.3338377777777737,-0.8785255555555587
precipitacao,3,2022,2,2022,5,MJJ,-0.7566666666666672,0.2000000000000001,-0.08600000000000017,1.2077333333333329,2022.125,-8.889999999999986,-81.27000000000004
temperatura,3,2022,2,2022,5,MJJ,-0.7566666666666672,0.2000000000000001,-0.08600000000000017,1.2077333333333329,2022.125,-0.976110000000002,-0.36860333333333273
precipitacao,3,2022,3,2022,6,JJA,-0.7366666666666672,0.27333333333333343,-0.07700000000000017,0.6755999999999998,2022.2083333333333,7.290000000000077,-41.89666666666666
temperatura,3,2022,3,2022,6,JJA,-0.7366666666666672,0.27333333333333343,-0.07700000000000017,0.6755999999999998,2022.2083333333333,-1.0210177777777787,-0.4464722222222228
precipitacao,3,2022,4,2022,7,JAS,-0.7700000000000005,0.2766666666666668,-0.08100000000000017,0.577833333333333,2022.2916666666667,-0.9699999999999136,-2.0333333333333314
temperatura,3,2022,4,2022,7,JAS,-0.7700000000000005,0.2766666666666668,-0.08100000000000017,0.577833333333333,2022.2916666666667,-0.261865555555552,-0.9927399999999942
precipitacao,3,2022,5,2022,8,ASO,-0.8200000000000004,0.12666666666666673,-0.09433333333333349,0.39559999999999973,2022.375,-58.87333333333339,81.94999999999999
temperatura,3,2022,5,2022,8,ASO,-0.8200000000000004,0.12666666666666673,-0.09433333333333349,0.39559999999999973,2022.375,-0.2842699999999958,-1.5012800000000013
precipitacao,3,2022,6,2022,9,SON,-0.8066666666666671,0.1533333333333334,-0.17500000000000018,-0.08096666666666692,2022.4583333333333,-23.26666666666671,62.650000000000034
temperatura,3,2022,6,2022,9,SON,-0.8066666666666671,0.1533333333333334,-0.17500000000000018,-0.08096666666666692,2022.4583333333333,-0.3063377777777774,-1.838617777777781
precipitacao,3,2022,7,2022,10,OND,-0.7533333333333339,0.1300000000000001,-0.21733333333333352,-0.10936666666666695,2022.5416666666667,-36.74666666666667,104.47666666666657
temperatura,3,2022,7,2022,10,OND,-0.7533333333333339,0.1300000000000001,-0.21733333333333352,-0.10936666666666695,2022.5416666666667,-0.8785255555555587,-1.3988711111111094
precipitacao,3,2022,8,2022,11,NDJ,-0.7366666666666671,0.18666666666666676,-0.2586666666666669,0.10223333333333302,2022.625,-81.27000000000004,47.20999999999992
temperatura,3,2022,8,2022,11,NDJ,-0.7366666666666671,0.18666666666666676,-0.2586666666666669,0.10223333333333302,2022.625,-0.36860333333333273,-1.6314433333333334
precipitacao,3,2022,9,2022,12,DJF,-0.7833333333333338,0.15333333333333343,-0.2543333333333335,0.8821666666666662,2022.7083333333333,-41.89666666666666,131.09000000000003
temperatura,3,2022,9,2022,12,DJF,-0.7833333333333338,0.15333333333333343,-0.2543333333333335,0.8821666666666662,2022.7083333333333,-0.4464722222222228,-1.0703844444444464
precipitacao,3,2022,10,2023,1,JFM,-0.8466666666666672,0.22666666666666677,-0.4196666666666668,0.8433666666666664,2022.7916666666667,-2.0333333333333314,67.73000000000002
temperatura,3,2022,10,2023,1,JFM,-0.8466666666666672,0.22666666666666677,-0.4196666666666668,0.8433666666666664,2022.7916666666667,-0.9927399999999942,-0.5972655555555555
precipitacao,3,2022,11,2023,2,FMA,-0.8600000000000004,0.2766666666666668,-0.4273333333333335,1.170733333333333,2022.875,81.94999999999999,143.12666666666667
temperatura,3,2022,11,2023,2,FMA,-0.8600000000000004,0.2766666666666668,-0.4273333333333335,1.170733333333333,2022.875,-1.5012800000000013,-0.7120366666666627
precipitacao,3,2022,12,2023,3,MAM,-0.8033333333333338,0.3233333333333334,-0.35033333333333355,1.248033333333333,2022.9583333333333,62.650000000000034,65.13333333333333
temperatura,3,2022,12,2023,3,MAM,-0.8033333333333338,0.3233333333333334,-0.35033333333333355,1.248033333333333,2022.9583333333333,-1.838617777777781,-0.5718044444444459
precipitacao,3,2023,1,2023,4,AMJ,-0.6900000000000004,0.38666666666666677,-0.08333333333333352,1.905833333333333,2023.0416666666667,104.47666666666657,16.853333333333353
temperatura,3,2023,1,2023,4,AMJ,-0.6900000000000004,0.38666666666666677,-0.08333333333333352,1.905833333333333,2023.0416666666667,-1.3988711111111094,-0.9102588888888867
precipitacao,3,2023,2,2023,5,MJJ,-0.5266666666666672,0.3700000000000001,0.05866666666666648,1.5192333333333332,2023.125,47.20999999999992,-66.97000000000001
temperatura,3,2023,2,2023,5,MJJ,-0.5266666666666672,0.3700000000000001,0.05866666666666648,1.5192333333333332,2023.125,-1.6314433333333334,-0.3897366666666606
precipitacao,3,2023,3,2023,6,JJA,-0.33000000000000057,0.3033333333333334,0.22699999999999979,0.8663666666666664,2023.2083333333333,131.09000000000003,-55.596666666666664
temperatura,3,2023,3,2023,6,JJA,-0.33000000000000057,0.3033333333333334,0.22699999999999979,0.8663666666666664,2023.2083333333333,-1.0703844444444464,-0.023505555555555446
precipitacao,3,2023,4,2023,7,JAS,-0.08333333333333386,0.20333333333333345,0.3769999999999998,-0.2084333333333336,2023.2916666666667,67.73000000000002,-77.83333333333331
temperatura,3,2023,4,2023,7,JAS,-0.08333333333333386,0.20333333333333345,0.3769999999999998,-0.2084333333333336,2023.2916666666667,-0.5972655555555555,1.1457933333333372
precipitacao,3,2023,5,2023,8,ASO,0.1799999999999995,0.25666666666666677,0.4723333333333331,0.09096666666666635,2023.375,143.12666666666667,30.55000000000001
temperatura,3,2023,5,2023,8,ASO,0.1799999999999995,0.25666666666666677,0.4723333333333331,0.09096666666666635,2023.375,-0.7120366666666627,1.3265199999999986
precipitacao,3,2023,6,2023,9,SON,0.4599999999999995,0.2966666666666668,0.5559999999999998,0.03106666666666637,2023.4583333333333,65.13333333333333,20.850000000000023
temperatura,3,2023,6,2023,9,SON,0.4599999999999995,0.2966666666666668,0.5559999999999998,0.03106666666666637,2023.4583333333333,-0.5718044444444459,1.7368155555555518
precipitacao,3,2023,7,2023,10,OND,0.7299999999999995,0.3266666666666668,0.5353333333333331,0.0651999999999997,2023.5416666666667,16.853333333333353,-35.723333333333414
temperatura,3,2023,7,2023,10,OND,0.7299999999999995,0.3266666666666668,0.5353333333333331,0.0651999999999997,2023.5416666666667,-0.9102588888888867,1.2508955555555588
precipitacao,3,2023,8,2023,11,NDJ,0.9933333333333328,0.2800000000000001,0.6629999999999998,-0.43146666666666694,2023.625,-66.97000000000001,-140.49
temperatura,3,2023,8,2023,11,NDJ,0.9933333333333328,0.2800000000000001,0.6629999999999998,-0.43146666666666694,2023.625,-0.3897366666666606,1.03872333333333
precipitacao,3,2023,9,2023,12,DJF,1.2499999999999996,0.2766666666666668,0.7566666666666664,-0.6356333333333336,2023.7083333333333,-55.596666666666664,-132.10999999999996
temperatura,3,2023,9,2023,12,DJF,1.2499999999999996,0.2766666666666668,0.7566666666666664,-0.6356333333333336,2023.7083333333333,-0.023505555555555446,0.2808155555555558
precipitacao,3,2023,10,2024,1,JFM,1.4966666666666661,0.24666666666666673,0.8586666666666664,-0.18446666666666697,2023.7916666666667,-77.83333333333331,-52.97000000000003
temperatura,3,2023,10,2024,1,JFM,1.4966666666666661,0.24666666666666673,0.8586666666666664,-0.18446666666666697,2023.7916666666667,1.1457933333333372,0.11953444444444727
precipitacao,3,2023,11,2024,2,FMA,1.713333333333333,0.39000000000000007,0.8899999999999997,-0.13956666666666695,2023.875,30.55000000000001,-25.073333333333323
temperatura,3,2023,11,2024,2,FMA,1.713333333333333,0.39000000000000007,0.8899999999999997,-0.13956666666666695,2023.875,1.3265199999999986,0.44229666666666745
precipitacao,3,2023,12,2024,3,MAM,1.8766666666666663,0.6566666666666667,0.8586666666666666,0.7138999999999998,2023.9583333333333,20.850000000000023,-44.56666666666669
temperatura,3,2023,12,2024,3,MAM,1.8766666666666663,0.6566666666666667,0.8586666666666666,0.7138999999999998,2023.9583333333333,1.7368155555555518,1.4076288888888904
precipitacao,3,2024,1,2024,4,AMJ,1.9099999999999995,0.9233333333333335,0.8456666666666663,0.842833333333333,2024.0416666666667,-35.723333333333414,-76.14666666666668
temperatura,3,2024,1,2024,4,AMJ,1.9099999999999995,0.9233333333333335,0.8456666666666663,0.842833333333333,2024.0416666666667,1.2508955555555588,1.729207777777777
precipitacao,3,2024,2,2024,5,MJJ,1.7866666666666664,1.06,0.6479999999999998,1.1582666666666663,2024.125,-140.49,-84.27000000000002
temperatura,3,2024,2,2024,5,MJJ,1.7866666666666664,1.06,0.6479999999999998,1.1582666666666663,2024.125,1.03872333333333,1.3799633333333325
precipitacao,3,2024,3,2024,6,JJA,1.5166666666666664,1.1533333333333333,0.5043333333333331,0.635633333333333,2024.2083333333333,-132.10999999999996,-39.096666666666664
temperatura,3,2024,3,2024,6,JJA,1.5166666666666664,1.1533333333333333,0.5043333333333331,0.635633333333333,2024.2083333333333,0.2808155555555558,0.37952777777778124
precipitacao,3,2024,4,2024,7,JAS,1.1599999999999995,1.1900000000000002,0.39599999999999974,0.6634666666666664,2024.2916666666667,-52.97000000000003,-73.33333333333333
temperatura,3,2024,4,2024,7,JAS,1.1599999999999995,1.1900000000000002,0.39599999999999974,0.6634666666666664,2024.2916666666667,0.11953444444444727,0.8854933333333364
precipitacao,3,2024,5,2024,8,ASO,0.7933333333333329,1.0833333333333335,0.38633333333333314,0.2914999999999998,2024.375,-25.073333333333323,-78.75
temperatura,3,2024,5,2024,8,ASO,0.7933333333333329,1.0833333333333335,0.38633333333333314,0.2914999999999998,2024.375,0.44229666666666745,0.9156866666666694
precipitacao,3,2024,6,2024,9,SON,0.4599999999999995,0.8200000000000002,0.3116666666666665,0.3808333333333331,2024.4583333333333,-44.56666666666669,-49.14999999999998
temperatura,3,2024,6,2024,9,SON,0.4599999999999995,0.8200000000000002,0.3116666666666665,0.3808333333333331,2024.4583333333333,1.4076288888888904,1.3331822222222236
precipitacao,3,2024,7,2024,10,OND,0.22333333333333286,0.5633333333333334,0.1759999999999998,-0.15330000000000024,2024.5416666666667,-76.14666666666668,82.87666666666667
temperatura,3,2024,7,2024,10,OND,0.22333333333333286,0.5633333333333334,0.1759999999999998,-0.15330000000000024,2024.5416666666667,1.729207777777777,0.5032622222222258
precipitacao,3,2024,8,2024,11,NDJ,0.06666666666666622,0.35333333333333344,0.16566666666666646,-0.8457333333333336,2024.625,-84.27000000000002,186.40999999999997
temperatura,3,2024,8,2024,11,NDJ,0.06666666666666622,0.35333333333333344,0.16566666666666646,-0.8457333333333336,2024.625,1.3799633333333325,0.655623333333331
precipitacao,3,2024,9,2024,12,DJF,-0.03333333333333378,0.27333333333333343,0.13833333333333311,-0.883166666666667,2024.7083333333333,-39.096666666666664,81.59000000000003
temperatura,3,2024,9,2024,12,DJF,-0.03333333333333378,0.27333333333333343,0.13833333333333311,-0.883166666666667,2024.7083333333333,0.37952777777778124,1.0571488888888858
precipitacao,3,2024,10,2025,1,JFM,-0.1166666666666671,0.25666666666666677,0.06199999999999978,-0.8732000000000002,2024.7916666666667,-73.33333333333333,-19.470000000000027
temperatura,3,2024,10,2025,1,JFM,-0.1166666666666671,0.25666666666666677,0.06199999999999978,-0.8732000000000002,2024.7916666666667,0.8854933333333364,1.333501111111115
precipitacao,3,2024,11,2025,2,FMA,-0.20000000000000048,0.2666666666666668,-0.15433333333333357,0.18343333333333303,2024.875,-78.75,-17.873333333333335
temperatura,3,2024,11,2025,2,FMA,-0.20000000000000048,0.2666666666666668,-0.15433333333333357,0.18343333333333303,2024.875,0.9156866666666694,1.1220300000000059
precipitacao,3,2024,12,2025,3,MAM,-0.3033333333333338,0.2700000000000001,-0.3030000000000002,-0.12446666666666695,2024.9583333333333,-49.14999999999998,-0.466666666666697
temperatura,3,2024,12,2025,3,MAM,-0.3033333333333338,0.2700000000000001,-0.3030000000000002,-0.12446666666666695,2024.9583333333333,1.3331822222222236,0.8411622222222235
precipitacao,3,2025,1,2025,4,AMJ,-0.39333333333333376,0.28333333333333344,-0.3030000000000002,0.03776666666666637,2025.0416666666667,82.87666666666667,37.853333333333325
temperatura,3,2025,1,2025,4,AMJ,-0.39333333333333376,0.28333333333333344,-0.3030000000000002,0.03776666666666637,2025.0416666666667,0.5032622222222258,0.4535744444444454
precipitacao,3,2025,2,2025,5,MJJ,-0.3700000000000005,0.3200000000000001,-0.17000000000000023,-0.39233333333333364,2025.125,186.40999999999997,-81.57000000000002
temperatura,3,2025,2,2025,5,MJJ,-0.3700000000000005,0.3200000000000001,-0.17000000000000023,-0.39233333333333364,2025.125,0.655623333333331,0.24179666666666577
precipitacao,3,2025,3,2025,6,JJA,-0.2533333333333338,0.2433333333333334,-0.040333333333333554,0.1273666666666663,2025.2083333333333,81.59000000000003,-51.29666666666665
temperatura,3,2025,3,2025,6,JJA,-0.2533333333333338,0.2433333333333334,-0.040333333333333554,0.1273666666666663,2025.2083333333333,1.0571488888888858,-0.20380555555555802
precipitacao,3,2025,4,2025,7,JAS,-0.09333333333333381,0.17333333333333342,0.07466666666666645,0.5334666666666662,2025.2916666666667,-19.470000000000027,-124.53333333333332
temperatura,3,2025,4,2025,7,JAS,-0.09333333333333381,0.17333333333333342,0.07466666666666645,0.5334666666666662,2025.2916666666667,1.333501111111115,-0.08450666666666251
precipitacao,3,2025,5,2025,8,ASO,-0.0333333333333338,0.12000000000000006,0.10466666666666645,0.7932666666666662,2025.375,-17.873333333333335,-44.05000000000001
temperatura,3,2025,5,2025,8,ASO,-0.0333333333333338,0.12000000000000006,0.10466666666666645,0.7932666666666662,2025.375,1.1220300000000059,-0.0629466666666687
precipitacao,3,2025,6,2025,9,SON,-0.013333333333333799,0.1300000000000001,0.08066666666666646,0.6185333333333329,2025.4583333333333,-0.466666666666697,-30.849999999999966
temperatura,3,2025,6,2025,9,SON,-0.013333333333333799,0.1300000000000001,0.08066666666666646,0.6185333333333329,2025.4583333333333,0.8411622222222235,-0.06798444444444485
precipitacao,3,2025,7,2025,10,OND,-0.056666666666667136,0.1300000000000001,0.00699999999999978,0.490233333333333,2025.5416666666667,37.853333333333325,23.776666666666642
temperatura,3,2025,7,2025,10,OND,-0.056666666666667136,0.1300000000000001,0.00699999999999978,0.490233333333333,2025.5416666666667,0.4535744444444454,0.4398622222222244
precipitacao,3,2025,8,2025,11,NDJ,-0.13000000000000048,0.09666666666666675,-0.16866666666666688,0.4395666666666663,2025.625,-81.57000000000002,41.90999999999997
temperatura,3,2025,8,2025,11,NDJ,-0.13000000000000048,0.09666666666666675,-0.16866666666666688,0.4395666666666663,2025.625,0.24179666666666577,0.5363233333333319
precipitacao,3,2025,9,2025,12,DJF,-0.2666666666666671,0.10333333333333343,-0.3196666666666669,0.1334999999999996,2025.7083333333333,-51.29666666666665,139.29000000000008
temperatura,3,2025,9,2025,12,DJF,-0.2666666666666671,0.10333333333333343,-0.3196666666666669,0.1334999999999996,2025.7083333333333,-0.20380555555555802,0.5666155555555541
precipitacao,3,2025,10,2026,1,JFM,-0.42000000000000043,0.06666666666666675,-0.44500000000000023,-0.5296000000000004,2025.7916666666667,-124.53333333333332,167.23000000000002
temperatura,3,2025,10,2026,1,JFM,-0.42000000000000043,0.06666666666666675,-0.44500000000000023,-0.5296000000000004,2025.7916666666667,-0.08450666666666251,0.022534444444445967
precipitacao,3,2025,11,2026,2,FMA,-0.5366666666666671,0.05000000000000007,-0.3903333333333336,-1.089666666666667,2025.875,-44.05000000000001,166.12666666666667
temperatura,3,2025,11,2026,2,FMA,-0.5366666666666671,0.05000000000000007,-0.3903333333333336,-1.089666666666667,2025.875,-0.0629466666666687,0.5392300000000034
precipitacao,3,2025,12,2026,3,MAM,-0.5933333333333338,0.06333333333333341,-0.2403333333333335,-1.2318333333333336,2025.9583333333333,-30.849999999999966,100.0333333333333
temperatura,3,2025,12,2026,3,MAM,-0.5933333333333338,0.06333333333333341,-0.2403333333333335,-1.2318333333333336,2025.9583333333333,-0.06798444444444485,0.6994288888888889
precipitacao,3,2026,1,2026,4,AMJ,-0.5333333333333338,0.1633333333333334,-0.05000000000000021,-0.5372333333333336,2026.0416666666667,23.776666666666642,129.85333333333332
temperatura,3,2026,1,2026,4,AMJ,-0.5333333333333338,0.1633333333333334,-0.05000000000000021,-0.5372333333333336,2026.0416666666667,0.4398622222222244,0.4689411111111106
precipitacao,3,2026,2,2026,5,MJJ,-0.4000000000000004,0.3066666666666667,0.21166666666666645,0.06683333333333298,2026.125,41.90999999999997,54.829999999999984
temperatura,3,2026,2,2026,5,MJJ,-0.4000000000000004,0.3066666666666667,0.21166666666666645,0.06683333333333298,2026.125,0.5363233333333319,0.47953000000000046
precipitacao,3,2026,3,2026,6,JJA,-0.16333333333333377,0.3400000000000001,0.31233333333333313,0.6093999999999996,2026.2083333333333,139.29000000000008,40.403333333333336
temperatura,3,2026,3,2026,6,JJA,-0.16333333333333377,0.3400000000000001,0.31233333333333313,0.6093999999999996,2026.2083333333333,0.5666155555555541,1.2306944444444454
precipitacao,6,1979,3,1979,9,SON,0.22999999999999973,-0.5499999999999999,0.04133333333333311,0.48810000000000003,1979.2083333333333,-114.80999999999989,108.25
temperatura,6,1979,3,1979,9,SON,0.22999999999999973,-0.5499999999999999,0.04133333333333311,0.48810000000000003,1979.2083333333333,-1.4700511111111112,-0.6915177777777792
precipitacao,6,1979,4,1979,10,OND,0.27333333333333304,-0.48666666666666664,-0.13333333333333355,0.6443666666666666,1979.2916666666667,-139.87,24.576666666666597
temperatura,6,1979,4,1979,10,OND,0.27333333333333304,-0.48666666666666664,-0.13333333333333355,0.6443666666666666,1979.2916666666667,-1.7323988888888877,-0.28243777777777623
precipitacao,6,1979,5,1979,11,NDJ,0.29999999999999977,-0.4066666666666667,-0.22833333333333353,0.7668333333333334,1979.375,-7.57333333333338,-38.59000000000003
temperatura,6,1979,5,1979,11,NDJ,0.29999999999999977,-0.4066666666666667,-0.22833333333333353,0.7668333333333334,1979.375,-1.3414033333333322,-0.885976666666668
precipitacao,6,1979,6,1979,12,DJF,0.2499999999999997,-0.26,-0.18066666666666686,1.0337666666666665,1979.4583333333333,101.03333333333336,-35.50999999999999
temperatura,6,1979,6,1979,12,DJF,0.2499999999999997,-0.26,-0.18066666666666686,1.0337666666666665,1979.4583333333333,-1.066037777777776,-0.8139511111111126
precipitacao,6,1979,7,1980,1,JFM,0.17333333333333303,-0.19999999999999998,-0.21666666666666687,1.6119333333333332,1979.5416666666667,47.25333333333336,-123.26999999999998
temperatura,6,1979,7,1980,1,JFM,0.17333333333333303,-0.19999999999999998,-0.21666666666666687,1.6119333333333332,1979.5416666666667,-1.1044922222222233,-0.17199888888888637
precipitacao,6,1979,8,1980,2,FMA,0.14999999999999972,-0.08666666666666667,-0.1440000000000002,1.552533333333333,1979.625,27.53,-49.873333333333335
temperatura,6,1979,8,1980,2,FMA,0.14999999999999972,-0.08666666666666667,-0.1440000000000002,1.552533333333333,1979.625,-1.0209033333333313,0.28042999999999907
precipitacao,6,1979,9,1980,3,MAM,0.21666666666666642,0.03000000000000001,-0.27333333333333354,1.1957,1979.7083333333333,8.603333333333353,-73.8666666666667
temperatura,6,1979,9,1980,3,MAM,0.21666666666666642,0.03000000000000001,-0.27333333333333354,1.1957,1979.7083333333333,-0.7536055555555556,0.9071955555555604
precipitacao,6,1979,10,1980,4,AMJ,0.34333333333333305,0.013333333333333336,-0.2730000000000002,0.44493333333333335,1979.7916666666667,149.3666666666667,-19.546666666666653
temperatura,6,1979,10,1980,4,AMJ,0.34333333333333305,0.013333333333333336,-0.2730000000000002,0.44493333333333335,1979.7916666666667,-0.7621066666666643,0.16724111111111029
precipitacao,6,1979,11,1980,5,MJJ,0.43666666666666637,-0.049999999999999996,-0.2813333333333335,0.12226666666666665,1979.875,154.64999999999998,-50.97000000000003
temperatura,6,1979,11,1980,5,MJJ,0.43666666666666637,-0.049999999999999996,-0.2813333333333335,0.12226666666666665,1979.875,-0.14054666666666904,0.14209666666667076
precipitacao,6,1979,12,1980,6,JJA,0.5366666666666663,-0.19000000000000003,-0.2220000000000002,-0.4044666666666667,1979.9583333333333,108.25,35.60333333333335
temperatura,6,1979,12,1980,6,JJA,0.5366666666666663,-0.19000000000000003,-0.2220000000000002,-0.4044666666666667,1979.9583333333333,-0.6915177777777792,-0.26047222222221933
precipitacao,6,1980,1,1980,7,JAS,0.5866666666666663,-0.29333333333333333,-0.17000000000000018,-0.6067333333333332,1980.0416666666667,24.576666666666597,47.166666666666686
temperatura,6,1980,1,1980,7,JAS,0.5866666666666663,-0.29333333333333333,-0.17000000000000018,-0.6067333333333332,1980.0416666666667,-0.28243777777777623,-0.8800733333333284
precipitacao,6,1980,2,1980,8,ASO,0.5766666666666663,-0.4566666666666667,-0.1530000000000002,-0.7924666666666665,1980.125,-38.59000000000003,64.84999999999997
temperatura,6,1980,2,1980,8,ASO,0.5766666666666663,-0.4566666666666667,-0.1530000000000002,-0.7924666666666665,1980.125,-0.885976666666668,-1.0896800000000013
precipitacao,6,1980,3,1980,9,SON,0.4799999999999997,-0.5666666666666667,-0.2586666666666668,-0.9503666666666666,1980.2083333333333,-35.50999999999999,-9.349999999999966
temperatura,6,1980,3,1980,9,SON,0.4799999999999997,-0.5666666666666667,-0.2586666666666668,-0.9503666666666666,1980.2083333333333,-0.8139511111111126,-1.3480844444444458
precipitacao,6,1980,4,1980,10,OND,0.3866666666666663,-0.5466666666666666,-0.2380000000000002,-1.4907666666666666,1980.2916666666667,-123.26999999999998,71.47666666666657
temperatura,6,1980,4,1980,10,OND,0.3866666666666663,-0.5466666666666666,-0.2380000000000002,-1.4907666666666666,1980.2916666666667,-0.17199888888888637,-0.3511044444444451
precipitacao,6,1980,5,1980,11,NDJ,0.3799999999999997,-0.47,-0.1933333333333335,-1.3237666666666665,1980.375,-49.873333333333335,164.90999999999997
temperatura,6,1980,5,1980,11,NDJ,0.3799999999999997,-0.47,-0.1933333333333335,-1.3237666666666665,1980.375,0.28042999999999907,-0.3116433333333326
precipitacao,6,1980,6,1980,12,DJF,0.39666666666666633,-0.39666666666666667,-0.18133333333333349,-0.7537333333333333,1980.4583333333333,-73.8666666666667,111.79000000000008
temperatura,6,1980,6,1980,12,DJF,0.39666666666666633,-0.39666666666666667,-0.18133333333333349,-0.7537333333333333,1980.4583333333333,0.9071955555555604,-0.018584444444442738
precipitacao,6,1980,7,1981,1,JFM,0.34333333333333305,-0.36000000000000004,-0.3696666666666668,-0.7122999999999999,1980.5416666666667,-19.546666666666653,20.33000000000004
temperatura,6,1980,7,1981,1,JFM,0.34333333333333305,-0.36000000000000004,-0.3696666666666668,-0.7122999999999999,1980.5416666666667,0.16724111111111029,-0.203532222222222
precipitacao,6,1980,8,1981,2,FMA,0.17333333333333303,-0.2866666666666667,-0.6216666666666668,-0.8849999999999999,1980.625,-50.97000000000003,-69.37333333333333
temperatura,6,1980,8,1981,2,FMA,0.17333333333333303,-0.2866666666666667,-0.6216666666666668,-0.8849999999999999,1980.625,0.14209666666667076,-0.46640333333333217
precipitacao,6,1980,9,1981,3,MAM,-0.01666666666666697,-0.17,-0.7426666666666669,-1.5471666666666666,1980.7083333333333,35.60333333333335,-40.166666666666686
temperatura,6,1980,9,1981,3,MAM,-0.01666666666666697,-0.17,-0.7426666666666669,-1.5471666666666666,1980.7083333333333,-0.26047222222221933,-0.22853777777777395
precipitacao,6,1980,10,1981,4,AMJ,-0.10000000000000031,-0.15,-0.7416666666666668,-0.7067333333333332,1980.7916666666667,47.166666666666686,-11.846666666666664
temperatura,6,1980,10,1981,4,AMJ,-0.10000000000000031,-0.15,-0.7416666666666668,-0.7067333333333332,1980.7916666666667,-0.8800733333333284,-0.7161922222222223
precipitacao,6,1980,11,1981,5,MJJ,-0.05333333333333364,-0.24,-0.6066666666666668,-1.0454333333333332,1980.875,64.84999999999997,63.42999999999998
temperatura,6,1980,11,1981,5,MJJ,-0.05333333333333364,-0.24,-0.6066666666666668,-1.0454333333333332,1980.875,-1.0896800000000013,-1.20130333333333
precipitacao,6,1980,12,1981,6,JJA,-0.013333333333333633,-0.5133333333333333,-0.5193333333333335,-0.5972666666666666,1980.9583333333333,-9.349999999999966,126.30333333333334
temperatura,6,1980,12,1981,6,JJA,-0.013333333333333633,-0.5133333333333333,-0.5193333333333335,-0.5972666666666666,1980.9583333333333,-1.3480844444444458,-1.8092388888888902
precipitacao,6,1981,1,1981,7,JAS,-0.08000000000000031,-0.6333333333333333,-0.36700000000000016,-0.7128999999999999,1981.0416666666667,71.47666666666657,79.36666666666665
temperatura,6,1981,1,1981,7,JAS,-0.08000000000000031,-0.6333333333333333,-0.36700000000000016,-0.7128999999999999,1981.0416666666667,-0.3511044444444451,-1.13547333333333
precipitacao,6,1981,2,1981,8,ASO,-0.24666666666666695,-0.7333333333333334,-0.23600000000000013,-0.028833333333333183,1981.125,164.90999999999997,39.75
temperatura,6,1981,2,1981,8,ASO,-0.24666666666666695,-0.7333333333333334,-0.23600000000000013,-0.028833333333333183,1981.125,-0.3116433333333326,-1.074113333333333
precipitacao,6,1981,3,1981,9,SON,-0.3666666666666669,-0.7766666666666667,-0.06633333333333348,-0.23189999999999986,1981.2083333333333,111.79000000000008,17.25
temperatura,6,1981,3,1981,9,SON,-0.3666666666666669,-0.7766666666666667,-0.06633333333333348,-0.23189999999999986,1981.2083333333333,-0.018584444444442738,-0.5937177777777798
precipitacao,6,1981,4,1981,10,OND,-0.3666666666666669,-0.85,0.03166666666666652,-0.7960666666666665,1981.2916666666667,20.33000000000004,26.276666666666642
temperatura,6,1981,4,1981,10,OND,-0.3666666666666669,-0.85,0.03166666666666652,-0.7960666666666665,1981.2916666666667,-0.203532222222222,-1.0295044444444414
precipitacao,6,1981,5,1981,11,NDJ,-0.3200000000000003,-0.8566666666666668,0.03366666666666652,-0.9238333333333332,1981.375,-69.37333333333333,-57.49000000000001
temperatura,6,1981,5,1981,11,NDJ,-0.3200000000000003,-0.8566666666666668,0.03366666666666652,-0.9238333333333332,1981.375,-0.46640333333333217,-0.9438100000000027
precipitacao,6,1981,6,1981,12,DJF,-0.27333333333333365,-0.7033333333333333,-0.05466666666666681,-0.4847666666666665,1981.4583333333333,-40.166666666666686,-62.1099999999999
temperatura,6,1981,6,1981,12,DJF,-0.27333333333333365,-0.7033333333333333,-0.05466666666666681,-0.4847666666666665,1981.4583333333333,-0.22853777777777395,-1.1327511111111122
precipitacao,6,1981,7,1982,1,JFM,-0.276666666666667,-0.5866666666666667,-0.2723333333333335,-0.32606666666666656,1981.5416666666667,-11.846666666666664,35.129999999999995
temperatura,6,1981,7,1982,1,JFM,-0.276666666666667,-0.5866666666666667,-0.2723333333333335,-0.32606666666666656,1981.5416666666667,-0.7161922222222223,-1.1091322222222217
precipitacao,6,1981,8,1982,2,FMA,-0.26000000000000034,-0.36000000000000004,-0.47566666666666685,-0.9175,1981.625,63.42999999999998,69.3266666666666
temperatura,6,1981,8,1982,2,FMA,-0.26000000000000034,-0.36000000000000004,-0.47566666666666685,-0.9175,1981.625,-1.20130333333333,-1.0548033333333287
precipitacao,6,1981,9,1982,3,MAM,-0.19666666666666696,-0.16666666666666666,-0.6483333333333335,-1.5378666666666667,1981.7083333333333,126.30333333333334,80.5333333333333
temperatura,6,1981,9,1982,3,MAM,-0.19666666666666696,-0.16666666666666666,-0.6483333333333335,-1.5378666666666667,1981.7083333333333,-1.8092388888888902,-1.3608044444444438
precipitacao,6,1981,10,1982,4,AMJ,-0.15666666666666698,0.03333333333333333,-0.6636666666666668,-1.296,1981.7916666666667,79.36666666666665,24.653333333333336
temperatura,6,1981,10,1982,4,AMJ,-0.15666666666666698,0.03333333333333333,-0.6636666666666668,-1.296,1981.7916666666667,-1.13547333333333,-0.72092555555556
precipitacao,6,1981,11,1982,5,MJJ,-0.14333333333333365,0.08333333333333333,-0.5633333333333335,-0.38136666666666663,1981.875,39.75,44.02999999999997
temperatura,6,1981,11,1982,5,MJJ,-0.14333333333333365,0.08333333333333333,-0.5633333333333335,-0.38136666666666663,1981.875,-1.074113333333333,0.13159666666667036
precipitacao,6,1981,12,1982,6,JJA,-0.16333333333333364,0.013333333333333327,-0.31733333333333347,0.49390000000000006,1981.9583333333333,17.25,77.20333333333332
temperatura,6,1981,12,1982,6,JJA,-0.16333333333333364,0.013333333333333327,-0.31733333333333347,0.49390000000000006,1981.9583333333333,-0.5937177777777798,0.5376277777777787
precipitacao,6,1982,1,1982,7,JAS,-0.12666666666666698,-0.12666666666666668,-0.06733333333333348,0.39586666666666676,1982.0416666666667,26.276666666666642,-37.93333333333331
temperatura,6,1982,1,1982,7,JAS,-0.12666666666666698,-0.12666666666666668,-0.06733333333333348,0.39586666666666676,1982.0416666666667,-1.0295044444444414,0.008026666666669513
precipitacao,6,1982,2,1982,8,ASO,-0.056666666666666976,-0.31,0.0973333333333332,0.2797333333333334,1982.125,-57.49000000000001,47.05000000000001
temperatura,6,1982,2,1982,8,ASO,-0.056666666666666976,-0.31,0.0973333333333332,0.2797333333333334,1982.125,-0.9438100000000027,-0.35964666666666645
precipitacao,6,1982,3,1982,9,SON,0.01333333333333303,-0.44333333333333336,0.12166666666666653,0.4421,1982.2083333333333,-62.1099999999999,52.35000000000002
temperatura,6,1982,3,1982,9,SON,0.01333333333333303,-0.44333333333333336,0.12166666666666653,0.4421,1982.2083333333333,-1.1327511111111122,0.02374888888888549
precipitacao,6,1982,4,1982,10,OND,0.14333333333333304,-0.5633333333333334,0.11333333333333317,1.1373666666666666,1982.2916666666667,35.129999999999995,255.0766666666667
temperatura,6,1982,4,1982,10,OND,0.14333333333333304,-0.5633333333333334,0.11333333333333317,1.1373666666666666,1982.2916666666667,-1.1091322222222217,-0.2017711111111069
precipitacao,6,1982,5,1982,11,NDJ,0.35333333333333306,-0.6433333333333333,0.13199999999999987,1.0842666666666667,1982.375,69.3266666666666,158.61
temperatura,6,1982,5,1982,11,NDJ,0.35333333333333306,-0.6433333333333333,0.13199999999999987,1.0842666666666667,1982.375,-1.0548033333333287,-0.09887666666666917
precipitacao,6,1982,6,1982,12,DJF,0.573333333333333,-0.71,0.19899999999999984,0.8564666666666666,1982.4583333333333,80.5333333333333,177.89
temperatura,6,1982,6,1982,12,DJF,0.573333333333333,-0.71,0.19899999999999984,0.8564666666666666,1982.4583333333333,-1.3608044444444438,-0.5097177777777802
precipitacao,6,1982,7,1983,1,JFM,0.7199999999999998,-0.7233333333333333,0.24766666666666656,0.20776666666666666,1982.5416666666667,24.653333333333336,104.73000000000002
temperatura,6,1982,7,1983,1,JFM,0.7199999999999998,-0.7233333333333333,0.24766666666666656,0.20776666666666666,1982.5416666666667,-0.72092555555556,-0.22693222222222076
precipitacao,6,1982,8,1983,2,FMA,0.833333333333333,-0.7433333333333332,0.25866666666666654,0.4282333333333333,1982.625,44.02999999999997,216.3266666666666
temperatura,6,1982,8,1983,2,FMA,0.833333333333333,-0.7433333333333332,0.25866666666666654,0.4282333333333333,1982.625,0.13159666666667036,-0.18063666666666123
precipitacao,6,1982,9,1983,3,MAM,1.073333333333333,-0.6433333333333333,0.3209999999999999,0.6482,1982.7083333333333,77.20333333333332,255.7333333333333
temperatura,6,1982,9,1983,3,MAM,1.073333333333333,-0.6433333333333333,0.3209999999999999,0.6482,1982.7083333333333,0.5376277777777787,0.26556222222222203
precipitacao,6,1982,10,1983,4,AMJ,1.4199999999999997,-0.52,0.44066666666666654,0.5523333333333332,1982.7916666666667,-37.93333333333331,373.4533333333334
temperatura,6,1982,10,1983,4,AMJ,1.4199999999999997,-0.52,0.44066666666666654,0.5523333333333332,1982.7916666666667,0.008026666666669513,0.3371411111111051
precipitacao,6,1982,11,1983,5,MJJ,1.7666666666666664,-0.4166666666666667,0.4499999999999999,0.009499999999999953,1982.875,47.05000000000001,262.42999999999995
temperatura,6,1982,11,1983,5,MJJ,1.7666666666666664,-0.4166666666666667,0.4499999999999999,0.009499999999999953,1982.875,-0.35964666666666645,0.7675966666666696
precipitacao,6,1982,12,1983,6,JJA,1.9899999999999995,-0.4066666666666667,0.2483333333333332,-1.1617333333333335,1982.9583333333333,52.35000000000002,155.90333333333336
temperatura,6,1982,12,1983,6,JJA,1.9899999999999995,-0.4066666666666667,0.2483333333333332,-1.1617333333333335,1982.9583333333333,0.02374888888888549,0.1080611111111125
precipitacao,6,1983,1,1983,7,JAS,2.0966666666666662,-0.3,-0.12033333333333347,-1.3744333333333334,1983.0416666666667,255.0766666666667,182.46666666666667
temperatura,6,1983,1,1983,7,JAS,2.0966666666666662,-0.3,-0.12033333333333347,-1.3744333333333334,1983.0416666666667,-0.2017711111111069,-0.5304066666666607
precipitacao,6,1983,2,1983,8,ASO,2.056666666666666,-0.10999999999999995,-0.4110000000000002,-1.4516000000000002,1983.125,158.61,243.84999999999997
temperatura,6,1983,2,1983,8,ASO,2.056666666666666,-0.10999999999999995,-0.4110000000000002,-1.4516000000000002,1983.125,-0.09887666666666917,-1.3604466666666646
precipitacao,6,1983,3,1983,9,SON,1.8566666666666665,-0.12666666666666662,-0.6073333333333335,-0.7516000000000002,1983.2083333333333,177.89,237.45000000000005
temperatura,6,1983,3,1983,9,SON,1.8566666666666665,-0.12666666666666662,-0.6073333333333335,-0.7516000000000002,1983.2083333333333,-0.5097177777777802,-1.0795844444444462
precipitacao,6,1983,4,1983,10,OND,1.553333333333333,-0.31,-0.6320000000000001,-0.25500000000000017,1983.2916666666667,104.73000000000002,54.5766666666666
temperatura,6,1983,4,1983,10,OND,1.553333333333333,-0.31,-0.6320000000000001,-0.25500000000000017,1983.2916666666667,-0.22693222222222076,-0.44193777777777754
precipitacao,6,1983,5,1983,11,NDJ,1.233333333333333,-0.6133333333333334,-0.4553333333333334,-0.040500000000000126,1983.375,216.3266666666666,-62.99000000000001
temperatura,6,1983,5,1983,11,NDJ,1.233333333333333,-0.6133333333333334,-0.4553333333333334,-0.040500000000000126,1983.375,-0.18063666666666123,0.40075666666666265
precipitacao,6,1983,6,1983,12,DJF,0.933333333333333,-0.7066666666666667,-0.0813333333333335,-0.18353333333333346,1983.4583333333333,255.7333333333333,-158.80999999999995
temperatura,6,1983,6,1983,12,DJF,0.933333333333333,-0.7066666666666667,-0.0813333333333335,-0.18353333333333346,1983.4583333333333,0.26556222222222203,0.8574488888888894
precipitacao,6,1983,7,1984,1,JFM,0.6066666666666664,-0.7066666666666667,0.27899999999999986,0.13803333333333323,1983.5416666666667,373.4533333333334,-207.57
temperatura,6,1983,7,1984,1,JFM,0.6066666666666664,-0.7066666666666667,0.27899999999999986,0.13803333333333323,1983.5416666666667,0.3371411111111051,0.9165677777777823
precipitacao,6,1983,8,1984,2,FMA,0.26999999999999974,-0.5333333333333333,0.4133333333333333,0.5477666666666665,1983.625,262.42999999999995,-77.37333333333333
temperatura,6,1983,8,1984,2,FMA,0.26999999999999974,-0.5333333333333333,0.4133333333333333,0.5477666666666665,1983.625,0.7675966666666696,0.22196333333333484
precipitacao,6,1983,9,1984,3,MAM,-0.0800000000000003,-0.31666666666666665,0.2673333333333332,0.4033666666666666,1983.7083333333333,155.90333333333336,74.63333333333327
temperatura,6,1983,9,1984,3,MAM,-0.0800000000000003,-0.31666666666666665,0.2673333333333332,0.4033666666666666,1983.7083333333333,0.1080611111111125,0.35372888888889165
precipitacao,6,1983,10,1984,4,AMJ,-0.41666666666666696,-0.2333333333333333,-0.003666666666666781,0.4298333333333331,1983.7916666666667,182.46666666666667,42.75333333333333
temperatura,6,1983,10,1984,4,AMJ,-0.41666666666666696,-0.2333333333333333,-0.003666666666666781,0.4298333333333331,1983.7916666666667,-0.5304066666666607,0.7835744444444437
precipitacao,6,1983,11,1984,5,MJJ,-0.7166666666666669,-0.17999999999999994,-0.2330000000000001,0.40829999999999983,1983.875,243.84999999999997,-50.770000000000024
temperatura,6,1983,11,1984,5,MJJ,-0.7166666666666669,-0.17999999999999994,-0.2330000000000001,0.40829999999999983,1983.875,-1.3604466666666646,1.320496666666667
precipitacao,6,1983,12,1984,6,JJA,-0.8700000000000002,-0.10333333333333329,-0.2440000000000001,0.7987999999999998,1983.9583333333333,237.45000000000005,-22.096666666666664
temperatura,6,1983,12,1984,6,JJA,-0.8700000000000002,-0.10333333333333329,-0.2440000000000001,0.7987999999999998,1983.9583333333333,-1.0795844444444462,0.025427777777778715
precipitacao,6,1984,1,1984,7,JAS,-0.826666666666667,0.1166666666666667,-0.22233333333333347,0.03513333333333316,1984.0416666666667,54.5766666666666,59.166666666666686
temperatura,6,1984,1,1984,7,JAS,-0.826666666666667,0.1166666666666667,-0.22233333333333347,0.03513333333333316,1984.0416666666667,-0.44193777777777754,-0.8741733333333279
precipitacao,6,1984,2,1984,8,ASO,-0.6766666666666671,0.2833333333333334,-0.15766666666666676,-0.3885666666666669,1984.125,-62.99000000000001,39.25
temperatura,6,1984,2,1984,8,ASO,-0.6766666666666671,0.2833333333333334,-0.15766666666666676,-0.3885666666666669,1984.125,0.40075666666666265,-1.1332466666666683
precipitacao,6,1984,3,1984,9,SON,-0.5066666666666669,0.39000000000000007,-0.16466666666666677,-0.46343333333333353,1984.2083333333333,-158.80999999999995,9.250000000000057
temperatura,6,1984,3,1984,9,SON,-0.5066666666666669,0.39000000000000007,-0.16466666666666677,-0.46343333333333353,1984.2083333333333,0.8574488888888894,-0.48435111111110984
precipitacao,6,1984,4,1984,10,OND,-0.4533333333333336,0.3366666666666667,-0.07366666666666677,-0.16566666666666688,1984.2916666666667,-207.57,-26.12333333333339
temperatura,6,1984,4,1984,10,OND,-0.4533333333333336,0.3366666666666667,-0.07366666666666677,-0.16566666666666688,1984.2916666666667,0.9165677777777823,-0.45137111111110784
precipitacao,6,1984,5,1984,11,NDJ,-0.46666666666666695,0.18333333333333338,-0.12533333333333344,-0.39690000000000025,1984.375,-77.37333333333333,51.210000000000036
temperatura,6,1984,5,1984,11,NDJ,-0.46666666666666695,0.18333333333333338,-0.12533333333333344,-0.39690000000000025,1984.375,0.22196333333333484,-1.087176666666668
precipitacao,6,1984,6,1984,12,DJF,-0.5133333333333336,0.08333333333333337,-0.20333333333333345,-0.33850000000000025,1984.4583333333333,74.63333333333327,51.690000000000055
temperatura,6,1984,6,1984,12,DJF,-0.5133333333333336,0.08333333333333337,-0.20333333333333345,-0.33850000000000025,1984.4583333333333,0.35372888888889165,-1.1101844444444424
precipitacao,6,1984,7,1985,1,JFM,-0.48666666666666697,0.1166666666666667,-0.3420000000000001,0.026099999999999717,1984.5416666666667,42.75333333333333,19.129999999999995
temperatura,6,1984,7,1985,1,JFM,-0.48666666666666697,0.1166666666666667,-0.3420000000000001,0.026099999999999717,1984.5416666666667,0.7835744444444437,-0.4918988888888869
precipitacao,6,1984,8,1985,2,FMA,-0.376666666666667,0.3333333333333333,-0.40633333333333344,0.2557666666666664,1984.625,-50.770000000000024,50.226666666666574
temperatura,6,1984,8,1985,2,FMA,-0.376666666666667,0.3333333333333333,-0.40633333333333344,0.2557666666666664,1984.625,1.320496666666667,0.2634299999999996
precipitacao,6,1984,9,1985,3,MAM,-0.31000000000000033,0.5166666666666667,-0.49033333333333334,0.2227333333333331,1984.7083333333333,-22.096666666666664,-8.666666666666686
temperatura,6,1984,9,1985,3,MAM,-0.31000000000000033,0.5166666666666667,-0.49033333333333334,0.2227333333333331,1984.7083333333333,0.025427777777778715,0.1681622222222252
precipitacao,6,1984,10,1985,4,AMJ,-0.386666666666667,0.54,-0.5863333333333334,-0.07693333333333356,1984.7916666666667,59.166666666666686,-20.24666666666664
temperatura,6,1984,10,1985,4,AMJ,-0.386666666666667,0.54,-0.5863333333333334,-0.07693333333333356,1984.7916666666667,-0.8741733333333279,-0.5298255555555578
precipitacao,6,1984,11,1985,5,MJJ,-0.6300000000000003,0.39333333333333337,-0.56,0.0978333333333331,1984.875,39.25,-105.97000000000003
temperatura,6,1984,11,1985,5,MJJ,-0.6300000000000003,0.39333333333333337,-0.56,0.0978333333333331,1984.875,-1.1332466666666683,-1.0525033333333322
precipitacao,6,1984,12,1985,6,JJA,-0.8766666666666669,0.16000000000000006,-0.45,-0.5030333333333336,1984.9583333333333,9.250000000000057,-80.59666666666666
temperatura,6,1984,12,1985,6,JJA,-0.8766666666666669,0.16000000000000006,-0.45,-0.5030333333333336,1984.9583333333333,-0.48435111111110984,-0.6497055555555562
precipitacao,6,1985,1,1985,7,JAS,-1.006666666666667,0.03333333333333341,-0.38766666666666677,-0.7648333333333336,1985.0416666666667,-26.12333333333339,-93.53333333333333
temperatura,6,1985,1,1985,7,JAS,-1.006666666666667,0.03333333333333341,-0.38766666666666677,-0.7648333333333336,1985.0416666666667,-0.45137111111110784,-0.20707333333333366
precipitacao,6,1985,2,1985,8,ASO,-0.976666666666667,0.0733333333333334,-0.4573333333333334,-0.684966666666667,1985.125,51.210000000000036,-99.85000000000002
temperatura,6,1985,2,1985,8,ASO,-0.976666666666667,0.0733333333333334,-0.4573333333333334,-0.684966666666667,1985.125,-1.087176666666668,0.17258666666666755
precipitacao,6,1985,3,1985,9,SON,-0.9066666666666671,0.006666666666666747,-0.545,-0.23763333333333356,1985.2083333333333,51.690000000000055,-105.54999999999995
temperatura,6,1985,3,1985,9,SON,-0.9066666666666671,0.006666666666666747,-0.545,-0.23763333333333356,1985.2083333333333,-1.1101844444444424,-0.1163511111111113
precipitacao,6,1985,4,1985,10,OND,-0.836666666666667,-0.039999999999999925,-0.4560000000000001,0.03779999999999978,1985.2916666666667,19.129999999999995,-70.62333333333333
temperatura,6,1985,4,1985,10,OND,-0.836666666666667,-0.039999999999999925,-0.4560000000000001,0.03779999999999978,1985.2916666666667,-0.4918988888888869,-0.21067111111111103
precipitacao,6,1985,5,1985,11,NDJ,-0.8133333333333338,-0.1566666666666666,-0.3213333333333334,-0.056066666666666896,1985.375,50.226666666666574,-62.389999999999986
temperatura,6,1985,5,1985,11,NDJ,-0.8133333333333338,-0.1566666666666666,-0.3213333333333334,-0.056066666666666896,1985.375,0.2634299999999996,-0.06801000000000101
precipitacao,6,1985,6,1985,12,DJF,-0.7300000000000004,-0.1766666666666666,-0.35066666666666674,-0.1217666666666669,1985.4583333333333,-8.666666666666686,-25.009999999999877
temperatura,6,1985,6,1985,12,DJF,-0.7300000000000004,-0.1766666666666666,-0.35066666666666674,-0.1217666666666669,1985.4583333333333,0.1681622222222252,-0.09855111111111015
precipitacao,6,1985,7,1986,1,JFM,-0.6100000000000004,-0.11666666666666659,-0.41866666666666674,0.505633333333333,1985.5416666666667,-20.24666666666664,162.63
temperatura,6,1985,7,1986,1,JFM,-0.6100000000000004,-0.11666666666666659,-0.41866666666666674,0.505633333333333,1985.5416666666667,-0.5298255555555578,0.15950111111111198
precipitacao,6,1985,8,1986,2,FMA,-0.456666666666667,-0.11666666666666659,-0.4973333333333334,0.7259333333333332,1985.625,-105.97000000000003,206.7266666666667
temperatura,6,1985,8,1986,2,FMA,-0.456666666666667,-0.11666666666666659,-0.4973333333333334,0.7259333333333332,1985.625,-1.0525033333333322,0.22279666666666742
precipitacao,6,1985,9,1986,3,MAM,-0.3600000000000004,-0.06999999999999991,-0.36700000000000005,1.3385999999999998,1985.7083333333333,-80.59666666666666,199.5333333333333
temperatura,6,1985,9,1986,3,MAM,-0.3600000000000004,-0.06999999999999991,-0.36700000000000005,1.3385999999999998,1985.7083333333333,-0.6497055555555562,0.795462222222227
precipitacao,6,1985,10,1986,4,AMJ,-0.31333333333333374,-0.05999999999999991,-0.39833333333333343,0.8576333333333331,1985.7916666666667,-93.53333333333333,-33.44666666666666
temperatura,6,1985,10,1986,4,AMJ,-0.31333333333333374,-0.05999999999999991,-0.39833333333333343,0.8576333333333331,1985.7916666666667,-0.20707333333333366,0.738341111111108
precipitacao,6,1985,11,1986,5,MJJ,-0.296666666666667,-0.00666666666666658,-0.2206666666666667,1.020933333333333,1985.875,-99.85000000000002,-19.670000000000016
temperatura,6,1985,11,1986,5,MJJ,-0.296666666666667,-0.00666666666666658,-0.2206666666666667,1.020933333333333,1985.875,0.17258666666666755,0.2550300000000014
precipitacao,6,1985,12,1986,6,JJA,-0.31333333333333374,0.04666666666666675,-0.2803333333333334,0.931933333333333,1985.9583333333333,-105.54999999999995,30.903333333333336
temperatura,6,1985,12,1986,6,JJA,-0.31333333333333374,0.04666666666666675,-0.2803333333333334,0.931933333333333,1985.9583333333333,-0.1163511111111113,-0.2518388888888907
precipitacao,6,1986,1,1986,7,JAS,-0.34666666666666707,-0.016666666666666583,-0.15200000000000005,0.8275999999999998,1986.0416666666667,-70.62333333333333,46.66666666666666
temperatura,6,1986,1,1986,7,JAS,-0.34666666666666707,-0.016666666666666583,-0.15200000000000005,0.8275999999999998,1986.0416666666667,-0.21067111111111103,-0.6092066666666618
precipitacao,6,1986,2,1986,8,ASO,-0.38000000000000034,0.030000000000000086,-0.2216666666666667,-0.06330000000000029,1986.125,-62.389999999999986,-2.1500000000000057
temperatura,6,1986,2,1986,8,ASO,-0.38000000000000034,0.030000000000000086,-0.2216666666666667,-0.06330000000000029,1986.125,-0.06801000000000101,-0.6424800000000026
precipitacao,6,1986,3,1986,9,SON,-0.3433333333333337,0.033333333333333416,-0.1493333333333334,-0.7332666666666668,1986.2083333333333,-25.009999999999877,-100.44999999999999
temperatura,6,1986,3,1986,9,SON,-0.3433333333333337,0.033333333333333416,-0.1493333333333334,-0.7332666666666668,1986.2083333333333,-0.09855111111111015,-0.2610177777777807
precipitacao,6,1986,4,1986,10,OND,-0.26666666666666705,0.07000000000000009,-0.20700000000000007,-0.8147666666666669,1986.2916666666667,162.63,98.97666666666657
temperatura,6,1986,4,1986,10,OND,-0.26666666666666705,0.07000000000000009,-0.20700000000000007,-0.8147666666666669,1986.2916666666667,0.15950111111111198,0.00596222222222309
precipitacao,6,1986,5,1986,11,NDJ,-0.17000000000000037,-0.023333333333333244,-0.2133333333333334,-0.9009666666666668,1986.375,206.7266666666667,128.61
temperatura,6,1986,5,1986,11,NDJ,-0.17000000000000037,-0.023333333333333244,-0.2133333333333334,-0.9009666666666668,1986.375,0.22279666666666742,0.48735666666666333
precipitacao,6,1986,6,1986,12,DJF,-0.08000000000000038,-0.0033333333333332438,-0.23966666666666678,-0.8509000000000002,1986.4583333333333,199.5333333333333,107.09000000000003
temperatura,6,1986,6,1986,12,DJF,-0.08000000000000038,-0.0033333333333332438,-0.23966666666666678,-0.8509000000000002,1986.4583333333333,0.795462222222227,-0.0801511111111104
precipitacao,6,1986,7,1987,1,JFM,0.05666666666666629,-0.01333333333333324,-0.3263333333333334,-0.7922666666666668,1986.5416666666667,-33.44666666666666,-165.16999999999996
temperatura,6,1986,7,1987,1,JFM,0.05666666666666629,-0.01333333333333324,-0.3263333333333334,-0.7922666666666668,1986.5416666666667,0.738341111111108,-0.1253322222222195
precipitacao,6,1986,8,1987,2,FMA,0.23999999999999963,0.01666666666666676,-0.4086666666666668,-0.22906666666666678,1986.625,-19.670000000000016,-118.97333333333336
temperatura,6,1986,8,1987,2,FMA,0.23999999999999963,0.01666666666666676,-0.4086666666666668,-0.22906666666666678,1986.625,0.2550300000000014,-0.036103333333333154
precipitacao,6,1986,9,1987,3,MAM,0.4466666666666663,0.03666666666666676,-0.36300000000000004,0.26029999999999986,1986.7083333333333,30.903333333333336,5.833333333333314
temperatura,6,1986,9,1987,3,MAM,0.4466666666666663,0.03666666666666676,-0.36300000000000004,0.26029999999999986,1986.7083333333333,-0.2518388888888907,-0.07107111111110953
precipitacao,6,1986,10,1987,4,AMJ,0.653333333333333,0.030000000000000086,-0.19700000000000006,0.3324666666666665,1986.7916666666667,46.66666666666666,157.75333333333336
temperatura,6,1986,10,1987,4,AMJ,0.653333333333333,0.030000000000000086,-0.19700000000000006,0.3324666666666665,1986.7916666666667,-0.6092066666666618,-0.33735888888888965
precipitacao,6,1986,11,1987,5,MJJ,0.853333333333333,-0.0899999999999999,-0.1443333333333334,0.3106333333333332,1986.875,-2.1500000000000057,92.72999999999999
temperatura,6,1986,11,1987,5,MJJ,0.853333333333333,-0.0899999999999999,-0.1443333333333334,0.3106333333333332,1986.875,-0.6424800000000026,-0.18533666666666448
precipitacao,6,1986,12,1987,6,JJA,1.043333333333333,-0.22333333333333324,-0.18833333333333344,0.32316666666666655,1986.9583333333333,-100.44999999999999,16.30333333333334
temperatura,6,1986,12,1987,6,JJA,1.043333333333333,-0.22333333333333324,-0.18833333333333344,0.32316666666666655,1986.9583333333333,-0.2610177777777807,-0.38360555555555464
precipitacao,6,1987,1,1987,7,JAS,1.1499999999999997,-0.30333333333333323,-0.1993333333333334,-0.09553333333333351,1987.0416666666667,98.97666666666657,-11.833333333333343
temperatura,6,1987,1,1987,7,JAS,1.1499999999999997,-0.30333333333333323,-0.1993333333333334,-0.09553333333333351,1987.0416666666667,0.00596222222222309,-0.42097333333333253
precipitacao,6,1987,2,1987,8,ASO,1.173333333333333,-0.24999999999999992,-0.10466666666666674,-0.2572666666666668,1987.125,128.61,121.34999999999997
temperatura,6,1987,2,1987,8,ASO,1.173333333333333,-0.24999999999999992,-0.10466666666666674,-0.2572666666666668,1987.125,0.48735666666666333,-1.066046666666665
precipitacao,6,1987,3,1987,9,SON,1.1099999999999997,-0.2299999999999999,-0.05933333333333341,-0.5969333333333335,1987.2083333333333,107.09000000000003,75.05000000000001
temperatura,6,1987,3,1987,9,SON,1.1099999999999997,-0.2299999999999999,-0.05933333333333341,-0.5969333333333335,1987.2083333333333,-0.0801511111111104,-0.717484444444441
precipitacao,6,1987,4,1987,10,OND,1.0299999999999996,-0.21333333333333324,-0.08466666666666674,-0.37533333333333346,1987.2916666666667,-165.16999999999996,54.97666666666663
temperatura,6,1987,4,1987,10,OND,1.0299999999999996,-0.21333333333333324,-0.08466666666666674,-0.37533333333333346,1987.2916666666667,-0.1253322222222195,-0.23340444444444586
precipitacao,6,1987,5,1987,11,NDJ,0.9699999999999998,-0.16999999999999993,-0.04333333333333341,-0.1265666666666668,1987.375,-118.97333333333336,-96.49000000000001
temperatura,6,1987,5,1987,11,NDJ,0.9699999999999998,-0.16999999999999993,-0.04333333333333341,-0.1265666666666668,1987.375,-0.036103333333333154,0.3576566666666636
precipitacao,6,1987,6,1987,12,DJF,0.9999999999999997,-0.07333333333333325,0.03899999999999992,-0.31630000000000014,1987.4583333333333,5.833333333333314,40.29000000000008
temperatura,6,1987,6,1987,12,DJF,0.9999999999999997,-0.07333333333333325,0.03899999999999992,-0.31630000000000014,1987.4583333333333,-0.07107111111110953,-0.06851777777777812
precipitacao,6,1987,7,1988,1,JFM,1.1199999999999999,0.10000000000000009,0.15999999999999992,-0.7315333333333335,1987.5416666666667,157.75333333333336,19.029999999999973
temperatura,6,1987,7,1988,1,JFM,1.1199999999999999,0.10000000000000009,0.15999999999999992,-0.7315333333333335,1987.5416666666667,-0.33735888888888965,0.04330111111111634
precipitacao,6,1987,8,1988,2,FMA,1.2899999999999998,0.2000000000000001,0.20399999999999988,-0.2493333333333334,1987.625,92.72999999999999,203.2266666666667
temperatura,6,1987,8,1988,2,FMA,1.2899999999999998,0.2000000000000001,0.20399999999999988,-0.2493333333333334,1987.625,-0.18533666666666448,-0.4673033333333336
precipitacao,6,1987,9,1988,3,MAM,1.4166666666666663,0.22000000000000008,0.2983333333333333,-0.28166666666666684,1987.7083333333333,16.30333333333334,229.33333333333331
temperatura,6,1987,9,1988,3,MAM,1.4166666666666663,0.22000000000000008,0.2983333333333333,-0.28166666666666684,1987.7083333333333,-0.38360555555555464,-0.11283777777777715
precipitacao,6,1987,10,1988,4,AMJ,1.4533333333333331,0.2000000000000001,0.3143333333333333,0.3805999999999998,1987.7916666666667,-11.833333333333343,251.15333333333334
temperatura,6,1987,10,1988,4,AMJ,1.4533333333333331,0.2000000000000001,0.3143333333333333,0.3805999999999998,1987.7916666666667,-0.42097333333333253,-0.7732588888888898
precipitacao,6,1987,11,1988,5,MJJ,1.3666666666666665,0.2700000000000001,0.19833333333333325,0.2389999999999998,1987.875,121.34999999999997,96.92999999999998
temperatura,6,1987,11,1988,5,MJJ,1.3666666666666665,0.2700000000000001,0.19833333333333325,0.2389999999999998,1987.875,-1.066046666666665,-1.5601033333333323
precipitacao,6,1987,12,1988,6,JJA,1.203333333333333,0.25666666666666677,0.11833333333333325,0.5960666666666664,1987.9583333333333,75.05000000000001,-52.79666666666667
temperatura,6,1987,12,1988,6,JJA,1.203333333333333,0.25666666666666677,0.11833333333333325,0.5960666666666664,1987.9583333333333,-0.717484444444441,-1.4605388888888875
precipitacao,6,1988,1,1988,7,JAS,0.943333333333333,0.29333333333333345,0.15133333333333324,0.24033333333333318,1988.0416666666667,54.97666666666663,-85.33333333333331
temperatura,6,1988,1,1988,7,JAS,0.943333333333333,0.29333333333333345,0.15133333333333324,0.24033333333333318,1988.0416666666667,-0.23340444444444586,-0.5901066666666637
precipitacao,6,1988,2,1988,8,ASO,0.6666666666666664,0.27333333333333343,0.11699999999999992,0.0704666666666665,1988.125,-96.49000000000001,16.149999999999977
temperatura,6,1988,2,1988,8,ASO,0.6666666666666664,0.27333333333333343,0.11699999999999992,0.0704666666666665,1988.125,0.3576566666666636,-0.23197999999999652
precipitacao,6,1988,3,1988,9,SON,0.32333333333333303,0.37333333333333335,-0.03800000000000008,-0.09330000000000016,1988.2083333333333,40.29000000000008,-26.249999999999943
temperatura,6,1988,3,1988,9,SON,0.32333333333333303,0.37333333333333335,-0.03800000000000008,-0.09330000000000016,1988.2083333333333,-0.06851777777777812,-0.6309177777777784
precipitacao,6,1988,4,1988,10,OND,-0.03666666666666696,0.3666666666666667,-0.1983333333333334,0.08499999999999984,1988.2916666666667,19.029999999999973,-45.62333333333339
temperatura,6,1988,4,1988,10,OND,-0.03666666666666696,0.3666666666666667,-0.1983333333333334,0.08499999999999984,1988.2916666666667,0.04330111111111634,-1.046504444444441
precipitacao,6,1988,5,1988,11,NDJ,-0.49000000000000027,0.3600000000000001,-0.31800000000000006,-0.34813333333333346,1988.375,203.2266666666667,-176.68999999999994
temperatura,6,1988,5,1988,11,NDJ,-0.49000000000000027,0.3600000000000001,-0.31800000000000006,-0.34813333333333346,1988.375,-0.4673033333333336,-0.4565100000000015
precipitacao,6,1988,6,1988,12,DJF,-0.9133333333333337,0.35666666666666674,-0.3043333333333334,-0.6267666666666668,1988.4583333333333,229.33333333333331,22.389999999999986
temperatura,6,1988,6,1988,12,DJF,-0.9133333333333337,0.35666666666666674,-0.3043333333333334,-0.6267666666666668,1988.4583333333333,-0.11283777777777715,-0.20205111111111052
precipitacao,6,1988,7,1989,1,JFM,-1.196666666666667,0.33000000000000007,-0.31166666666666676,-0.40916666666666685,1988.5416666666667,251.15333333333334,50.73000000000002
temperatura,6,1988,7,1989,1,JFM,-1.196666666666667,0.33000000000000007,-0.31166666666666676,-0.40916666666666685,1988.5416666666667,-0.7732588888888898,0.00010111111111399396
precipitacao,6,1988,8,1989,2,FMA,-1.246666666666667,0.3066666666666667,-0.23700000000000007,-0.40793333333333354,1988.625,96.92999999999998,130.42666666666662
temperatura,6,1988,8,1989,2,FMA,-1.246666666666667,0.3066666666666667,-0.23700000000000007,-0.40793333333333354,1988.625,-1.5601033333333323,0.10729666666667015
precipitacao,6,1988,9,1989,3,MAM,-1.236666666666667,0.22000000000000008,-0.27766666666666673,-0.2858000000000002,1988.7083333333333,-52.79666666666667,-13.666666666666686
temperatura,6,1988,9,1989,3,MAM,-1.236666666666667,0.22000000000000008,-0.27766666666666673,-0.2858000000000002,1988.7083333333333,-1.4605388888888875,0.04796222222222468
precipitacao,6,1988,10,1989,4,AMJ,-1.316666666666667,0.2033333333333334,-0.40266666666666673,-1.2491333333333337,1988.7916666666667,-85.33333333333331,9.153333333333336
temperatura,6,1988,10,1989,4,AMJ,-1.316666666666667,0.2033333333333334,-0.40266666666666673,-1.2491333333333337,1988.7916666666667,-0.5901066666666637,-0.30532555555555874
precipitacao,6,1988,11,1989,5,MJJ,-1.5400000000000003,0.08666666666666674,-0.36766666666666675,-0.8671666666666669,1988.875,16.149999999999977,37.52999999999997
temperatura,6,1988,11,1989,5,MJJ,-1.5400000000000003,0.08666666666666674,-0.36766666666666675,-0.8671666666666669,1988.875,-0.23197999999999652,-1.0637366666666637
precipitacao,6,1988,12,1989,6,JJA,-1.7333333333333336,0.01000000000000007,-0.18433333333333343,-0.27950000000000014,1988.9583333333333,-26.249999999999943,72.10333333333335
temperatura,6,1988,12,1989,6,JJA,-1.7333333333333336,0.01000000000000007,-0.18433333333333343,-0.27950000000000014,1988.9583333333333,-0.6309177777777784,-1.246938888888888
precipitacao,6,1989,1,1989,7,JAS,-1.7666666666666668,-0.013333333333333261,-0.10300000000000009,0.6979666666666665,1989.0416666666667,-45.62333333333339,98.56666666666663
temperatura,6,1989,1,1989,7,JAS,-1.7666666666666668,-0.013333333333333261,-0.10300000000000009,0.6979666666666665,1989.0416666666667,-1.046504444444441,-1.3932066666666643
precipitacao,6,1989,2,1989,8,ASO,-1.6233333333333337,-0.009999999999999927,-0.056666666666666754,0.8472666666666665,1989.125,-176.68999999999994,23.44999999999999
temperatura,6,1989,2,1989,8,ASO,-1.6233333333333337,-0.009999999999999927,-0.056666666666666754,0.8472666666666665,1989.125,-0.4565100000000015,-1.7253799999999977
precipitacao,6,1989,3,1989,9,SON,-1.37,0.013333333333333407,-0.21500000000000008,0.6997999999999998,1989.2083333333333,22.389999999999986,2.75
temperatura,6,1989,3,1989,9,SON,-1.37,0.013333333333333407,-0.21500000000000008,0.6997999999999998,1989.2083333333333,-0.20205111111111052,-1.6917177777777788
precipitacao,6,1989,4,1989,10,OND,-1.106666666666667,-0.019999999999999924,-0.28133333333333344,0.3026333333333332,1989.2916666666667,50.73000000000002,-60.023333333333426
temperatura,6,1989,4,1989,10,OND,-1.106666666666667,-0.019999999999999924,-0.28133333333333344,0.3026333333333332,1989.2916666666667,0.00010111111111399396,-1.6009711111111073
precipitacao,6,1989,5,1989,11,NDJ,-0.8500000000000002,-0.009999999999999926,-0.46433333333333343,0.9165333333333331,1989.375,130.42666666666662,-74.49000000000001
temperatura,6,1989,5,1989,11,NDJ,-0.8500000000000002,-0.009999999999999926,-0.46433333333333343,0.9165333333333331,1989.375,0.10729666666667015,-0.3378433333333355
precipitacao,6,1989,6,1989,12,DJF,-0.6200000000000002,-0.009999999999999926,-0.618,1.3707666666666665,1989.4583333333333,-13.666666666666686,-88.80999999999995
temperatura,6,1989,6,1989,12,DJF,-0.6200000000000002,-0.009999999999999926,-0.618,1.3707666666666665,1989.4583333333333,0.04796222222222468,-0.0325511111111112
precipitacao,6,1989,7,1990,1,JFM,-0.46000000000000024,-0.0033333333333332594,-0.6070000000000001,2.0476666666666663,1989.5416666666667,9.153333333333336,-58.46999999999997
temperatura,6,1989,7,1990,1,JFM,-0.46000000000000024,-0.0033333333333332594,-0.6070000000000001,2.0476666666666663,1989.5416666666667,-0.30532555555555874,0.726567777777781
precipitacao,6,1989,8,1990,2,FMA,-0.3766666666666669,0.06333333333333341,-0.5160000000000001,1.1068333333333331,1989.625,37.52999999999997,41.42666666666662
temperatura,6,1989,8,1990,2,FMA,-0.3766666666666669,0.06333333333333341,-0.5160000000000001,1.1068333333333331,1989.625,-1.0637366666666637,0.9502966666666701
precipitacao,6,1989,9,1990,3,MAM,-0.35333333333333367,0.08333333333333341,-0.3306666666666667,0.4014999999999998,1989.7083333333333,72.10333333333335,58.833333333333314
temperatura,6,1989,9,1990,3,MAM,-0.35333333333333367,0.08333333333333341,-0.3306666666666667,0.4014999999999998,1989.7083333333333,-1.246938888888888,0.7193622222222231
precipitacao,6,1989,10,1990,4,AMJ,-0.31333333333333363,0.1033333333333334,-0.31900000000000006,-0.03910000000000014,1989.7916666666667,98.56666666666663,13.953333333333347
temperatura,6,1989,10,1990,4,AMJ,-0.31333333333333363,0.1033333333333334,-0.31900000000000006,-0.03910000000000014,1989.7916666666667,-1.3932066666666643,0.11944111111111155
precipitacao,6,1989,11,1990,5,MJJ,-0.23333333333333361,-0.039999999999999925,-0.3246666666666667,0.1955333333333332,1989.875,23.44999999999999,44.329999999999956
temperatura,6,1989,11,1990,5,MJJ,-0.23333333333333361,-0.039999999999999925,-0.3246666666666667,0.1955333333333332,1989.875,-1.7253799999999977,-0.9899366666666634
precipitacao,6,1989,12,1990,6,JJA,-0.13666666666666696,-0.2299999999999999,-0.30566666666666675,0.0875999999999998,1989.9583333333333,2.75,84.70333333333335
temperatura,6,1989,12,1990,6,JJA,-0.13666666666666696,-0.2299999999999999,-0.30566666666666675,0.0875999999999998,1989.9583333333333,-1.6917177777777788,-1.3312388888888869
precipitacao,6,1990,1,1990,7,JAS,0.006666666666666367,-0.47666666666666657,-0.20133333333333345,-0.07503333333333352,1990.0416666666667,-60.023333333333426,135.66666666666666
temperatura,6,1990,1,1990,7,JAS,0.006666666666666367,-0.47666666666666657,-0.20133333333333345,-0.07503333333333352,1990.0416666666667,-1.6009711111111073,-1.8963733333333312
precipitacao,6,1990,2,1990,8,ASO,0.1099999999999997,-0.4433333333333333,-0.18500000000000005,0.1178666666666665,1990.125,-74.49000000000001,87.44999999999999
temperatura,6,1990,2,1990,8,ASO,0.1099999999999997,-0.4433333333333333,-0.18500000000000005,0.1178666666666665,1990.125,-0.3378433333333355,-1.250046666666666
precipitacao,6,1990,3,1990,9,SON,0.22333333333333302,-0.28333333333333327,-0.17700000000000005,0.40426666666666655,1990.2083333333333,-88.80999999999995,21.650000000000034
temperatura,6,1990,3,1990,9,SON,0.22333333333333302,-0.28333333333333327,-0.17700000000000005,0.40426666666666655,1990.2083333333333,-0.0325511111111112,0.0002822222222214066
precipitacao,6,1990,4,1990,10,OND,0.253333333333333,-0.04333333333333326,-0.27233333333333337,-0.10456666666666677,1990.2916666666667,-58.46999999999997,-64.62333333333339
temperatura,6,1990,4,1990,10,OND,0.253333333333333,-0.04333333333333326,-0.27233333333333337,-0.10456666666666677,1990.2916666666667,0.726567777777781,0.6393288888888904
precipitacao,6,1990,5,1990,11,NDJ,0.27333333333333304,-0.12999999999999992,-0.2923333333333334,-1.0892666666666668,1990.375,41.42666666666662,95.40999999999997
temperatura,6,1990,5,1990,11,NDJ,0.27333333333333304,-0.12999999999999992,-0.2923333333333334,-1.0892666666666668,1990.375,0.9502966666666701,0.15189000000000163
precipitacao,6,1990,6,1990,12,DJF,0.2566666666666664,-0.19666666666666657,-0.434,-1.1963000000000001,1990.4583333333333,58.833333333333314,154.3900000000001
temperatura,6,1990,6,1990,12,DJF,0.2566666666666664,-0.19666666666666657,-0.434,-1.1963000000000001,1990.4583333333333,0.7193622222222231,-0.8845844444444424
precipitacao,6,1990,7,1991,1,JFM,0.253333333333333,-0.33333333333333326,-0.38766666666666677,-0.9751333333333335,1990.5416666666667,13.953333333333347,269.03
temperatura,6,1990,7,1991,1,JFM,0.253333333333333,-0.33333333333333326,-0.38766666666666677,-0.9751333333333335,1990.5416666666667,0.11944111111111155,-0.9222322222222203
precipitacao,6,1990,8,1991,2,FMA,0.2766666666666664,-0.3099999999999999,-0.40166666666666667,-0.21876666666666686,1990.625,44.329999999999956,123.22666666666669
temperatura,6,1990,8,1991,2,FMA,0.2766666666666664,-0.3099999999999999,-0.40166666666666667,-0.21876666666666686,1990.625,-0.9899366666666634,-0.6499033333333308
precipitacao,6,1990,9,1991,3,MAM,0.2966666666666664,-0.3066666666666666,-0.27333333333333343,0.24406666666666652,1990.7083333333333,84.70333333333335,97.93333333333334
temperatura,6,1990,9,1991,3,MAM,0.2966666666666664,-0.3066666666666666,-0.27333333333333343,0.24406666666666652,1990.7083333333333,-1.3312388888888869,-0.23527111111111054
precipitacao,6,1990,10,1991,4,AMJ,0.29999999999999977,-0.2266666666666666,-0.3063333333333334,0.6954333333333332,1990.7916666666667,135.66666666666666,85.95333333333329
temperatura,6,1990,10,1991,4,AMJ,0.29999999999999977,-0.2266666666666666,-0.3063333333333334,0.6954333333333332,1990.7916666666667,-1.8963733333333312,0.1877077777777778
precipitacao,6,1990,11,1991,5,MJJ,0.29666666666666636,-0.11999999999999993,-0.20766666666666675,0.4205333333333332,1990.875,87.44999999999999,31.529999999999973
temperatura,6,1990,11,1991,5,MJJ,0.29666666666666636,-0.11999999999999993,-0.20766666666666675,0.4205333333333332,1990.875,-1.250046666666666,-0.018636666666665747
precipitacao,6,1990,12,1991,6,JJA,0.3066666666666664,-0.05999999999999992,-0.14566666666666675,-0.17723333333333346,1990.9583333333333,21.650000000000034,22.203333333333347
temperatura,6,1990,12,1991,6,JJA,0.3066666666666664,-0.05999999999999992,-0.14566666666666675,-0.17723333333333346,1990.9583333333333,0.0002822222222214066,-0.11800555555555547
precipitacao,6,1991,1,1991,7,JAS,0.33333333333333304,-0.0866666666666666,-0.009000000000000072,0.06606666666666654,1991.0416666666667,-64.62333333333339,-21.03333333333333
temperatura,6,1991,1,1991,7,JAS,0.33333333333333304,-0.0866666666666666,-0.009000000000000072,0.06606666666666654,1991.0416666666667,0.6393288888888904,-0.7409399999999984
precipitacao,6,1991,2,1991,8,ASO,0.3166666666666664,-0.14999999999999994,-0.00966666666666674,-0.0981666666666668,1991.125,95.40999999999997,21.55000000000001
temperatura,6,1991,2,1991,8,ASO,0.3166666666666664,-0.14999999999999994,-0.00966666666666674,-0.0981666666666668,1991.125,0.15189000000000163,-0.645146666666669
precipitacao,6,1991,3,1991,9,SON,0.27999999999999975,-0.20666666666666658,-0.023000000000000076,0.17983333333333318,1991.2083333333333,154.3900000000001,-25.349999999999966
temperatura,6,1991,3,1991,9,SON,0.27999999999999975,-0.20666666666666658,-0.023000000000000076,0.17983333333333318,1991.2083333333333,-0.8845844444444424,-0.5527844444444447
precipitacao,6,1991,4,1991,10,OND,0.25999999999999973,-0.1366666666666666,0.05133333333333325,-0.32293333333333346,1991.2916666666667,269.03,-34.32333333333338
temperatura,6,1991,4,1991,10,OND,0.25999999999999973,-0.1366666666666666,0.05133333333333325,-0.32293333333333346,1991.2916666666667,-0.9222322222222203,0.051262222222220544
precipitacao,6,1991,5,1991,11,NDJ,0.3366666666666664,-0.02333333333333325,0.20999999999999994,-0.2185666666666668,1991.375,123.22666666666669,-28.789999999999964
temperatura,6,1991,5,1991,11,NDJ,0.3366666666666664,-0.02333333333333325,0.20999999999999994,-0.2185666666666668,1991.375,-0.6499033333333308,-0.05551000000000528
precipitacao,6,1991,6,1991,12,DJF,0.46999999999999975,0.09000000000000008,0.3099999999999999,-0.7775333333333334,1991.4583333333333,97.93333333333334,-27.1099999999999
temperatura,6,1991,6,1991,12,DJF,0.46999999999999975,0.09000000000000008,0.3099999999999999,-0.7775333333333334,1991.4583333333333,-0.23527111111111054,-0.09461777777777769
precipitacao,6,1991,7,1992,1,JFM,0.6299999999999998,0.02333333333333341,0.3036666666666666,-0.9711333333333334,1991.5416666666667,85.95333333333329,-27.16999999999996
temperatura,6,1991,7,1992,1,JFM,0.6299999999999998,0.02333333333333341,0.3036666666666666,-0.9711333333333334,1991.5416666666667,0.1877077777777778,-0.15269888888888516
precipitacao,6,1991,8,1992,2,FMA,0.6899999999999998,-0.19666666666666663,0.19666666666666663,-0.7797666666666668,1991.625,31.529999999999973,-65.87333333333333
temperatura,6,1991,8,1992,2,FMA,0.6899999999999998,-0.19666666666666663,0.19666666666666663,-0.7797666666666668,1991.625,-0.018636666666665747,0.09866333333333799
precipitacao,6,1991,9,1992,3,MAM,0.7199999999999998,-0.41,0.14199999999999993,-0.5659000000000002,1991.7083333333333,22.203333333333347,59.43333333333334
temperatura,6,1991,9,1992,3,MAM,0.7199999999999998,-0.41,0.14199999999999993,-0.5659000000000002,1991.7083333333333,-0.11800555555555547,0.5147288888888895
precipitacao,6,1991,10,1992,4,AMJ,0.7399999999999998,-0.5399999999999999,0.041999999999999926,-0.36690000000000017,1991.7916666666667,-21.03333333333333,5.453333333333347
temperatura,6,1991,10,1992,4,AMJ,0.7399999999999998,-0.5399999999999999,0.041999999999999926,-0.36690000000000017,1991.7916666666667,-0.7409399999999984,0.7742744444444405
precipitacao,6,1991,11,1992,5,MJJ,0.9099999999999996,-0.5399999999999999,0.03599999999999993,-0.6468000000000002,1991.875,21.55000000000001,114.53
temperatura,6,1991,11,1992,5,MJJ,0.9099999999999996,-0.5399999999999999,0.03599999999999993,-0.6468000000000002,1991.875,-0.645146666666669,0.5265300000000046
precipitacao,6,1991,12,1992,6,JJA,1.1466666666666663,-0.48333333333333334,0.030999999999999927,-1.1649666666666667,1991.9583333333333,-25.349999999999966,40.80333333333337
temperatura,6,1991,12,1992,6,JJA,1.1466666666666663,-0.48333333333333334,0.030999999999999927,-1.1649666666666667,1991.9583333333333,-0.5527844444444447,-0.4029388888888903
precipitacao,6,1992,1,1992,7,JAS,1.3833333333333329,-0.48999999999999994,-0.06566666666666675,-0.9330333333333335,1992.0416666666667,-34.32333333333338,99.06666666666669
temperatura,6,1992,1,1992,7,JAS,1.3833333333333329,-0.48999999999999994,-0.06566666666666675,-0.9330333333333335,1992.0416666666667,0.051262222222220544,-1.2825399999999973
precipitacao,6,1992,2,1992,8,ASO,1.4899999999999995,-0.49333333333333335,-0.2083333333333334,-1.2072333333333336,1992.125,-28.789999999999964,37.75
temperatura,6,1992,2,1992,8,ASO,1.4899999999999995,-0.49333333333333335,-0.2083333333333334,-1.2072333333333336,1992.125,-0.05551000000000528,-1.281413333333333
precipitacao,6,1992,3,1992,9,SON,1.4799999999999998,-0.6266666666666666,-0.46000000000000013,-0.8548333333333336,1992.2083333333333,-27.1099999999999,-8.25
temperatura,6,1992,3,1992,9,SON,1.4799999999999998,-0.6266666666666666,-0.46000000000000013,-0.8548333333333336,1992.2083333333333,-0.09461777777777769,-0.9644177777777792
precipitacao,6,1992,4,1992,10,OND,1.3999999999999997,-0.7166666666666667,-0.5373333333333334,-1.0254666666666667,1992.2916666666667,-27.16999999999996,-6.223333333333358
temperatura,6,1992,4,1992,10,OND,1.3999999999999997,-0.7166666666666667,-0.5373333333333334,-1.0254666666666667,1992.2916666666667,-0.15269888888888516,-0.85747111111111
precipitacao,6,1992,5,1992,11,NDJ,1.2599999999999998,-0.8766666666666666,-0.5910000000000001,-1.1605333333333334,1992.375,-65.87333333333333,-104.68999999999994
temperatura,6,1992,5,1992,11,NDJ,1.2599999999999998,-0.8766666666666666,-0.5910000000000001,-1.1605333333333334,1992.375,0.09866333333333799,-0.4814433333333348
precipitacao,6,1992,6,1992,12,DJF,1.033333333333333,-1.0,-0.6543333333333335,-1.5548666666666666,1992.4583333333333,59.43333333333334,-4.209999999999923
temperatura,6,1992,6,1992,12,DJF,1.033333333333333,-1.0,-0.6543333333333335,-1.5548666666666666,1992.4583333333333,0.5147288888888895,-0.5453177777777825
precipitacao,6,1992,7,1993,1,JFM,0.7166666666666663,-0.9933333333333333,-0.6296666666666667,-1.5971666666666666,1992.5416666666667,5.453333333333347,-13.86999999999989
temperatura,6,1992,7,1993,1,JFM,0.7166666666666663,-0.9933333333333333,-0.6296666666666667,-1.5971666666666666,1992.5416666666667,0.7742744444444405,-0.0012322222222209689
precipitacao,6,1992,8,1993,2,FMA,0.3833333333333329,-0.9433333333333334,-0.7026666666666669,-1.0363333333333333,1992.625,114.53,87.92666666666662
temperatura,6,1992,8,1993,2,FMA,0.3833333333333329,-0.9433333333333334,-0.7026666666666669,-1.0363333333333333,1992.625,0.5265300000000046,0.026763333333335027
precipitacao,6,1992,9,1993,3,MAM,0.09333333333333295,-0.8066666666666666,-0.6933333333333334,-0.16023333333333334,1992.7083333333333,40.80333333333337,48.93333333333334
temperatura,6,1992,9,1993,3,MAM,0.09333333333333295,-0.8066666666666666,-0.6933333333333334,-0.16023333333333334,1992.7083333333333,-0.4029388888888903,0.3569622222222222
precipitacao,6,1992,10,1993,4,AMJ,-0.09666666666666705,-0.7666666666666666,-0.7426666666666667,-0.07796666666666667,1992.7916666666667,99.06666666666669,39.55333333333334
temperatura,6,1992,10,1993,4,AMJ,-0.09666666666666705,-0.7666666666666666,-0.7426666666666667,-0.07796666666666667,1992.7916666666667,-1.2825399999999973,-0.08522555555555655
precipitacao,6,1992,11,1993,5,MJJ,-0.2033333333333337,-0.8033333333333332,-0.6200000000000001,0.07913333333333333,1992.875,37.75,1.629999999999967
temperatura,6,1992,11,1993,5,MJJ,-0.2033333333333337,-0.8033333333333332,-0.6200000000000001,0.07913333333333333,1992.875,-1.281413333333333,-0.034336666666664684
precipitacao,6,1992,12,1993,6,JJA,-0.17000000000000037,-0.7799999999999999,-0.4476666666666667,0.015333333333333329,1992.9583333333333,-8.25,-9.49666666666667
temperatura,6,1992,12,1993,6,JJA,-0.17000000000000037,-0.7799999999999999,-0.4476666666666667,0.015333333333333329,1992.9583333333333,-0.9644177777777792,-0.6186388888888885
precipitacao,6,1993,1,1993,7,JAS,-0.05333333333333371,-0.7299999999999999,-0.3040000000000001,-0.5517333333333333,1993.0416666666667,-6.223333333333358,78.06666666666669
temperatura,6,1993,1,1993,7,JAS,-0.05333333333333371,-0.7299999999999999,-0.3040000000000001,-0.5517333333333333,1993.0416666666667,-0.85747111111111,-0.6726733333333286
precipitacao,6,1993,2,1993,8,ASO,0.12999999999999964,-0.5366666666666666,-0.15900000000000006,-0.4466666666666666,1993.125,-104.68999999999994,74.55000000000001
temperatura,6,1993,2,1993,8,ASO,0.12999999999999964,-0.5366666666666666,-0.15900000000000006,-0.4466666666666666,1993.125,-0.4814433333333348,-0.7188133333333333
precipitacao,6,1993,3,1993,9,SON,0.31333333333333296,-0.4733333333333332,-0.15200000000000008,-0.6537333333333333,1993.2083333333333,-4.209999999999923,38.25000000000006
temperatura,6,1993,3,1993,9,SON,0.31333333333333296,-0.4733333333333332,-0.15200000000000008,-0.6537333333333333,1993.2083333333333,-0.5453177777777825,0.344748888888887
precipitacao,6,1993,4,1993,10,OND,0.5133333333333329,-0.3133333333333333,-0.14700000000000008,0.04886666666666667,1993.2916666666667,-13.86999999999989,-107.52333333333337
temperatura,6,1993,4,1993,10,OND,0.5133333333333329,-0.3133333333333333,-0.14700000000000008,0.04886666666666667,1993.2916666666667,-0.0012322222222209689,0.6719288888888926
precipitacao,6,1993,5,1993,11,NDJ,0.663333333333333,-0.2899999999999999,-0.16766666666666674,0.32316666666666666,1993.375,87.92666666666662,-151.78999999999996
temperatura,6,1993,5,1993,11,NDJ,0.663333333333333,-0.2899999999999999,-0.16766666666666674,0.32316666666666666,1993.375,0.026763333333335027,0.23179000000000016
precipitacao,6,1993,6,1993,12,DJF,0.683333333333333,-0.2566666666666666,-0.10533333333333343,0.855,1993.4583333333333,48.93333333333334,-101.80999999999995
temperatura,6,1993,6,1993,12,DJF,0.683333333333333,-0.2566666666666666,-0.10533333333333343,0.855,1993.4583333333333,0.3569622222222222,0.21991555555555564
precipitacao,6,1993,7,1994,1,JFM,0.5333333333333329,-0.2899999999999999,-0.09566666666666675,1.4783000000000002,1993.5416666666667,39.55333333333334,-57.870000000000005
temperatura,6,1993,7,1994,1,JFM,0.5333333333333329,-0.2899999999999999,-0.09566666666666675,1.4783000000000002,1993.5416666666667,-0.08522555555555655,0.027434444444445205
precipitacao,6,1993,8,1994,2,FMA,0.353333333333333,-0.2366666666666666,-0.18866666666666676,1.4193,1993.625,1.629999999999967,42.22666666666669
temperatura,6,1993,8,1994,2,FMA,0.353333333333333,-0.2366666666666666,-0.18866666666666676,1.4193,1993.625,-0.034336666666664684,0.14796333333333678
precipitacao,6,1993,9,1994,3,MAM,0.23333333333333295,-0.02333333333333326,-0.2093333333333334,1.367,1993.7083333333333,-9.49666666666667,80.43333333333334
temperatura,6,1993,9,1994,3,MAM,0.23333333333333295,-0.02333333333333326,-0.2093333333333334,1.367,1993.7083333333333,-0.6186388888888885,0.06989555555555427
precipitacao,6,1993,10,1994,4,AMJ,0.20666666666666625,0.2033333333333334,-0.21066666666666678,0.964,1993.7916666666667,78.06666666666669,96.15333333333334
temperatura,6,1993,10,1994,4,AMJ,0.20666666666666625,0.2033333333333334,-0.21066666666666678,0.964,1993.7916666666667,-0.6726733333333286,-0.03262555555555835
precipitacao,6,1993,11,1994,5,MJJ,0.2,0.44666666666666677,-0.15833333333333344,0.7109333333333333,1993.875,74.55000000000001,79.72999999999999
temperatura,6,1993,11,1994,5,MJJ,0.2,0.44666666666666677,-0.15833333333333344,0.7109333333333333,1993.875,-0.7188133333333333,0.04296333333333635
precipitacao,6,1993,12,1994,6,JJA,0.19666666666666624,0.42666666666666675,-0.17033333333333342,0.6999666666666666,1993.9583333333333,38.25000000000006,0.20333333333334735
temperatura,6,1993,12,1994,6,JJA,0.19666666666666624,0.42666666666666675,-0.17033333333333342,0.6999666666666666,1993.9583333333333,0.344748888888887,-0.6736055555555538
precipitacao,6,1994,1,1994,7,JAS,0.15333333333333296,0.2666666666666667,-0.11000000000000008,0.6915,1994.0416666666667,-107.52333333333337,-84.63333333333333
temperatura,6,1994,1,1994,7,JAS,0.15333333333333296,0.2666666666666667,-0.11000000000000008,0.6915,1994.0416666666667,0.6719288888888926,-0.053206666666664404
precipitacao,6,1994,2,1994,8,ASO,0.08666666666666627,0.030000000000000065,-0.1090000000000001,0.9692666666666666,1994.125,-151.78999999999996,-110.85000000000002
temperatura,6,1994,2,1994,8,ASO,0.08666666666666627,0.030000000000000065,-0.1090000000000001,0.9692666666666666,1994.125,0.23179000000000016,0.4092199999999977
precipitacao,6,1994,3,1994,9,SON,0.036666666666666264,-0.08333333333333327,0.026999999999999913,0.8576666666666668,1994.2083333333333,-101.80999999999995,-71.35000000000002
temperatura,6,1994,3,1994,9,SON,0.036666666666666264,-0.08333333333333327,0.026999999999999913,0.8576666666666668,1994.2083333333333,0.21991555555555564,0.93688222222222
precipitacao,6,1994,4,1994,10,OND,0.0699999999999996,-0.12333333333333325,0.13566666666666657,0.5992666666666667,1994.2916666666667,-57.870000000000005,51.27666666666664
temperatura,6,1994,4,1994,10,OND,0.0699999999999996,-0.12333333333333325,0.13566666666666657,0.5992666666666667,1994.2916666666667,0.027434444444445205,0.9413622222222244
precipitacao,6,1994,5,1994,11,NDJ,0.15333333333333293,-0.15333333333333327,0.3656666666666666,0.1627,1994.375,42.22666666666669,82.40999999999997
temperatura,6,1994,5,1994,11,NDJ,0.15333333333333293,-0.15333333333333327,0.3656666666666666,0.1627,1994.375,0.14796333333333678,0.8980233333333345
precipitacao,6,1994,6,1994,12,DJF,0.21666666666666626,-0.28333333333333327,0.44266666666666654,-0.6290333333333333,1994.4583333333333,80.43333333333334,292.4900000000001
temperatura,6,1994,6,1994,12,DJF,0.21666666666666626,-0.28333333333333327,0.44266666666666654,-0.6290333333333333,1994.4583333333333,0.06989555555555427,0.5590155555555576
precipitacao,6,1994,7,1995,1,JFM,0.2599999999999996,-0.4133333333333333,0.5113333333333333,-0.7756,1994.5416666666667,96.15333333333334,243.42999999999995
temperatura,6,1994,7,1995,1,JFM,0.2599999999999996,-0.4133333333333333,0.5113333333333333,-0.7756,1994.5416666666667,-0.03262555555555835,0.24073444444444903
precipitacao,6,1994,8,1995,2,FMA,0.27666666666666623,-0.45999999999999996,0.6003333333333333,-0.08806666666666674,1994.625,79.72999999999999,223.52666666666664
temperatura,6,1994,8,1995,2,FMA,0.27666666666666623,-0.45999999999999996,0.6003333333333333,-0.08806666666666674,1994.625,0.04296333333333635,-0.3021033333333314
precipitacao,6,1994,9,1995,3,MAM,0.35666666666666624,-0.39666666666666656,0.6323333333333333,0.1569,1994.7083333333333,0.20333333333334735,37.633333333333326
temperatura,6,1994,9,1995,3,MAM,0.35666666666666624,-0.39666666666666656,0.6323333333333333,0.1569,1994.7083333333333,-0.6736055555555538,-0.1859377777777773
precipitacao,6,1994,10,1995,4,AMJ,0.4766666666666663,-0.31333333333333324,0.6823333333333332,0.1283666666666667,1994.7916666666667,-84.63333333333333,7.753333333333359
temperatura,6,1994,10,1995,4,AMJ,0.4766666666666663,-0.31333333333333324,0.6823333333333332,0.1283666666666667,1994.7916666666667,-0.053206666666664404,-0.16219222222222385
precipitacao,6,1994,11,1995,5,MJJ,0.6866666666666662,-0.2266666666666666,0.5076666666666666,-0.7724666666666667,1994.875,-110.85000000000002,45.22999999999999
temperatura,6,1994,11,1995,5,MJJ,0.6866666666666662,-0.2266666666666666,0.5076666666666666,-0.7724666666666667,1994.875,0.4092199999999977,0.41976333333333216
precipitacao,6,1994,12,1995,6,JJA,0.8533333333333329,-0.14999999999999994,0.4189999999999999,-0.14589999999999995,1994.9583333333333,-71.35000000000002,19.80333333333334
temperatura,6,1994,12,1995,6,JJA,0.8533333333333329,-0.14999999999999994,0.4189999999999999,-0.14589999999999995,1994.9583333333333,0.93688222222222,0.9365277777777763
precipitacao,6,1995,1,1995,7,JAS,0.9266666666666663,-0.03666666666666659,0.2296666666666666,0.5295333333333333,1995.0416666666667,51.27666666666664,35.666666666666686
temperatura,6,1995,1,1995,7,JAS,0.9266666666666663,-0.03666666666666659,0.2296666666666666,0.5295333333333333,1995.0416666666667,0.9413622222222244,0.9535933333333375
precipitacao,6,1995,2,1995,8,ASO,0.8333333333333329,0.11333333333333341,0.18866666666666662,0.9713666666666665,1995.125,82.40999999999997,144.64999999999998
temperatura,6,1995,2,1995,8,ASO,0.8333333333333329,0.11333333333333341,0.18866666666666662,0.9713666666666665,1995.125,0.8980233333333345,0.09665333333333237
precipitacao,6,1995,3,1995,9,SON,0.663333333333333,0.2666666666666668,0.08433333333333326,0.609,1995.2083333333333,292.4900000000001,83.85000000000002
temperatura,6,1995,3,1995,9,SON,0.663333333333333,0.2666666666666668,0.08433333333333326,0.609,1995.2083333333333,0.5590155555555576,-0.6072177777777803
precipitacao,6,1995,4,1995,10,OND,0.43333333333333296,0.3400000000000001,-0.035666666666666735,0.3424333333333333,1995.2916666666667,243.42999999999995,28.076666666666597
temperatura,6,1995,4,1995,10,OND,0.43333333333333296,0.3400000000000001,-0.035666666666666735,0.3424333333333333,1995.2916666666667,0.24073444444444903,-0.8181377777777783
precipitacao,6,1995,5,1995,11,NDJ,0.22666666666666632,0.3066666666666667,-0.17400000000000007,0.6303666666666666,1995.375,223.52666666666664,-104.08999999999997
temperatura,6,1995,5,1995,11,NDJ,0.22666666666666632,0.3066666666666667,-0.17400000000000007,0.6303666666666666,1995.375,-0.3021033333333314,-0.1388766666666683
precipitacao,6,1995,6,1995,12,DJF,0.0366666666666663,0.28666666666666674,-0.18333333333333338,0.41449999999999987,1995.4583333333333,37.633333333333326,-17.209999999999923
temperatura,6,1995,6,1995,12,DJF,0.0366666666666663,0.28666666666666674,-0.18333333333333338,0.41449999999999987,1995.4583333333333,-0.1859377777777773,0.03178222222221905
precipitacao,6,1995,7,1996,1,JFM,-0.12666666666666704,0.22000000000000008,-0.16600000000000006,-0.8050000000000002,1995.5416666666667,7.753333333333359,86.02999999999997
temperatura,6,1995,7,1996,1,JFM,-0.12666666666666704,0.22000000000000008,-0.16600000000000006,-0.8050000000000002,1995.5416666666667,-0.16219222222222385,0.3070677777777817
precipitacao,6,1995,8,1996,2,FMA,-0.3200000000000004,0.0533333333333334,-0.1303333333333334,-1.5027333333333335,1995.625,45.22999999999999,82.62666666666661
temperatura,6,1995,8,1996,2,FMA,-0.3200000000000004,0.0533333333333334,-0.1303333333333334,-1.5027333333333335,1995.625,0.41976333333333216,0.07906333333333748
precipitacao,6,1995,9,1996,3,MAM,-0.5533333333333338,-0.11999999999999994,-0.16433333333333341,-0.8443000000000002,1995.7083333333333,19.80333333333334,77.93333333333334
temperatura,6,1995,9,1996,3,MAM,-0.5533333333333338,-0.11999999999999994,-0.16433333333333341,-0.8443000000000002,1995.7083333333333,0.9365277777777763,-0.15927111111111003
precipitacao,6,1995,10,1996,4,AMJ,-0.776666666666667,-0.23999999999999996,-0.23033333333333342,0.13993333333333316,1995.7916666666667,35.666666666666686,12.953333333333347
temperatura,6,1995,10,1996,4,AMJ,-0.776666666666667,-0.23999999999999996,-0.23033333333333342,0.13993333333333316,1995.7916666666667,0.9535933333333375,-0.5636922222222225
precipitacao,6,1995,11,1996,5,MJJ,-0.9433333333333337,-0.17333333333333326,-0.28066666666666673,0.4197333333333331,1995.875,144.64999999999998,-14.770000000000039
temperatura,6,1995,11,1996,5,MJJ,-0.9433333333333337,-0.17333333333333326,-0.28066666666666673,0.4197333333333331,1995.875,0.09665333333333237,-1.1589366666666638
precipitacao,6,1995,12,1996,6,JJA,-1.0100000000000005,-0.19666666666666663,-0.19066666666666676,0.5185333333333332,1995.9583333333333,83.85000000000002,-41.29666666666665
temperatura,6,1995,12,1996,6,JJA,-1.0100000000000005,-0.19666666666666663,-0.19066666666666676,0.5185333333333332,1995.9583333333333,-0.6072177777777803,-1.2453722222222208
precipitacao,6,1996,1,1996,7,JAS,-0.9800000000000004,-0.15666666666666662,-0.07533333333333342,0.6482333333333332,1996.0416666666667,28.076666666666597,48.166666666666686
temperatura,6,1996,1,1996,7,JAS,-0.9800000000000004,-0.15666666666666662,-0.07533333333333342,0.6482333333333332,1996.0416666666667,-0.8181377777777783,-1.3627399999999987
precipitacao,6,1996,2,1996,8,ASO,-0.8633333333333337,-0.08333333333333327,0.011999999999999905,0.4255999999999998,1996.125,-104.08999999999997,109.24999999999994
temperatura,6,1996,2,1996,8,ASO,-0.8633333333333337,-0.08333333333333327,0.011999999999999905,0.4255999999999998,1996.125,-0.1388766666666683,-0.9347133333333346
precipitacao,6,1996,3,1996,9,SON,-0.7000000000000003,0.04333333333333339,-0.04633333333333343,0.1168666666666665,1996.2083333333333,-17.209999999999923,147.35000000000002
temperatura,6,1996,3,1996,9,SON,-0.7000000000000003,0.04333333333333339,-0.04633333333333343,0.1168666666666665,1996.2083333333333,0.03178222222221905,-0.872784444444445
precipitacao,6,1996,4,1996,10,OND,-0.5266666666666671,0.2066666666666667,-0.1623333333333334,0.04449999999999982,1996.2916666666667,86.02999999999997,120.67666666666662
temperatura,6,1996,4,1996,10,OND,-0.5266666666666671,0.2066666666666667,-0.1623333333333334,0.04449999999999982,1996.2916666666667,0.3070677777777817,-0.3888377777777734
precipitacao,6,1996,5,1996,11,NDJ,-0.3766666666666671,0.2966666666666667,-0.2400000000000001,0.5472333333333331,1996.375,82.62666666666661,114.50999999999999
temperatura,6,1996,5,1996,11,NDJ,-0.3766666666666671,0.2966666666666667,-0.2400000000000001,0.5472333333333331,1996.375,0.07906333333333748,-0.3042100000000012
precipitacao,6,1996,6,1996,12,DJF,-0.2833333333333337,0.44333333333333336,-0.34333333333333343,0.2820666666666665,1996.4583333333333,77.93333333333334,15.190000000000055
temperatura,6,1996,6,1996,12,DJF,-0.2833333333333337,0.44333333333333336,-0.34333333333333343,0.2820666666666665,1996.4583333333333,-0.15927111111111003,-0.050684444444446086
precipitacao,6,1996,7,1997,1,JFM,-0.23666666666666702,0.46666666666666673,-0.43500000000000005,0.25069999999999987,1996.5416666666667,12.953333333333347,-117.67000000000002
temperatura,6,1996,7,1997,1,JFM,-0.23666666666666702,0.46666666666666673,-0.43500000000000005,0.25069999999999987,1996.5416666666667,-0.5636922222222225,-0.45176555555555353
precipitacao,6,1996,8,1997,2,FMA,-0.2433333333333337,0.37333333333333335,-0.5733333333333334,-0.5776666666666669,1996.625,-14.770000000000039,-138.7733333333333
temperatura,6,1996,8,1997,2,FMA,-0.2433333333333337,0.37333333333333335,-0.5733333333333334,-0.5776666666666669,1996.625,-1.1589366666666638,-0.6640033333333335
precipitacao,6,1996,9,1997,3,MAM,-0.2633333333333337,0.18333333333333335,-0.6790000000000002,-0.9318000000000003,1996.7083333333333,-41.29666666666665,-73.76666666666668
temperatura,6,1996,9,1997,3,MAM,-0.2633333333333337,0.18333333333333335,-0.6790000000000002,-0.9318000000000003,1996.7083333333333,-1.2453722222222208,-0.7230377777777761
precipitacao,6,1996,10,1997,4,AMJ,-0.3000000000000004,0.013333333333333369,-0.8340000000000002,-0.6168666666666669,1996.7916666666667,48.166666666666686,59.05333333333331
temperatura,6,1996,10,1997,4,AMJ,-0.3000000000000004,0.013333333333333369,-0.8340000000000002,-0.6168666666666669,1996.7916666666667,-1.3627399999999987,-0.5303922222222219
precipitacao,6,1996,11,1997,5,MJJ,-0.34000000000000036,-0.05666666666666662,-0.8726666666666668,-0.6718666666666668,1996.875,109.24999999999994,21.829999999999984
temperatura,6,1996,11,1997,5,MJJ,-0.34000000000000036,-0.05666666666666662,-0.8726666666666668,-0.6718666666666668,1996.875,-0.9347133333333346,0.01556333333333626
precipitacao,6,1996,12,1997,6,JJA,-0.376666666666667,-0.1633333333333333,-0.7730000000000001,-0.2414333333333335,1996.9583333333333,147.35000000000002,16.50333333333333
temperatura,6,1996,12,1997,6,JJA,-0.376666666666667,-0.1633333333333333,-0.7730000000000001,-0.2414333333333335,1996.9583333333333,-0.872784444444445,0.23772777777777776
precipitacao,6,1997,1,1997,7,JAS,-0.4033333333333337,-0.3133333333333333,-0.44000000000000017,-0.4403666666666668,1997.0416666666667,120.67666666666662,0.9666666666666686
temperatura,6,1997,1,1997,7,JAS,-0.4033333333333337,-0.3133333333333333,-0.44000000000000017,-0.4403666666666668,1997.0416666666667,-0.3888377777777734,0.6947933333333367
precipitacao,6,1997,2,1997,8,ASO,-0.3600000000000003,-0.49333333333333335,-0.14800000000000013,0.03386666666666655,1997.125,114.50999999999999,138.34999999999997
temperatura,6,1997,2,1997,8,ASO,-0.3600000000000003,-0.49333333333333335,-0.14800000000000013,0.03386666666666655,1997.125,-0.3042100000000012,0.506686666666667
precipitacao,6,1997,3,1997,9,SON,-0.23333333333333373,-0.6566666666666666,0.003999999999999851,0.2752333333333332,1997.2083333333333,15.190000000000055,216.75
temperatura,6,1997,3,1997,9,SON,-0.23333333333333373,-0.6566666666666666,0.003999999999999851,0.2752333333333332,1997.2083333333333,-0.050684444444446086,0.8111822222222251
precipitacao,6,1997,4,1997,10,OND,0.0033333333333329662,-0.7433333333333333,0.05866666666666651,-0.00026666666666678535,1997.2916666666667,-117.67000000000002,151.9766666666667
temperatura,6,1997,4,1997,10,OND,0.0033333333333329662,-0.7433333333333333,0.05866666666666651,-0.00026666666666678535,1997.2916666666667,-0.45176555555555353,0.9074955555555562
precipitacao,6,1997,5,1997,11,NDJ,0.32666666666666627,-0.84,0.04099999999999985,0.42383333333333323,1997.375,-138.7733333333333,6.710000000000036
temperatura,6,1997,5,1997,11,NDJ,0.32666666666666627,-0.84,0.04099999999999985,0.42383333333333323,1997.375,-0.6640033333333335,1.129756666666669
precipitacao,6,1997,6,1997,12,DJF,0.7133333333333329,-0.8933333333333334,0.05366666666666652,0.03763333333333322,1997.4583333333333,-73.76666666666668,-6.6099999999999
temperatura,6,1997,6,1997,12,DJF,0.7133333333333329,-0.8933333333333334,0.05366666666666652,0.03763333333333322,1997.4583333333333,-0.7230377777777761,0.8620822222222237
precipitacao,6,1997,7,1998,1,JFM,1.1066666666666662,-0.7999999999999999,0.18466666666666653,0.45006666666666656,1997.5416666666667,59.05333333333331,10.730000000000018
temperatura,6,1997,7,1998,1,JFM,1.1066666666666662,-0.7999999999999999,0.18466666666666653,0.45006666666666656,1997.5416666666667,-0.5303922222222219,0.8050677777777793
precipitacao,6,1997,8,1998,2,FMA,1.4666666666666661,-0.6,0.38699999999999984,0.3634999999999999,1997.625,21.829999999999984,65.02666666666664
temperatura,6,1997,8,1998,2,FMA,1.4666666666666661,-0.6,0.38699999999999984,0.3634999999999999,1997.625,0.01556333333333626,0.6945633333333348
precipitacao,6,1997,9,1998,3,MAM,1.7699999999999996,-0.2533333333333333,0.6169999999999999,0.5567666666666665,1997.7083333333333,16.50333333333333,80.33333333333331
temperatura,6,1997,9,1998,3,MAM,1.7699999999999996,-0.2533333333333333,0.6169999999999999,0.5567666666666665,1997.7083333333333,0.23772777777777776,0.2603955555555544
precipitacao,6,1997,10,1998,4,AMJ,2.023333333333333,0.08000000000000003,0.7593333333333332,0.0986333333333332,1997.7916666666667,0.9666666666666686,57.25333333333333
temperatura,6,1997,10,1998,4,AMJ,2.023333333333333,0.08000000000000003,0.7593333333333332,0.0986333333333332,1997.7916666666667,0.6947933333333367,-0.4500588888888899
precipitacao,6,1997,11,1998,5,MJJ,2.2066666666666666,0.37666666666666665,0.9746666666666665,-0.7923666666666668,1997.875,138.34999999999997,22.329999999999984
temperatura,6,1997,11,1998,5,MJJ,2.2066666666666666,0.37666666666666665,0.9746666666666665,-0.7923666666666668,1997.875,0.506686666666667,-0.6520699999999984
precipitacao,6,1997,12,1998,6,JJA,2.3166666666666664,0.61,1.0053333333333332,-1.1116000000000001,1997.9583333333333,216.75,-54.39666666666666
temperatura,6,1997,12,1998,6,JJA,2.3166666666666664,0.61,1.0053333333333332,-1.1116000000000001,1997.9583333333333,0.8111822222222251,0.1109277777777784
precipitacao,6,1998,1,1998,7,JAS,2.3099999999999996,0.5800000000000001,0.8889999999999998,-0.7758666666666668,1998.0416666666667,151.9766666666667,53.866666666666674
temperatura,6,1998,1,1998,7,JAS,2.3099999999999996,0.5800000000000001,0.8889999999999998,-0.7758666666666668,1998.0416666666667,0.9074955555555562,0.6335600000000063
precipitacao,6,1998,2,1998,8,ASO,2.1666666666666665,0.5366666666666667,0.6033333333333332,-0.011133333333333495,1998.125,6.710000000000036,80.34999999999997
temperatura,6,1998,2,1998,8,ASO,2.1666666666666665,0.5366666666666667,0.6033333333333332,-0.011133333333333495,1998.125,1.129756666666669,0.28525333333333336
precipitacao,6,1998,3,1998,9,SON,1.8433333333333328,0.3966666666666667,0.29733333333333317,0.5126666666666665,1998.2083333333333,-6.6099999999999,7.850000000000023
temperatura,6,1998,3,1998,9,SON,1.8433333333333328,0.3966666666666667,0.29733333333333317,0.5126666666666665,1998.2083333333333,0.8620822222222237,-0.5836511111111129
precipitacao,6,1998,4,1998,10,OND,1.446666666666666,0.3466666666666667,0.13799999999999985,1.0175999999999998,1998.2916666666667,10.730000000000018,-84.22333333333336
temperatura,6,1998,4,1998,10,OND,1.446666666666666,0.3466666666666667,0.13799999999999985,1.0175999999999998,1998.2916666666667,0.8050677777777793,-0.5874377777777724
precipitacao,6,1998,5,1998,11,NDJ,0.9433333333333328,0.2566666666666667,0.04399999999999985,0.8750333333333331,1998.375,65.02666666666664,46.40999999999997
temperatura,6,1998,5,1998,11,NDJ,0.9433333333333328,0.2566666666666667,0.04399999999999985,0.8750333333333331,1998.375,0.6945633333333348,-0.1985100000000024
precipitacao,6,1998,6,1998,12,DJF,0.44999999999999957,0.26,0.11133333333333317,0.9733999999999998,1998.4583333333333,80.33333333333331,225.19000000000005
temperatura,6,1998,6,1998,12,DJF,0.44999999999999957,0.26,0.11133333333333317,0.9733999999999998,1998.4583333333333,0.2603955555555544,0.1462822222222222
precipitacao,6,1998,7,1999,1,JFM,-0.10333333333333376,0.38000000000000006,-0.03266666666666682,0.8142999999999998,1998.5416666666667,57.25333333333333,197.02999999999997
temperatura,6,1998,7,1999,1,JFM,-0.10333333333333376,0.38000000000000006,-0.03266666666666682,0.8142999999999998,1998.5416666666667,-0.4500588888888899,0.2151011111111103
precipitacao,6,1998,8,1999,2,FMA,-0.5133333333333338,0.4466666666666667,-0.27266666666666683,1.1283666666666665,1998.625,22.329999999999984,64.42666666666662
temperatura,6,1998,8,1999,2,FMA,-0.5133333333333338,0.4466666666666667,-0.27266666666666683,1.1283666666666665,1998.625,-0.6520699999999984,-0.07056999999999647
precipitacao,6,1998,9,1999,3,MAM,-0.8266666666666671,0.4166666666666667,-0.4870000000000001,0.7438999999999999,1998.7083333333333,-54.39666666666666,-79.26666666666668
temperatura,6,1998,9,1999,3,MAM,-0.8266666666666671,0.4166666666666667,-0.4870000000000001,0.7438999999999999,1998.7083333333333,0.1109277777777784,-0.33627111111110963
precipitacao,6,1998,10,1999,4,AMJ,-0.9900000000000005,0.2166666666666667,-0.6063333333333335,0.3937333333333332,1998.7916666666667,53.866666666666674,-43.04666666666665
temperatura,6,1998,10,1999,4,AMJ,-0.9900000000000005,0.2166666666666667,-0.6063333333333335,0.3937333333333332,1998.7916666666667,0.6335600000000063,-0.6946922222222227
precipitacao,6,1998,11,1999,5,MJJ,-1.1500000000000006,0.13000000000000003,-0.6306666666666668,0.3647666666666665,1998.875,80.34999999999997,-50.37000000000003
temperatura,6,1998,11,1999,5,MJJ,-1.1500000000000006,0.13000000000000003,-0.6306666666666668,0.3647666666666665,1998.875,0.28525333333333336,-0.4731366666666652
precipitacao,6,1998,12,1999,6,JJA,-1.3000000000000005,-0.006666666666666626,-0.5773333333333335,0.8839666666666665,1998.9583333333333,7.850000000000023,-37.396666666666675
temperatura,6,1998,12,1999,6,JJA,-1.3000000000000005,-0.006666666666666626,-0.5773333333333335,0.8839666666666665,1998.9583333333333,-0.5836511111111129,-0.31333888888888595
precipitacao,6,1999,1,1999,7,JAS,-1.4300000000000004,-0.06999999999999997,-0.37300000000000016,1.0838333333333332,1999.0416666666667,-84.22333333333336,-62.43333333333332
temperatura,6,1999,1,1999,7,JAS,-1.4300000000000004,-0.06999999999999997,-0.37300000000000016,1.0838333333333332,1999.0416666666667,-0.5874377777777724,-0.03180666666666099
precipitacao,6,1999,2,1999,8,ASO,-1.4100000000000004,-0.18999999999999995,-0.16800000000000015,0.9633999999999997,1999.125,46.40999999999997,-67.95000000000002
temperatura,6,1999,2,1999,8,ASO,-1.4100000000000004,-0.18999999999999995,-0.16800000000000015,0.9633999999999997,1999.125,-0.1985100000000024,-0.797346666666666
precipitacao,6,1999,3,1999,9,SON,-1.2300000000000006,-0.14666666666666664,-0.022000000000000148,0.5451333333333331,1999.2083333333333,225.19000000000005,-70.54999999999995
temperatura,6,1999,3,1999,9,SON,-1.2300000000000006,-0.14666666666666664,-0.022000000000000148,0.5451333333333331,1999.2083333333333,0.1462822222222222,-1.337284444444446
precipitacao,6,1999,4,1999,10,OND,-0.9933333333333337,-0.03333333333333329,0.020999999999999852,0.5285666666666665,1999.2916666666667,197.02999999999997,-69.32333333333338
temperatura,6,1999,4,1999,10,OND,-0.9933333333333337,-0.03333333333333329,0.020999999999999852,0.5285666666666665,1999.2916666666667,0.2151011111111103,-1.4993377777777752
precipitacao,6,1999,5,1999,11,NDJ,-0.8400000000000004,0.10000000000000005,-0.028333333333333478,0.9229333333333333,1999.375,64.42666666666662,-9.790000000000077
temperatura,6,1999,5,1999,11,NDJ,-0.8400000000000004,0.10000000000000005,-0.028333333333333478,0.9229333333333333,1999.375,-0.07056999999999647,-0.9082433333333348
precipitacao,6,1999,6,1999,12,DJF,-0.8100000000000005,0.1666666666666667,-0.11100000000000014,0.42116666666666647,1999.4583333333333,-79.26666666666668,59.29000000000008
temperatura,6,1999,6,1999,12,DJF,-0.8100000000000005,0.1666666666666667,-0.11100000000000014,0.42116666666666647,1999.4583333333333,-0.33627111111110963,-0.6129177777777812
precipitacao,6,1999,7,2000,1,JFM,-0.8433333333333338,0.2466666666666667,-0.07366666666666681,0.20989999999999978,1999.5416666666667,-43.04666666666665,111.83000000000004
temperatura,6,1999,7,2000,1,JFM,-0.8433333333333338,0.2466666666666667,-0.07366666666666681,0.20989999999999978,1999.5416666666667,-0.6946922222222227,-0.7204322222222181
precipitacao,6,1999,8,2000,2,FMA,-0.8933333333333339,0.30333333333333334,-0.004000000000000145,-0.32246666666666685,1999.625,-50.37000000000003,38.42666666666668
temperatura,6,1999,8,2000,2,FMA,-0.8933333333333339,0.30333333333333334,-0.004000000000000145,-0.32246666666666685,1999.625,-0.4731366666666652,-0.6712699999999963
precipitacao,6,1999,9,2000,3,MAM,-0.9466666666666671,0.2733333333333334,0.028333333333333186,0.11513333333333307,1999.7083333333333,-37.396666666666675,-39.56666666666669
temperatura,6,1999,9,2000,3,MAM,-0.9466666666666671,0.2733333333333334,0.028333333333333186,0.11513333333333307,1999.7083333333333,-0.31333888888888595,-0.32293777777777777
precipitacao,6,1999,10,2000,4,AMJ,-1.0233333333333337,0.16333333333333336,-0.07166666666666681,0.5610999999999997,1999.7916666666667,-62.43333333333332,-126.64666666666668
temperatura,6,1999,10,2000,4,AMJ,-1.0233333333333337,0.16333333333333336,-0.07166666666666681,0.5610999999999997,1999.7916666666667,-0.03180666666666099,0.26324111111111037
precipitacao,6,1999,11,2000,5,MJJ,-1.1600000000000004,0.09666666666666669,-0.11800000000000015,0.8473333333333329,1999.875,-67.95000000000002,-68.07000000000002
temperatura,6,1999,11,2000,5,MJJ,-1.1600000000000004,0.09666666666666669,-0.11800000000000015,0.8473333333333329,1999.875,-0.797346666666666,-0.13930333333333422
precipitacao,6,1999,12,2000,6,JJA,-1.3366666666666671,0.10000000000000003,-0.15100000000000016,1.4459666666666664,1999.9583333333333,-70.54999999999995,29.20333333333332
temperatura,6,1999,12,2000,6,JJA,-1.3366666666666671,0.10000000000000003,-0.15100000000000016,1.4459666666666664,1999.9583333333333,-1.337284444444446,-0.40747222222222135
precipitacao,6,2000,1,2000,7,JAS,-1.4500000000000004,0.04333333333333337,-0.12966666666666682,1.3192666666666664,2000.0416666666667,-69.32333333333338,87.96666666666667
temperatura,6,2000,1,2000,7,JAS,-1.4500000000000004,0.04333333333333337,-0.12966666666666682,1.3192666666666664,2000.0416666666667,-1.4993377777777752,-1.132639999999995
precipitacao,6,2000,2,2000,8,ASO,-1.4200000000000006,0.03333333333333336,-0.09400000000000015,1.2256333333333331,2000.125,-9.790000000000077,25.850000000000023
temperatura,6,2000,2,2000,8,ASO,-1.4200000000000006,0.03333333333333336,-0.09400000000000015,1.2256333333333331,2000.125,-0.9082433333333348,-0.03794666666666657
precipitacao,6,2000,3,2000,9,SON,-1.236666666666667,0.016666666666666694,0.0023333333333331783,0.6753999999999998,2000.2083333333333,59.29000000000008,101.15000000000003
temperatura,6,2000,3,2000,9,SON,-1.236666666666667,0.016666666666666694,0.0023333333333331783,0.6753999999999998,2000.2083333333333,-0.6129177777777812,0.31214888888888837
precipitacao,6,2000,4,2000,10,OND,-1.0166666666666673,0.0766666666666667,0.09099999999999984,0.32849999999999974,2000.2916666666667,111.83000000000004,87.57666666666671
temperatura,6,2000,4,2000,10,OND,-1.0166666666666673,0.0766666666666667,0.09099999999999984,0.32849999999999974,2000.2916666666667,-0.7204322222222181,0.6659622222222268
precipitacao,6,2000,5,2000,11,NDJ,-0.8200000000000004,0.020000000000000028,0.13166666666666652,0.4976333333333331,2000.375,38.42666666666668,52.710000000000036
temperatura,6,2000,5,2000,11,NDJ,-0.8200000000000004,0.020000000000000028,0.13166666666666652,0.4976333333333331,2000.375,-0.6712699999999963,0.25919000000000025
precipitacao,6,2000,6,2000,12,DJF,-0.7000000000000005,-0.033333333333333305,0.07733333333333318,0.49233333333333307,2000.4583333333333,-39.56666666666669,-133.8099999999999
temperatura,6,2000,6,2000,12,DJF,-0.7000000000000005,-0.033333333333333305,0.07733333333333318,0.49233333333333307,2000.4583333333333,-0.32293777777777777,0.4091488888888897
precipitacao,6,2000,7,2001,1,JFM,-0.5900000000000004,-0.08666666666666663,0.055999999999999855,0.43429999999999974,2000.5416666666667,-126.64666666666668,-123.16999999999996
temperatura,6,2000,7,2001,1,JFM,-0.5900000000000004,-0.08666666666666663,0.055999999999999855,0.43429999999999974,2000.5416666666667,0.26324111111111037,0.7123677777777822
precipitacao,6,2000,8,2001,2,FMA,-0.5000000000000004,-0.06999999999999998,0.061999999999999854,-0.16590000000000024,2000.625,-68.07000000000002,-66.67333333333335
temperatura,6,2000,8,2001,2,FMA,-0.5000000000000004,-0.06999999999999998,0.061999999999999854,-0.16590000000000024,2000.625,-0.13930333333333422,0.9832633333333369
precipitacao,6,2000,9,2001,3,MAM,-0.4333333333333338,-0.07666666666666665,0.037333333333333184,-0.8226000000000001,2000.7083333333333,29.20333333333332,8.633333333333326
temperatura,6,2000,9,2001,3,MAM,-0.4333333333333338,-0.07666666666666665,0.037333333333333184,-0.8226000000000001,2000.7083333333333,-0.40747222222222135,0.6998288888888915
precipitacao,6,2000,10,2001,4,AMJ,-0.4533333333333338,-0.0833333333333333,-0.03566666666666681,-0.726466666666667,2000.7916666666667,87.96666666666667,-51.94666666666666
temperatura,6,2000,10,2001,4,AMJ,-0.4533333333333338,-0.0833333333333333,-0.03566666666666681,-0.726466666666667,2000.7916666666667,-1.132639999999995,0.47274111111110884
precipitacao,6,2000,11,2001,5,MJJ,-0.5733333333333338,-0.11999999999999998,-0.18133333333333349,-1.0143333333333335,2000.875,25.850000000000023,22.629999999999967
temperatura,6,2000,11,2001,5,MJJ,-0.5733333333333338,-0.11999999999999998,-0.18133333333333349,-1.0143333333333335,2000.875,-0.03794666666666657,0.15709666666666777
precipitacao,6,2000,12,2001,6,JJA,-0.6933333333333338,-0.16666666666666666,-0.23200000000000012,-0.8268000000000001,2000.9583333333333,101.15000000000003,28.903333333333364
temperatura,6,2000,12,2001,6,JJA,-0.6933333333333338,-0.16666666666666666,-0.23200000000000012,-0.8268000000000001,2000.9583333333333,0.31214888888888837,0.39539444444444527
precipitacao,6,2001,1,2001,7,JAS,-0.7666666666666672,-0.18333333333333332,-0.3283333333333335,-1.0994333333333335,2001.0416666666667,87.57666666666671,46.866666666666674
temperatura,6,2001,1,2001,7,JAS,-0.7666666666666672,-0.18333333333333332,-0.3283333333333335,-1.0994333333333335,2001.0416666666667,0.6659622222222268,0.1024933333333351
precipitacao,6,2001,2,2001,8,ASO,-0.6933333333333338,-0.18000000000000002,-0.23166666666666683,-0.6753666666666668,2001.125,52.710000000000036,-18.44999999999999
temperatura,6,2001,2,2001,8,ASO,-0.6933333333333338,-0.18000000000000002,-0.23166666666666683,-0.6753666666666668,2001.125,0.25919000000000025,-0.2544466666666665
precipitacao,6,2001,3,2001,9,SON,-0.5766666666666672,-0.10999999999999999,-0.1523333333333335,-0.4302000000000002,2001.2083333333333,-133.8099999999999,-64.05000000000001
temperatura,6,2001,3,2001,9,SON,-0.5766666666666672,-0.10999999999999999,-0.1523333333333335,-0.4302000000000002,2001.2083333333333,0.4091488888888897,-0.17145111111111078
precipitacao,6,2001,4,2001,10,OND,-0.42000000000000054,-0.02999999999999998,0.03666666666666652,-0.10156666666666687,2001.2916666666667,-123.16999999999996,15.17666666666662
temperatura,6,2001,4,2001,10,OND,-0.42000000000000054,-0.02999999999999998,0.03666666666666652,-0.10156666666666687,2001.2916666666667,0.7123677777777822,-0.12263777777777563
precipitacao,6,2001,5,2001,11,NDJ,-0.30333333333333384,0.043333333333333356,0.08766666666666652,-0.10066666666666686,2001.375,-66.67333333333335,54.81000000000006
temperatura,6,2001,5,2001,11,NDJ,-0.30333333333333384,0.043333333333333356,0.08766666666666652,-0.10066666666666686,2001.375,0.9832633333333369,-0.006809999999997984
precipitacao,6,2001,6,2001,12,DJF,-0.18666666666666712,0.07666666666666669,0.1333333333333332,0.21296666666666644,2001.4583333333333,8.633333333333326,55.29000000000008
temperatura,6,2001,6,2001,12,DJF,-0.18666666666666712,0.07666666666666669,0.1333333333333332,0.21296666666666644,2001.4583333333333,0.6998288888888915,-0.7673511111111146
precipitacao,6,2001,7,2002,1,JFM,-0.10666666666666715,0.01666666666666668,0.04133333333333319,-0.26813333333333356,2001.5416666666667,-51.94666666666666,-13.470000000000027
temperatura,6,2001,7,2002,1,JFM,-0.10666666666666715,0.01666666666666668,0.04133333333333319,-0.26813333333333356,2001.5416666666667,0.47274111111110884,-0.024332222222220423
precipitacao,6,2001,8,2002,2,FMA,-0.08666666666666716,-0.043333333333333314,-0.10466666666666681,0.12269999999999977,2001.625,22.629999999999967,-47.77333333333337
temperatura,6,2001,8,2002,2,FMA,-0.08666666666666716,-0.043333333333333314,-0.10466666666666681,0.12269999999999977,2001.625,0.15709666666666777,0.6231300000000033
precipitacao,6,2001,9,2002,3,MAM,-0.11000000000000047,-0.06999999999999999,-0.2213333333333335,0.3811333333333331,2001.7083333333333,28.903333333333364,-24.366666666666674
temperatura,6,2001,9,2002,3,MAM,-0.11000000000000047,-0.06999999999999999,-0.2213333333333335,0.3811333333333331,2001.7083333333333,0.39539444444444527,1.6151622222222244
precipitacao,6,2001,10,2002,4,AMJ,-0.18000000000000047,-0.043333333333333314,-0.3250000000000001,1.1162666666666665,2001.7916666666667,46.866666666666674,-73.64666666666666
temperatura,6,2001,10,2002,4,AMJ,-0.18000000000000047,-0.043333333333333314,-0.3250000000000001,1.1162666666666665,2001.7916666666667,0.1024933333333351,1.7421411111111098
precipitacao,6,2001,11,2002,5,MJJ,-0.24666666666666714,-0.02999999999999998,-0.30633333333333346,1.1447666666666665,2001.875,-18.44999999999999,-80.27000000000002
temperatura,6,2001,11,2002,5,MJJ,-0.24666666666666714,-0.02999999999999998,-0.30633333333333346,1.1447666666666665,2001.875,-0.2544466666666665,1.2531300000000023
precipitacao,6,2001,12,2002,6,JJA,-0.30333333333333384,-0.09999999999999998,-0.24900000000000014,1.248833333333333,2001.9583333333333,-64.05000000000001,-65.69666666666666
temperatura,6,2001,12,2002,6,JJA,-0.30333333333333384,-0.09999999999999998,-0.24900000000000014,1.248833333333333,2001.9583333333333,-0.17145111111111078,1.5946277777777773
precipitacao,6,2002,1,2002,7,JAS,-0.2666666666666671,-0.1533333333333333,-0.14600000000000013,1.0720999999999996,2002.0416666666667,15.17666666666662,-30.53333333333333
temperatura,6,2002,1,2002,7,JAS,-0.2666666666666671,-0.1533333333333333,-0.14600000000000013,1.0720999999999996,2002.0416666666667,-0.12263777777777563,0.5594933333333358
precipitacao,6,2002,2,2002,8,ASO,-0.13333333333333378,-0.25666666666666665,-0.09700000000000014,1.1848666666666665,2002.125,54.81000000000006,-52.85000000000002
temperatura,6,2002,2,2002,8,ASO,-0.13333333333333378,-0.25666666666666665,-0.09700000000000014,1.1848666666666665,2002.125,-0.006809999999997984,1.3552533333333336
precipitacao,6,2002,3,2002,9,SON,0.009999999999999542,-0.19333333333333333,-0.07733333333333348,0.0858333333333332,2002.2083333333333,55.29000000000008,-58.14999999999998
temperatura,6,2002,3,2002,9,SON,0.009999999999999542,-0.19333333333333333,-0.07733333333333348,0.0858333333333332,2002.2083333333333,-0.7673511111111146,0.8945155555555573
precipitacao,6,2002,4,2002,10,OND,0.10999999999999954,-0.12999999999999998,-0.14733333333333345,-0.10813333333333346,2002.2916666666667,-13.470000000000027,-32.82333333333338
temperatura,6,2002,4,2002,10,OND,0.10999999999999954,-0.12999999999999998,-0.14733333333333345,-0.10813333333333346,2002.2916666666667,-0.024332222222220423,1.512128888888892
precipitacao,6,2002,5,2002,11,NDJ,0.1866666666666662,0.030000000000000016,-0.2243333333333335,-1.485666666666667,2002.375,-47.77333333333337,94.00999999999999
temperatura,6,2002,5,2002,11,NDJ,0.1866666666666662,0.030000000000000016,-0.2243333333333335,-1.485666666666667,2002.375,0.6231300000000033,0.5365566666666659
precipitacao,6,2002,6,2002,12,DJF,0.29999999999999954,0.05666666666666668,-0.29000000000000015,-1.2485000000000002,2002.4583333333333,-24.366666666666674,-26.409999999999968
temperatura,6,2002,6,2002,12,DJF,0.29999999999999954,0.05666666666666668,-0.29000000000000015,-1.2485000000000002,2002.4583333333333,1.6151622222222244,0.7196822222222252
precipitacao,6,2002,7,2003,1,JFM,0.4399999999999995,0.13,-0.2596666666666668,-1.5004666666666668,2002.5416666666667,-73.64666666666666,-63.56999999999999
temperatura,6,2002,7,2003,1,JFM,0.4399999999999995,0.13,-0.2596666666666668,-1.5004666666666668,2002.5416666666667,1.7421411111111098,0.5476344444444408
precipitacao,6,2002,8,2003,2,FMA,0.5499999999999995,0.01666666666666668,-0.21933333333333346,-0.6007666666666668,2002.625,-80.27000000000002,-121.47333333333336
temperatura,6,2002,8,2003,2,FMA,0.5499999999999995,0.01666666666666668,-0.21933333333333346,-0.6007666666666668,2002.625,1.2531300000000023,0.7116299999999995
precipitacao,6,2002,9,2003,3,MAM,0.6599999999999996,-0.06666666666666665,-0.061000000000000144,-0.5182666666666669,2002.7083333333333,-65.69666666666666,-36.06666666666669
temperatura,6,2002,9,2003,3,MAM,0.6599999999999996,-0.06666666666666665,-0.061000000000000144,-0.5182666666666669,2002.7083333333333,1.5946277777777773,0.048895555555557024
precipitacao,6,2002,10,2003,4,AMJ,0.7999999999999995,-0.16999999999999996,0.16099999999999987,-1.1759666666666668,2002.7916666666667,-30.53333333333333,-62.14666666666665
temperatura,6,2002,10,2003,4,AMJ,0.7999999999999995,-0.16999999999999996,0.16099999999999987,-1.1759666666666668,2002.7916666666667,0.5594933333333358,0.7055077777777754
precipitacao,6,2002,11,2003,5,MJJ,0.9866666666666662,-0.18999999999999997,0.2623333333333332,-1.4506666666666668,2002.875,-52.85000000000002,-99.17000000000002
temperatura,6,2002,11,2003,5,MJJ,0.9866666666666662,-0.18999999999999997,0.2623333333333332,-1.4506666666666668,2002.875,1.3552533333333336,0.9515633333333362
precipitacao,6,2002,12,2003,6,JJA,1.0866666666666662,-0.08666666666666663,0.11433333333333319,-0.7263333333333334,2002.9583333333333,-58.14999999999998,-79.29666666666665
temperatura,6,2002,12,2003,6,JJA,1.0866666666666662,-0.08666666666666663,0.11433333333333319,-0.7263333333333334,2002.9583333333333,0.8945155555555573,0.6253277777777768
precipitacao,6,2003,1,2003,7,JAS,1.0566666666666662,0.01666666666666669,-0.10033333333333348,-0.20096666666666682,2003.0416666666667,-32.82333333333338,-86.43333333333332
temperatura,6,2003,1,2003,7,JAS,1.0566666666666662,0.01666666666666669,-0.10033333333333348,-0.20096666666666682,2003.0416666666667,1.512128888888892,-0.16983999999999355
precipitacao,6,2003,2,2003,8,ASO,0.8566666666666661,0.20000000000000004,-0.12666666666666682,-0.012100000000000147,2003.125,94.00999999999999,-17.55000000000001
temperatura,6,2003,2,2003,8,ASO,0.8566666666666661,0.20000000000000004,-0.12666666666666682,-0.012100000000000147,2003.125,0.5365566666666659,-0.5901800000000001
precipitacao,6,2003,3,2003,9,SON,0.623333333333333,0.26666666666666666,-0.08700000000000015,-0.5108333333333335,2003.2083333333333,-26.409999999999968,-45.94999999999999
temperatura,6,2003,3,2003,9,SON,0.623333333333333,0.26666666666666666,-0.08700000000000015,-0.5108333333333335,2003.2083333333333,0.7196822222222252,-0.1742844444444458
precipitacao,6,2003,4,2003,10,OND,0.31999999999999956,0.23000000000000007,-0.04033333333333348,-0.10676666666666683,2003.2916666666667,-63.56999999999999,21.276666666666586
temperatura,6,2003,4,2003,10,OND,0.31999999999999956,0.23000000000000007,-0.04033333333333348,-0.10676666666666683,2003.2916666666667,0.5476344444444408,-0.020904444444440173
precipitacao,6,2003,5,2003,11,NDJ,0.0633333333333329,0.1366666666666667,-0.10066666666666683,0.14036666666666653,2003.375,-121.47333333333336,-36.789999999999964
temperatura,6,2003,5,2003,11,NDJ,0.0633333333333329,0.1366666666666667,-0.10066666666666683,0.14036666666666653,2003.375,0.7116299999999995,-0.4255433333333336
precipitacao,6,2003,6,2003,12,DJF,-0.10666666666666712,-0.026666666666666644,-0.04133333333333347,-0.05523333333333347,2003.4583333333333,-36.06666666666669,21.389999999999986
temperatura,6,2003,6,2003,12,DJF,-0.10666666666666712,-0.026666666666666644,-0.04133333333333347,-0.05523333333333347,2003.4583333333333,0.048895555555557024,-0.9992511111111106
precipitacao,6,2003,7,2004,1,JFM,-0.07333333333333378,-0.016666666666666646,0.03533333333333319,0.11233333333333322,2003.5416666666667,-62.14666666666665,9.629999999999995
temperatura,6,2003,7,2004,1,JFM,-0.07333333333333378,-0.016666666666666646,0.03533333333333319,0.11233333333333322,2003.5416666666667,0.7055077777777754,-1.46053222222222
precipitacao,6,2003,8,2004,2,FMA,0.03333333333333289,0.07666666666666669,0.12599999999999986,0.21016666666666653,2003.625,-99.17000000000002,47.326666666666654
temperatura,6,2003,8,2004,2,FMA,0.03333333333333289,0.07666666666666669,0.12599999999999986,0.21016666666666653,2003.625,0.9515633333333362,-0.9575700000000005
precipitacao,6,2003,9,2004,3,MAM,0.1533333333333329,0.26,0.059666666666666514,0.3606333333333332,2003.7083333333333,-79.29666666666665,35.133333333333326
temperatura,6,2003,9,2004,3,MAM,0.1533333333333329,0.26,0.059666666666666514,0.3606333333333332,2003.7083333333333,0.6253277777777768,-0.6347377777777758
precipitacao,6,2003,10,2004,4,AMJ,0.19999999999999954,0.3166666666666667,-0.06500000000000015,0.10999999999999988,2003.7916666666667,-86.43333333333332,37.55333333333334
temperatura,6,2003,10,2004,4,AMJ,0.19999999999999954,0.3166666666666667,-0.06500000000000015,0.10999999999999988,2003.7916666666667,-0.16983999999999355,-0.42242555555555583
precipitacao,6,2003,11,2004,5,MJJ,0.24999999999999956,0.3366666666666667,-0.15400000000000014,-0.35323333333333345,2003.875,-17.55000000000001,59.529999999999944
temperatura,6,2003,11,2004,5,MJJ,0.24999999999999956,0.3366666666666667,-0.15400000000000014,-0.35323333333333345,2003.875,-0.5901800000000001,-0.7733699999999963
precipitacao,6,2003,12,2004,6,JJA,0.2699999999999996,0.3233333333333333,-0.07100000000000015,-0.6865000000000002,2003.9583333333333,-45.94999999999999,12.403333333333364
temperatura,6,2003,12,2004,6,JJA,0.2699999999999996,0.3233333333333333,-0.07100000000000015,-0.6865000000000002,2003.9583333333333,-0.1742844444444458,-0.698538888888887
precipitacao,6,2004,1,2004,7,JAS,0.30666666666666625,0.24333333333333332,0.024666666666666517,-0.40916666666666685,2004.0416666666667,21.276666666666586,-84.63333333333333
temperatura,6,2004,1,2004,7,JAS,0.30666666666666625,0.24333333333333332,0.024666666666666517,-0.40916666666666685,2004.0416666666667,-0.020904444444440173,0.3207600000000035
precipitacao,6,2004,2,2004,8,ASO,0.29999999999999954,0.10666666666666669,0.11566666666666651,-0.5659000000000001,2004.125,-36.789999999999964,-63.849999999999994
temperatura,6,2004,2,2004,8,ASO,0.29999999999999954,0.10666666666666669,0.11566666666666651,-0.5659000000000001,2004.125,-0.4255433333333336,0.25201999999999813
precipitacao,6,2004,3,2004,9,SON,0.2666666666666662,-0.1133333333333333,0.07833333333333319,0.018966666666666576,2004.2083333333333,21.389999999999986,-43.94999999999993
temperatura,6,2004,3,2004,9,SON,0.2666666666666662,-0.1133333333333333,0.07833333333333319,0.018966666666666576,2004.2083333333333,-0.9992511111111106,0.40254888888889084
precipitacao,6,2004,4,2004,10,OND,0.18666666666666623,-0.3266666666666666,0.037333333333333184,-0.19973333333333343,2004.2916666666667,9.629999999999995,1.2766666666666424
temperatura,6,2004,4,2004,10,OND,0.18666666666666623,-0.3266666666666666,0.037333333333333184,-0.19973333333333343,2004.2916666666667,-1.46053222222222,-0.701304444444439
precipitacao,6,2004,5,2004,11,NDJ,0.13666666666666624,-0.4666666666666666,-0.18900000000000014,0.3474333333333332,2004.375,47.326666666666654,72.11000000000001
temperatura,6,2004,5,2004,11,NDJ,0.13666666666666624,-0.4666666666666666,-0.18900000000000014,0.3474333333333332,2004.375,-0.9575700000000005,-0.5468100000000007
precipitacao,6,2004,6,2004,12,DJF,0.14666666666666622,-0.4766666666666666,-0.34266666666666684,0.602,2004.4583333333333,35.133333333333326,-13.209999999999923
temperatura,6,2004,6,2004,12,DJF,0.14666666666666622,-0.4766666666666666,-0.34266666666666684,0.602,2004.4583333333333,-0.6347377777777758,-0.9566177777777796
precipitacao,6,2004,7,2005,1,JFM,0.24333333333333287,-0.3466666666666666,-0.4166666666666668,1.0431,2004.5416666666667,37.55333333333334,9.029999999999973
temperatura,6,2004,7,2005,1,JFM,0.24333333333333287,-0.3466666666666666,-0.4166666666666668,1.0431,2004.5416666666667,-0.42242555555555583,-0.6071655555555537
precipitacao,6,2004,8,2005,2,FMA,0.38333333333333286,-0.18333333333333332,-0.27266666666666683,0.8661666666666665,2004.625,59.529999999999944,-96.17333333333335
temperatura,6,2004,8,2005,2,FMA,0.38333333333333286,-0.18333333333333332,-0.27266666666666683,0.8661666666666665,2004.625,-0.7733699999999963,-0.009036666666663251
precipitacao,6,2004,9,2005,3,MAM,0.5033333333333329,0.0066666666666667,-0.18000000000000016,0.5522333333333332,2004.7083333333333,12.403333333333364,14.533333333333303
temperatura,6,2004,9,2005,3,MAM,0.5033333333333329,0.0066666666666667,-0.18000000000000016,0.5522333333333332,2004.7083333333333,-0.698538888888887,0.8582622222222227
precipitacao,6,2004,10,2005,4,AMJ,0.5766666666666662,0.04000000000000003,-0.08100000000000014,0.046633333333333256,2004.7916666666667,-84.63333333333333,-3.4466666666666583
temperatura,6,2004,10,2005,4,AMJ,0.5766666666666662,0.04000000000000003,-0.08100000000000014,0.046633333333333256,2004.7916666666667,0.3207600000000035,1.2570411111111106
precipitacao,6,2004,11,2005,5,MJJ,0.6099999999999995,0.053333333333333365,-0.08766666666666682,-0.010366666666666738,2004.875,-63.849999999999994,-39.87000000000002
temperatura,6,2004,11,2005,5,MJJ,0.6099999999999995,0.053333333333333365,-0.08766666666666682,-0.010366666666666738,2004.875,0.25201999999999813,0.7947966666666701
precipitacao,6,2004,12,2005,6,JJA,0.6533333333333329,0.05000000000000004,-0.09633333333333349,-0.4192,2004.9583333333333,-43.94999999999993,-62.39666666666666
temperatura,6,2004,12,2005,6,JJA,0.6533333333333329,0.05000000000000004,-0.09633333333333349,-0.4192,2004.9583333333333,0.40254888888889084,0.9190944444444433
precipitacao,6,2005,1,2005,7,JAS,0.6566666666666663,0.17000000000000004,-0.1363333333333335,-0.44793333333333335,2005.0416666666667,1.2766666666666424,-0.03333333333333144
temperatura,6,2005,1,2005,7,JAS,0.6566666666666663,0.17000000000000004,-0.1363333333333335,-0.44793333333333335,2005.0416666666667,-0.701304444444439,0.16949333333333882
precipitacao,6,2005,2,2005,8,ASO,0.6266666666666662,0.22333333333333338,-0.2720000000000002,0.047299999999999974,2005.125,72.11000000000001,34.85000000000002
temperatura,6,2005,2,2005,8,ASO,0.6266666666666662,0.22333333333333338,-0.2720000000000002,0.047299999999999974,2005.125,-0.5468100000000007,0.5846199999999975
precipitacao,6,2005,3,2005,9,SON,0.5233333333333329,0.2533333333333334,-0.37233333333333346,0.4243666666666666,2005.2083333333333,-13.209999999999923,8.850000000000023
temperatura,6,2005,3,2005,9,SON,0.5233333333333329,0.2533333333333334,-0.37233333333333346,0.4243666666666666,2005.2083333333333,-0.9566177777777796,-0.12491777777777813
precipitacao,6,2005,4,2005,10,OND,0.43999999999999956,0.15333333333333338,-0.30300000000000016,0.5857333333333333,2005.2916666666667,9.029999999999973,-88.42333333333335
temperatura,6,2005,4,2005,10,OND,0.43999999999999956,0.15333333333333338,-0.30300000000000016,0.5857333333333333,2005.2916666666667,-0.6071655555555537,-0.2969044444444435
precipitacao,6,2005,5,2005,11,NDJ,0.34666666666666623,-0.053333333333333295,-0.1273333333333335,0.07213333333333326,2005.375,-96.17333333333335,-174.99
temperatura,6,2005,5,2005,11,NDJ,0.34666666666666623,-0.053333333333333295,-0.1273333333333335,0.07213333333333326,2005.375,-0.009036666666663251,-0.3854100000000038
precipitacao,6,2005,6,2005,12,DJF,0.24333333333333287,-0.32999999999999996,-0.04166666666666682,-0.4565333333333334,2005.4583333333333,14.533333333333303,-135.4099999999999
temperatura,6,2005,6,2005,12,DJF,0.24333333333333287,-0.32999999999999996,-0.04166666666666682,-0.4565333333333334,2005.4583333333333,0.8582622222222227,-0.23178444444444324
precipitacao,6,2005,7,2006,1,JFM,0.10666666666666623,-0.5133333333333333,-0.1976666666666668,-0.659,2005.5416666666667,-3.4466666666666583,-70.87
temperatura,6,2005,7,2006,1,JFM,0.10666666666666623,-0.5133333333333333,-0.1976666666666668,-0.659,2005.5416666666667,1.2570411111111106,0.4391677777777794
precipitacao,6,2005,8,2006,2,FMA,-0.030000000000000453,-0.4433333333333332,-0.3016666666666668,-0.4838333333333334,2005.625,-39.87000000000002,-1.1733333333332894
temperatura,6,2005,8,2006,2,FMA,-0.030000000000000453,-0.4433333333333332,-0.3016666666666668,-0.4838333333333334,2005.625,0.7947966666666701,-0.12336999999999776
precipitacao,6,2005,9,2006,3,MAM,-0.09666666666666712,-0.32999999999999996,-0.4210000000000002,0.07229999999999992,2005.7083333333333,-62.39666666666666,-30.06666666666669
temperatura,6,2005,9,2006,3,MAM,-0.09666666666666712,-0.32999999999999996,-0.4210000000000002,0.07229999999999992,2005.7083333333333,0.9190944444444433,-0.5938377777777752
precipitacao,6,2005,10,2006,4,AMJ,-0.17333333333333378,-0.2133333333333333,-0.43833333333333346,0.16663333333333327,2005.7916666666667,-0.03333333333333144,-90.34666666666666
temperatura,6,2005,10,2006,4,AMJ,-0.17333333333333378,-0.2133333333333333,-0.43833333333333346,0.16663333333333327,2005.7916666666667,0.16949333333333882,-0.6883922222222232
precipitacao,6,2005,11,2006,5,MJJ,-0.31666666666666715,-0.23666666666666666,-0.41400000000000015,-0.09326666666666672,2005.875,34.85000000000002,-78.87000000000003
temperatura,6,2005,11,2006,5,MJJ,-0.31666666666666715,-0.23666666666666666,-0.41400000000000015,-0.09326666666666672,2005.875,0.5846199999999975,0.09712999999999994
precipitacao,6,2005,12,2006,6,JJA,-0.5533333333333338,-0.25666666666666665,-0.33600000000000013,-0.8294333333333334,2005.9583333333333,8.850000000000023,-67.99666666666667
temperatura,6,2005,12,2006,6,JJA,-0.5533333333333338,-0.25666666666666665,-0.33600000000000013,-0.8294333333333334,2005.9583333333333,-0.12491777777777813,0.8063944444444431
precipitacao,6,2006,1,2006,7,JAS,-0.7500000000000004,-0.28333333333333327,-0.23566666666666683,-0.7268000000000002,2006.0416666666667,-88.42333333333335,-24.43333333333331
temperatura,6,2006,1,2006,7,JAS,-0.7500000000000004,-0.28333333333333327,-0.23566666666666683,-0.7268000000000002,2006.0416666666667,-0.2969044444444435,0.47122666666667
precipitacao,6,2006,2,2006,8,ASO,-0.8266666666666671,-0.20999999999999994,-0.24700000000000014,-0.6134000000000001,2006.125,-174.99,-30.150000000000006
temperatura,6,2006,2,2006,8,ASO,-0.8266666666666671,-0.20999999999999994,-0.24700000000000014,-0.6134000000000001,2006.125,-0.3854100000000038,-0.27494666666666845
precipitacao,6,2006,3,2006,9,SON,-0.7633333333333338,-0.09333333333333328,-0.2223333333333335,0.20939999999999995,2006.2083333333333,-135.4099999999999,37.950000000000045
temperatura,6,2006,3,2006,9,SON,-0.7633333333333338,-0.09333333333333328,-0.2223333333333335,0.20939999999999995,2006.2083333333333,-0.23178444444444324,-0.5606511111111132
precipitacao,6,2006,4,2006,10,OND,-0.6266666666666671,0.006666666666666703,-0.18233333333333349,0.03999999999999996,2006.2916666666667,-70.87,107.67666666666662
temperatura,6,2006,4,2006,10,OND,-0.6266666666666671,0.006666666666666703,-0.18233333333333349,0.03999999999999996,2006.2916666666667,0.4391677777777794,-0.27413777777777426
precipitacao,6,2006,5,2006,11,NDJ,-0.4233333333333338,-0.016666666666666632,-0.1496666666666668,0.6755666666666666,2006.375,-1.1733333333332894,110.5100000000001
temperatura,6,2006,5,2006,11,NDJ,-0.4233333333333338,-0.016666666666666632,-0.1496666666666668,0.6755666666666666,2006.375,-0.12336999999999776,-0.2260766666666676
precipitacao,6,2006,6,2006,12,DJF,-0.23000000000000045,-0.0033333333333332945,-0.09400000000000015,0.6547,2006.4583333333333,-30.06666666666669,40.3900000000001
temperatura,6,2006,6,2006,12,DJF,-0.23000000000000045,-0.0033333333333332945,-0.09400000000000015,0.6547,2006.4583333333333,-0.5938377777777752,-0.2030177777777773
precipitacao,6,2006,7,2007,1,JFM,-0.040000000000000445,0.013333333333333372,-0.07566666666666681,1.0196333333333334,2006.5416666666667,-90.34666666666666,-84.96999999999997
temperatura,6,2006,7,2007,1,JFM,-0.040000000000000445,0.013333333333333372,-0.07566666666666681,1.0196333333333334,2006.5416666666667,-0.6883922222222232,0.2432011111111123
precipitacao,6,2006,8,2007,2,FMA,0.1333333333333329,0.09333333333333338,0.06999999999999985,-0.12120000000000013,2006.625,-78.87000000000003,-86.97333333333336
temperatura,6,2006,8,2007,2,FMA,0.1333333333333329,0.09333333333333338,0.06999999999999985,-0.12120000000000013,2006.625,0.09712999999999994,0.7342633333333346
precipitacao,6,2006,9,2007,3,MAM,0.32999999999999957,0.10333333333333337,0.2323333333333332,-0.3752333333333335,2006.7083333333333,-67.99666666666667,-63.56666666666669
temperatura,6,2006,9,2007,3,MAM,0.32999999999999957,0.10333333333333337,0.2323333333333332,-0.3752333333333335,2006.7083333333333,0.8063944444444431,0.594195555555558
precipitacao,6,2006,10,2007,4,AMJ,0.5266666666666663,0.09000000000000004,0.41133333333333316,-0.3906666666666669,2006.7916666666667,-24.43333333333331,-53.94666666666667
temperatura,6,2006,10,2007,4,AMJ,0.5266666666666663,0.09000000000000004,0.41133333333333316,-0.3906666666666669,2006.7916666666667,0.47122666666667,0.36030777777778056
precipitacao,6,2006,11,2007,5,MJJ,0.7099999999999995,0.013333333333333369,0.5019999999999998,0.21879999999999988,2006.875,-30.150000000000006,71.32999999999996
temperatura,6,2006,11,2007,5,MJJ,0.7099999999999995,0.013333333333333369,0.5019999999999998,0.21879999999999988,2006.875,-0.27494666666666845,-0.09700333333332978
precipitacao,6,2006,12,2007,6,JJA,0.8233333333333328,-0.0133333333333333,0.4166666666666665,0.5396333333333333,2006.9583333333333,37.950000000000045,32.903333333333364
temperatura,6,2006,12,2007,6,JJA,0.8233333333333328,-0.0133333333333333,0.4166666666666665,0.5396333333333333,2006.9583333333333,-0.5606511111111132,0.02622777777777685
precipitacao,6,2007,1,2007,7,JAS,0.7933333333333329,-0.046666666666666634,0.2993333333333332,0.21896666666666662,2007.0416666666667,107.67666666666662,-2.9333333333333087
temperatura,6,2007,1,2007,7,JAS,0.7933333333333329,-0.046666666666666634,0.2993333333333332,0.21896666666666662,2007.0416666666667,-0.27413777777777426,0.34442666666667066
precipitacao,6,2007,2,2007,8,ASO,0.5633333333333329,-0.0333333333333333,0.18233333333333315,0.2101666666666666,2007.125,110.5100000000001,-137.75
temperatura,6,2007,2,2007,8,ASO,0.5633333333333329,-0.0333333333333333,0.18233333333333315,0.2101666666666666,2007.125,-0.2260766666666676,0.8928866666666657
precipitacao,6,2007,3,2007,9,SON,0.22999999999999954,-0.1533333333333333,0.1633333333333332,-0.19266666666666676,2007.2083333333333,40.3900000000001,-56.049999999999955
temperatura,6,2007,3,2007,9,SON,0.22999999999999954,-0.1533333333333333,0.1633333333333332,-0.19266666666666676,2007.2083333333333,-0.2030177777777773,0.7833822222222189
precipitacao,6,2007,4,2007,10,OND,-0.08333333333333381,-0.14666666666666664,0.12166666666666653,-0.5101333333333334,2007.2916666666667,-84.96999999999997,-30.02333333333337
temperatura,6,2007,4,2007,10,OND,-0.08333333333333381,-0.14666666666666664,0.12166666666666653,-0.5101333333333334,2007.2916666666667,0.2432011111111123,0.2859622222222242
precipitacao,6,2007,5,2007,11,NDJ,-0.2600000000000005,-0.14666666666666664,0.16166666666666654,-0.7390666666666666,2007.375,-86.97333333333336,-25.790000000000077
temperatura,6,2007,5,2007,11,NDJ,-0.2600000000000005,-0.14666666666666664,0.16166666666666654,-0.7390666666666666,2007.375,0.7342633333333346,-0.4713766666666679
precipitacao,6,2007,6,2007,12,DJF,-0.35666666666666713,-0.0033333333333332993,0.13366666666666652,-0.9483666666666667,2007.4583333333333,-63.56666666666669,-112.40999999999991
temperatura,6,2007,6,2007,12,DJF,-0.35666666666666713,-0.0033333333333332993,0.13366666666666652,-0.9483666666666667,2007.4583333333333,0.594195555555558,-0.5550177777777776
precipitacao,6,2007,7,2008,1,JFM,-0.4133333333333338,0.013333333333333369,0.11533333333333319,-1.4802,2007.5416666666667,-53.94666666666667,-79.46999999999997
temperatura,6,2007,7,2008,1,JFM,-0.4133333333333338,0.013333333333333369,0.11533333333333319,-1.4802,2007.5416666666667,0.36030777777778056,-0.7840655555555536
precipitacao,6,2007,8,2008,2,FMA,-0.5566666666666671,0.020000000000000035,0.10433333333333318,-1.3122,2007.625,71.32999999999996,8.726666666666631
temperatura,6,2007,8,2008,2,FMA,-0.5566666666666671,0.020000000000000035,0.10433333333333318,-1.3122,2007.625,-0.09700333333332978,-0.50047
precipitacao,6,2007,9,2008,3,MAM,-0.7700000000000005,0.020000000000000035,0.1723333333333332,-0.9027,2007.7083333333333,32.903333333333364,42.833333333333314
temperatura,6,2007,9,2008,3,MAM,-0.7700000000000005,0.020000000000000035,0.1723333333333332,-0.9027,2007.7083333333333,0.02622777777777685,-0.7132711111111121
precipitacao,6,2007,10,2008,4,AMJ,-1.066666666666667,-0.009999999999999962,0.17999999999999985,-0.17036666666666667,2007.7916666666667,-2.9333333333333087,38.55333333333334
temperatura,6,2007,10,2008,4,AMJ,-1.066666666666667,-0.009999999999999962,0.17999999999999985,-0.17036666666666667,2007.7916666666667,0.34442666666667066,-0.6201922222222258
precipitacao,6,2007,11,2008,5,MJJ,-1.333333333333334,-0.0233333333333333,0.09333333333333317,-0.4623333333333333,2007.875,-137.75,-72.87000000000002
temperatura,6,2007,11,2008,5,MJJ,-1.333333333333334,-0.0233333333333333,0.09333333333333317,-0.4623333333333333,2007.875,0.8928866666666657,-0.4388699999999979
precipitacao,6,2007,12,2008,6,JJA,-1.5566666666666673,-0.0833333333333333,-0.06066666666666681,0.1706,2007.9583333333333,-56.049999999999955,2.103333333333353
temperatura,6,2007,12,2008,6,JJA,-1.5566666666666673,-0.0833333333333333,-0.06066666666666681,0.1706,2007.9583333333333,0.7833822222222189,0.26712777777777674
precipitacao,6,2008,1,2008,7,JAS,-1.6833333333333338,-0.09333333333333331,-0.04500000000000015,0.718,2008.0416666666667,-30.02333333333337,4.566666666666691
temperatura,6,2008,1,2008,7,JAS,-1.6833333333333338,-0.09333333333333331,-0.04500000000000015,0.718,2008.0416666666667,0.2859622222222242,-0.06803999999999633
precipitacao,6,2008,2,2008,8,ASO,-1.6966666666666672,-0.03666666666666663,-0.06133333333333348,1.4284,2008.125,-25.790000000000077,91.25
temperatura,6,2008,2,2008,8,ASO,-1.6966666666666672,-0.03666666666666663,-0.06133333333333348,1.4284,2008.125,-0.4713766666666679,-0.1346133333333306
precipitacao,6,2008,3,2008,9,SON,-1.5800000000000007,0.0666666666666667,0.04666666666666652,0.9811333333333333,2008.2083333333333,-112.40999999999991,30.649999999999977
temperatura,6,2008,3,2008,9,SON,-1.5800000000000007,0.0666666666666667,0.04666666666666652,0.9811333333333333,2008.2083333333333,-0.5550177777777776,-0.6852511111111106
precipitacao,6,2008,4,2008,10,OND,-1.343333333333334,0.22333333333333338,-0.04266666666666682,0.2871666666666667,2008.2916666666667,-79.46999999999997,43.476666666666574
temperatura,6,2008,4,2008,10,OND,-1.343333333333334,0.22333333333333338,-0.04266666666666682,0.2871666666666667,2008.2916666666667,-0.7840655555555536,-0.7154044444444452
precipitacao,6,2008,5,2008,11,NDJ,-1.0900000000000005,0.35000000000000003,0.040999999999999856,-0.25856666666666667,2008.375,8.726666666666631,-0.09000000000003183
temperatura,6,2008,5,2008,11,NDJ,-1.0900000000000005,0.35000000000000003,0.040999999999999856,-0.25856666666666667,2008.375,-0.50047,-1.0006766666666707
precipitacao,6,2008,6,2008,12,DJF,-0.8200000000000006,0.3966666666666667,0.08033333333333319,-0.004933333333333308,2008.4583333333333,42.833333333333314,50.8900000000001
temperatura,6,2008,6,2008,12,DJF,-0.8200000000000006,0.3966666666666667,0.08033333333333319,-0.004933333333333308,2008.4583333333333,-0.7132711111111121,-0.6571511111111121
precipitacao,6,2008,7,2009,1,JFM,-0.5800000000000005,0.42,0.21333333333333318,0.39293333333333336,2008.5416666666667,38.55333333333334,-1.0699999999999363
temperatura,6,2008,7,2009,1,JFM,-0.5800000000000005,0.42,0.21333333333333318,0.39293333333333336,2008.5416666666667,-0.6201922222222258,-0.03886555555554949
precipitacao,6,2008,8,2009,2,FMA,-0.3633333333333339,0.3666666666666667,0.19499999999999984,0.5852,2008.625,-72.87000000000002,29.026666666666642
temperatura,6,2008,8,2009,2,FMA,-0.3633333333333339,0.3666666666666667,0.19499999999999984,0.5852,2008.625,-0.4388699999999979,-0.07540333333333038
precipitacao,6,2008,9,2009,3,MAM,-0.2600000000000005,0.2800000000000001,0.15199999999999986,0.5976,2008.7083333333333,2.103333333333353,-27.56666666666669
temperatura,6,2008,9,2009,3,MAM,-0.2600000000000005,0.2800000000000001,0.15199999999999986,0.5976,2008.7083333333333,0.26712777777777674,0.08492888888888928
precipitacao,6,2008,10,2009,4,AMJ,-0.2700000000000005,0.16333333333333336,0.07966666666666652,0.8958333333333334,2008.7916666666667,4.566666666666691,8.553333333333342
temperatura,6,2008,10,2009,4,AMJ,-0.2700000000000005,0.16333333333333336,0.07966666666666652,0.8958333333333334,2008.7916666666667,-0.06803999999999633,-0.6810255555555607
precipitacao,6,2008,11,2009,5,MJJ,-0.3933333333333338,0.10333333333333337,-0.004333333333333476,1.1734,2008.875,91.25,94.32999999999996
temperatura,6,2008,11,2009,5,MJJ,-0.3933333333333338,0.10333333333333337,-0.004333333333333476,1.1734,2008.875,-0.1346133333333306,-0.4634699999999974
precipitacao,6,2008,12,2009,6,JJA,-0.5733333333333338,0.11000000000000003,-0.050666666666666804,1.1094666666666668,2008.9583333333333,30.649999999999977,131.90333333333336
temperatura,6,2008,12,2009,6,JJA,-0.5733333333333338,0.11000000000000003,-0.050666666666666804,1.1094666666666668,2008.9583333333333,-0.6852511111111106,-0.6854055555555547
precipitacao,6,2009,1,2009,7,JAS,-0.7500000000000004,0.13000000000000003,-0.050000000000000135,1.0253666666666665,2009.0416666666667,43.476666666666574,158.8666666666667
temperatura,6,2009,1,2009,7,JAS,-0.7500000000000004,0.13000000000000003,-0.050000000000000135,1.0253666666666665,2009.0416666666667,-0.7154044444444452,0.12499333333333595
precipitacao,6,2009,2,2009,8,ASO,-0.8400000000000004,0.11333333333333336,0.04699999999999987,0.8707333333333332,2009.125,-0.09000000000003183,76.65000000000003
temperatura,6,2009,2,2009,8,ASO,-0.8400000000000004,0.11333333333333336,0.04699999999999987,0.8707333333333332,2009.125,-1.0006766666666707,-0.06631333333333345
precipitacao,6,2009,3,2009,9,SON,-0.7866666666666672,0.13000000000000003,0.09799999999999986,0.6743333333333333,2009.2083333333333,50.8900000000001,84.25
temperatura,6,2009,3,2009,9,SON,-0.7866666666666672,0.13000000000000003,0.09799999999999986,0.6743333333333333,2009.2083333333333,-0.6571511111111121,0.8329155555555552
precipitacao,6,2009,4,2009,10,OND,-0.6066666666666671,0.16333333333333336,0.12966666666666654,0.36319999999999997,2009.2916666666667,-1.0699999999999363,126.47666666666657
temperatura,6,2009,4,2009,10,OND,-0.6066666666666671,0.16333333333333336,0.12966666666666654,0.36319999999999997,2009.2916666666667,-0.03886555555554949,0.6323288888888925
precipitacao,6,2009,5,2009,11,NDJ,-0.31666666666666715,0.2833333333333334,0.16099999999999987,-0.032999999999999995,2009.375,29.026666666666642,189.90999999999997
temperatura,6,2009,5,2009,11,NDJ,-0.31666666666666715,0.2833333333333334,0.16099999999999987,-0.032999999999999995,2009.375,-0.07540333333333038,1.0986566666666668
precipitacao,6,2009,6,2009,12,DJF,0.0066666666666661545,0.31000000000000005,0.16099999999999984,-0.3912,2009.4583333333333,-27.56666666666669,213.29000000000008
temperatura,6,2009,6,2009,12,DJF,0.0066666666666661545,0.31000000000000005,0.16099999999999984,-0.3912,2009.4583333333333,0.08492888888888928,0.6574155555555556
precipitacao,6,2009,7,2010,1,JFM,0.2899999999999995,0.2866666666666667,0.054999999999999855,-0.8123333333333332,2009.5416666666667,8.553333333333342,109.02999999999997
temperatura,6,2009,7,2010,1,JFM,0.2899999999999995,0.2866666666666667,0.054999999999999855,-0.8123333333333332,2009.5416666666667,-0.6810255555555607,0.8929011111111116
precipitacao,6,2009,8,2010,2,FMA,0.4666666666666662,0.1533333333333334,-0.06533333333333348,-0.7966000000000001,2009.625,94.32999999999996,49.02666666666664
temperatura,6,2009,8,2010,2,FMA,0.4666666666666662,0.1533333333333334,-0.06533333333333348,-0.7966000000000001,2009.625,-0.4634699999999974,0.4243633333333321
precipitacao,6,2009,9,2010,3,MAM,0.5733333333333329,0.0733333333333334,-0.13300000000000015,-0.6454333333333333,2009.7083333333333,131.90333333333336,-46.26666666666668
temperatura,6,2009,9,2010,3,MAM,0.5733333333333329,0.0733333333333334,-0.13300000000000015,-0.6454333333333333,2009.7083333333333,-0.6854055555555547,-0.040671111111109326
precipitacao,6,2009,10,2010,4,AMJ,0.7133333333333328,0.10333333333333339,-0.07333333333333349,-0.20576666666666665,2009.7916666666667,158.8666666666667,-52.94666666666667
temperatura,6,2009,10,2010,4,AMJ,0.7133333333333328,0.10333333333333339,-0.07333333333333349,-0.20576666666666665,2009.7916666666667,0.12499333333333595,-0.5567255555555555
precipitacao,6,2009,11,2010,5,MJJ,0.9633333333333328,0.12666666666666673,-0.061000000000000144,-0.6156,2009.875,76.65000000000003,-61.87000000000003
temperatura,6,2009,11,2010,5,MJJ,0.9633333333333328,0.12666666666666673,-0.061000000000000144,-0.6156,2009.875,-0.06631333333333345,0.05306333333333768
precipitacao,6,2009,12,2010,6,JJA,1.243333333333333,0.2566666666666667,0.02666666666666652,-0.4078333333333333,2009.9583333333333,84.25,-61.99666666666667
temperatura,6,2009,12,2010,6,JJA,1.243333333333333,0.2566666666666667,0.02666666666666652,-0.4078333333333333,2009.9583333333333,0.8329155555555552,-0.19143888888888938
precipitacao,6,2010,1,2010,7,JAS,1.426666666666666,0.3333333333333334,0.12899999999999986,-0.6884,2010.0416666666667,126.47666666666657,-31.633333333333326
temperatura,6,2010,1,2010,7,JAS,1.426666666666666,0.3333333333333334,0.12899999999999986,-0.6884,2010.0416666666667,0.6323288888888925,0.39009333333333274
precipitacao,6,2010,2,2010,8,ASO,1.3933333333333326,0.4333333333333334,0.15899999999999984,-0.30843333333333334,2010.125,189.90999999999997,-23.950000000000017
temperatura,6,2010,2,2010,8,ASO,1.3933333333333326,0.4333333333333334,0.15899999999999984,-0.30843333333333334,2010.125,1.0986566666666668,-0.641013333333337
precipitacao,6,2010,3,2010,9,SON,1.186666666666666,0.47000000000000003,0.25833333333333314,-0.47459999999999997,2010.2083333333333,213.29000000000008,22.75
temperatura,6,2010,3,2010,9,SON,1.186666666666666,0.47000000000000003,0.25833333333333314,-0.47459999999999997,2010.2083333333333,0.6574155555555556,-0.43798444444444584
precipitacao,6,2010,4,2010,10,OND,0.8233333333333327,0.4400000000000001,0.2836666666666665,-0.09649999999999999,2010.2916666666667,109.02999999999997,94.5766666666666
temperatura,6,2010,4,2010,10,OND,0.8233333333333327,0.4400000000000001,0.2836666666666665,-0.09649999999999999,2010.2916666666667,0.8929011111111116,-0.6961377777777784
precipitacao,6,2010,5,2010,11,NDJ,0.3666666666666661,0.39333333333333337,0.2663333333333332,0.5022333333333333,2010.375,49.02666666666664,185.81000000000006
temperatura,6,2010,5,2010,11,NDJ,0.3666666666666661,0.39333333333333337,0.2663333333333332,0.5022333333333333,2010.375,0.4243633333333321,0.12505666666666926
precipitacao,6,2010,6,2010,12,DJF,-0.14666666666666728,0.39333333333333337,0.06699999999999985,1.1563666666666668,2010.4583333333333,-46.26666666666668,159.29000000000008
temperatura,6,2010,6,2010,12,DJF,-0.14666666666666728,0.39333333333333337,0.06699999999999985,1.1563666666666668,2010.4583333333333,-0.040671111111109326,0.5041488888888885
precipitacao,6,2010,7,2011,1,JFM,-0.6000000000000006,0.3866666666666667,-0.056666666666666816,1.8384666666666665,2010.5416666666667,-52.94666666666667,116.32999999999993
temperatura,6,2010,7,2011,1,JFM,-0.6000000000000006,0.3866666666666667,-0.056666666666666816,1.8384666666666665,2010.5416666666667,-0.5567255555555555,0.24930111111111586
precipitacao,6,2010,8,2011,2,FMA,-0.9600000000000005,0.39333333333333337,-0.06733333333333348,2.0015,2010.625,-61.87000000000003,47.02666666666664
temperatura,6,2010,8,2011,2,FMA,-0.9600000000000005,0.39333333333333337,-0.06733333333333348,2.0015,2010.625,0.05306333333333768,0.11902999999999864
precipitacao,6,2010,9,2011,3,MAM,-1.2166666666666672,0.24000000000000007,-0.10966666666666681,1.4451999999999998,2010.7083333333333,-61.99666666666667,17.333333333333258
temperatura,6,2010,9,2011,3,MAM,-1.2166666666666672,0.24000000000000007,-0.10966666666666681,1.4451999999999998,2010.7083333333333,-0.19143888888888938,-0.524937777777776
precipitacao,6,2010,10,2011,4,AMJ,-1.403333333333334,0.19333333333333338,-0.25500000000000017,1.0822666666666665,2010.7916666666667,-31.633333333333326,-15.74666666666667
temperatura,6,2010,10,2011,4,AMJ,-1.403333333333334,0.19333333333333338,-0.25500000000000017,1.0822666666666665,2010.7916666666667,0.39009333333333274,-0.8397922222222256
precipitacao,6,2010,11,2011,5,MJJ,-1.5133333333333339,0.17000000000000007,-0.3996666666666668,1.0843333333333331,2010.875,-23.950000000000017,-65.67000000000002
temperatura,6,2010,11,2011,5,MJJ,-1.5133333333333339,0.17000000000000007,-0.3996666666666668,1.0843333333333331,2010.875,-0.641013333333337,-0.7725699999999982
precipitacao,6,2010,12,2011,6,JJA,-1.5300000000000005,0.19333333333333338,-0.3813333333333335,1.0188666666666664,2010.9583333333333,22.75,-15.396666666666675
temperatura,6,2010,12,2011,6,JJA,-1.5300000000000005,0.19333333333333338,-0.3813333333333335,1.0188666666666664,2010.9583333333333,-0.43798444444444584,-0.2891388888888855
precipitacao,6,2011,1,2011,7,JAS,-1.4466666666666672,0.1633333333333334,-0.17200000000000015,0.5913666666666665,2011.0416666666667,94.5766666666666,-93.43333333333332
temperatura,6,2011,1,2011,7,JAS,-1.4466666666666672,0.1633333333333334,-0.17200000000000015,0.5913666666666665,2011.0416666666667,-0.6961377777777784,-0.02984000000000009
precipitacao,6,2011,2,2011,8,ASO,-1.2766666666666673,0.19666666666666677,0.07333333333333318,0.4438666666666666,2011.125,185.81000000000006,-74.65
temperatura,6,2011,2,2011,8,ASO,-1.2766666666666673,0.19666666666666677,0.07333333333333318,0.4438666666666666,2011.125,0.12505666666666926,-0.2502133333333312
precipitacao,6,2011,3,2011,9,SON,-1.0666666666666673,0.27333333333333343,0.26633333333333314,0.27666666666666656,2011.2083333333333,159.29000000000008,-45.849999999999966
temperatura,6,2011,3,2011,9,SON,-1.0666666666666673,0.27333333333333343,0.26633333333333314,0.27666666666666656,2011.2083333333333,0.5041488888888885,-0.9020511111111134
precipitacao,6,2011,4,2011,10,OND,-0.8633333333333338,0.2933333333333334,0.25399999999999984,-0.030800000000000122,2011.2916666666667,116.32999999999993,27.776666666666642
temperatura,6,2011,4,2011,10,OND,-0.8633333333333338,0.2933333333333334,0.25399999999999984,-0.030800000000000122,2011.2916666666667,0.24930111111111586,-0.7467044444444433
precipitacao,6,2011,5,2011,11,NDJ,-0.6766666666666673,0.17333333333333342,0.14399999999999982,0.03316666666666657,2011.375,47.02666666666664,36.90999999999997
temperatura,6,2011,5,2011,11,NDJ,-0.6766666666666673,0.17333333333333342,0.14399999999999982,0.03316666666666657,2011.375,0.11902999999999864,-1.1717433333333354
precipitacao,6,2011,6,2011,12,DJF,-0.5066666666666673,0.010000000000000073,0.03999999999999985,0.09889999999999984,2011.4583333333333,17.333333333333258,-38.809999999999945
temperatura,6,2011,6,2011,12,DJF,-0.5066666666666673,0.010000000000000073,0.03999999999999985,0.09889999999999984,2011.4583333333333,-0.524937777777776,-0.4500511111111116
precipitacao,6,2011,7,2012,1,JFM,-0.40333333333333393,-0.04333333333333326,0.06299999999999985,-0.07250000000000016,2011.5416666666667,-15.74666666666667,-103.47000000000003
temperatura,6,2011,7,2012,1,JFM,-0.40333333333333393,-0.04333333333333326,0.06299999999999985,-0.07250000000000016,2011.5416666666667,-0.8397922222222256,-0.2833988888888861
precipitacao,6,2011,8,2012,2,FMA,-0.40333333333333393,-0.02999999999999992,0.20733333333333318,-0.895066666666667,2011.625,-65.67000000000002,-25.873333333333335
temperatura,6,2011,8,2012,2,FMA,-0.40333333333333393,-0.02999999999999992,0.20733333333333318,-0.895066666666667,2011.625,-0.7725699999999982,0.2454966666666678
precipitacao,6,2011,9,2012,3,MAM,-0.5433333333333339,0.03666666666666674,0.25633333333333314,-1.2787333333333335,2011.7083333333333,-15.396666666666675,-20.066666666666663
temperatura,6,2011,9,2012,3,MAM,-0.5433333333333339,0.03666666666666674,0.25633333333333314,-1.2787333333333335,2011.7083333333333,-0.2891388888888855,-0.21633777777777752
precipitacao,6,2011,10,2012,4,AMJ,-0.733333333333334,0.05000000000000007,0.30066666666666647,-0.6879333333333335,2011.7916666666667,-93.43333333333332,172.15333333333334
temperatura,6,2011,10,2012,4,AMJ,-0.733333333333334,0.05000000000000007,0.30066666666666647,-0.6879333333333335,2011.7916666666667,-0.02984000000000009,-0.06392555555556001
precipitacao,6,2011,11,2012,5,MJJ,-0.9066666666666672,-0.0266666666666666,0.2979999999999999,-0.5897666666666669,2011.875,-74.65,119.53
temperatura,6,2011,11,2012,5,MJJ,-0.9066666666666672,-0.0266666666666666,0.2979999999999999,-0.5897666666666669,2011.875,-0.2502133333333312,-0.14510333333333492
precipitacao,6,2011,12,2012,6,JJA,-0.9600000000000005,-0.3033333333333333,0.18799999999999983,0.6847333333333331,2011.9583333333333,-45.849999999999966,118.20333333333332
temperatura,6,2011,12,2012,6,JJA,-0.9600000000000005,-0.3033333333333333,0.18799999999999983,0.6847333333333331,2011.9583333333333,-0.9020511111111134,0.2652277777777776
precipitacao,6,2012,1,2012,7,JAS,-0.8833333333333339,-0.5433333333333333,0.08466666666666652,1.0830999999999997,2012.0416666666667,27.776666666666642,-19.333333333333314
temperatura,6,2012,1,2012,7,JAS,-0.8833333333333339,-0.5433333333333333,0.08466666666666652,1.0830999999999997,2012.0416666666667,-0.7467044444444433,0.4133933333333353
precipitacao,6,2012,2,2012,8,ASO,-0.7300000000000005,-0.7266666666666666,-0.05333333333333348,1.2912333333333332,2012.125,36.90999999999997,-53.849999999999994
temperatura,6,2012,2,2012,8,ASO,-0.7300000000000005,-0.7266666666666666,-0.05333333333333348,1.2912333333333332,2012.125,-1.1717433333333354,0.9177533333333336
precipitacao,6,2012,3,2012,9,SON,-0.5700000000000006,-0.6233333333333333,-0.002000000000000149,0.5249999999999997,2012.2083333333333,-38.809999999999945,-59.14999999999998
temperatura,6,2012,3,2012,9,SON,-0.5700000000000006,-0.6233333333333333,-0.002000000000000149,0.5249999999999997,2012.2083333333333,-0.4500511111111116,0.6564822222222233
precipitacao,6,2012,4,2012,10,OND,-0.45000000000000057,-0.6166666666666666,-0.10766666666666681,0.2190999999999997,2012.2916666666667,-103.47000000000003,-26.52333333333337
temperatura,6,2012,4,2012,10,OND,-0.45000000000000057,-0.6166666666666666,-0.10766666666666681,0.2190999999999997,2012.2916666666667,-0.2833988888888861,1.0105288888888921
precipitacao,6,2012,5,2012,11,NDJ,-0.3233333333333339,-0.4833333333333332,-0.20500000000000015,0.36439999999999967,2012.375,-25.873333333333335,-38.09000000000003
temperatura,6,2012,5,2012,11,NDJ,-0.3233333333333339,-0.4833333333333332,-0.20500000000000015,0.36439999999999967,2012.375,0.2454966666666678,0.15752333333333368
precipitacao,6,2012,6,2012,12,DJF,-0.16666666666666727,-0.4299999999999999,-0.2136666666666668,0.20709999999999973,2012.4583333333333,-20.066666666666663,-21.209999999999923
temperatura,6,2012,6,2012,12,DJF,-0.16666666666666727,-0.4299999999999999,-0.2136666666666668,0.20709999999999973,2012.4583333333333,-0.21633777777777752,0.31208222222222304
precipitacao,6,2012,7,2013,1,JFM,0.04333333333333276,-0.31333333333333324,0.058666666666666534,0.4049999999999998,2012.5416666666667,172.15333333333334,-32.66999999999996
temperatura,6,2012,7,2013,1,JFM,0.04333333333333276,-0.31333333333333324,0.058666666666666534,0.4049999999999998,2012.5416666666667,-0.06392555555556001,-0.4276988888888873
precipitacao,6,2012,8,2013,2,FMA,0.23333333333333275,-0.27999999999999997,0.39933333333333315,0.5169999999999998,2012.625,119.53,14.726666666666688
temperatura,6,2012,8,2013,2,FMA,0.23333333333333275,-0.27999999999999997,0.39933333333333315,0.5169999999999998,2012.625,-0.14510333333333492,-0.4960366666666651
precipitacao,6,2012,9,2013,3,MAM,0.34666666666666607,-0.23333333333333325,0.5503333333333332,0.7701666666666664,2012.7083333333333,118.20333333333332,43.333333333333314
temperatura,6,2012,9,2013,3,MAM,0.34666666666666607,-0.23333333333333325,0.5503333333333332,0.7701666666666664,2012.7083333333333,0.2652277777777776,-0.43183777777777266
precipitacao,6,2012,10,2013,4,AMJ,0.34666666666666607,-0.19999999999999996,0.40499999999999986,0.20233333333333312,2012.7916666666667,-19.333333333333314,61.853333333333325
temperatura,6,2012,10,2013,4,AMJ,0.34666666666666607,-0.19999999999999996,0.40499999999999986,0.20233333333333312,2012.7916666666667,0.4133933333333353,-0.12835888888889002
precipitacao,6,2012,11,2013,5,MJJ,0.2599999999999994,-0.15999999999999992,0.15466666666666654,-0.527566666666667,2012.875,-53.849999999999994,73.92999999999998
temperatura,6,2012,11,2013,5,MJJ,0.2599999999999994,-0.15999999999999992,0.15466666666666654,-0.527566666666667,2012.875,0.9177533333333336,-0.022003333333330488
precipitacao,6,2012,12,2013,6,JJA,0.12666666666666607,-0.14666666666666658,0.09266666666666652,-0.9695333333333336,2012.9583333333333,-59.14999999999998,38.60333333333335
temperatura,6,2012,12,2013,6,JJA,0.12666666666666607,-0.14666666666666658,0.09266666666666652,-0.9695333333333336,2012.9583333333333,0.6564822222222233,-0.3353388888888915
precipitacao,6,2013,1,2013,7,JAS,-0.04666666666666725,-0.0666666666666666,0.034333333333333195,-0.7978000000000002,2013.0416666666667,-26.52333333333337,24.56666666666669
temperatura,6,2013,1,2013,7,JAS,-0.04666666666666725,-0.0666666666666666,0.034333333333333195,-0.7978000000000002,2013.0416666666667,1.0105288888888921,-0.5049399999999977
precipitacao,6,2013,2,2013,8,ASO,-0.18333333333333393,-0.019999999999999924,0.1303333333333332,0.007699999999999781,2013.125,-38.09000000000003,12.25
temperatura,6,2013,2,2013,8,ASO,-0.18333333333333393,-0.019999999999999924,0.1303333333333332,0.007699999999999781,2013.125,0.15752333333333368,-0.5822800000000008
precipitacao,6,2013,3,2013,9,SON,-0.2500000000000006,-0.019999999999999924,0.06899999999999985,0.7204666666666665,2013.2083333333333,-21.209999999999923,26.850000000000023
temperatura,6,2013,3,2013,9,SON,-0.2500000000000006,-0.019999999999999924,0.06899999999999985,0.7204666666666665,2013.2083333333333,0.31208222222222304,-0.31208444444444794
precipitacao,6,2013,4,2013,10,OND,-0.23666666666666727,-0.02333333333333326,-0.00833333333333347,0.9003333333333331,2013.2916666666667,-32.66999999999996,-66.9233333333334
temperatura,6,2013,4,2013,10,OND,-0.23666666666666727,-0.02333333333333326,-0.00833333333333347,0.9003333333333331,2013.2916666666667,-0.4276988888888873,-0.24620444444444445
precipitacao,6,2013,5,2013,11,NDJ,-0.24333333333333393,0.02666666666666674,-0.24000000000000013,0.7816666666666664,2013.375,14.726666666666688,-198.89
temperatura,6,2013,5,2013,11,NDJ,-0.24333333333333393,0.02666666666666674,-0.24000000000000013,0.7816666666666664,2013.375,-0.4960366666666651,0.779289999999996
precipitacao,6,2013,6,2013,12,DJF,-0.29333333333333395,0.04666666666666674,-0.4333333333333334,0.23303333333333312,2013.4583333333333,43.333333333333314,-273.80999999999995
temperatura,6,2013,6,2013,12,DJF,-0.29333333333333395,0.04666666666666674,-0.4333333333333334,0.23303333333333312,2013.4583333333333,-0.43183777777777266,1.4593822222222244
precipitacao,6,2013,7,2014,1,JFM,-0.3766666666666672,0.02333333333333341,-0.3946666666666668,0.3445999999999998,2013.5416666666667,61.853333333333325,-259.57
temperatura,6,2013,7,2014,1,JFM,-0.3766666666666672,0.02333333333333341,-0.3946666666666668,0.3445999999999998,2013.5416666666667,-0.12835888888889002,1.6077677777777808
precipitacao,6,2013,8,2014,2,FMA,-0.39000000000000057,-0.0033333333333332577,-0.2906666666666668,-0.2955666666666668,2013.625,73.92999999999998,-149.97333333333336
temperatura,6,2013,8,2014,2,FMA,-0.39000000000000057,-0.0033333333333332577,-0.2906666666666668,-0.2955666666666668,2013.625,-0.022003333333330488,0.946196666666669
precipitacao,6,2013,9,2014,3,MAM,-0.3700000000000006,-0.03333333333333326,-0.2283333333333335,-0.7579666666666669,2013.7083333333333,38.60333333333335,-82.26666666666668
temperatura,6,2013,9,2014,3,MAM,-0.3700000000000006,-0.03333333333333326,-0.2283333333333335,-0.7579666666666669,2013.7083333333333,-0.3353388888888915,0.3706288888888878
precipitacao,6,2013,10,2014,4,AMJ,-0.2666666666666673,-0.08333333333333326,-0.22400000000000012,-1.2256000000000002,2013.7916666666667,24.56666666666669,-75.14666666666666
temperatura,6,2013,10,2014,4,AMJ,-0.2666666666666673,-0.08333333333333326,-0.22400000000000012,-1.2256000000000002,2013.7916666666667,-0.5049399999999977,0.5163077777777758
precipitacao,6,2013,11,2014,5,MJJ,-0.19333333333333394,-0.18666666666666662,-0.09300000000000015,-0.6423666666666669,2013.875,12.25,-64.87000000000002
temperatura,6,2013,11,2014,5,MJJ,-0.19333333333333394,-0.18666666666666662,-0.09300000000000015,-0.6423666666666669,2013.875,-0.5822800000000008,0.566430000000004
precipitacao,6,2013,12,2014,6,JJA,-0.12333333333333392,-0.19999999999999993,0.05733333333333318,-0.06916666666666689,2013.9583333333333,26.850000000000023,-37.69666666666666
temperatura,6,2013,12,2014,6,JJA,-0.12333333333333392,-0.19999999999999993,0.05733333333333318,-0.06916666666666689,2013.9583333333333,-0.31208444444444794,0.4390944444444429
precipitacao,6,2014,1,2014,7,JAS,-0.15666666666666726,-0.2166666666666666,0.07966666666666651,-0.1441666666666669,2014.0416666666667,-66.9233333333334,-12.73333333333332
temperatura,6,2014,1,2014,7,JAS,-0.15666666666666726,-0.2166666666666666,0.07966666666666651,-0.1441666666666669,2014.0416666666667,-0.24620444444444445,0.4950600000000023
precipitacao,6,2014,2,2014,8,ASO,-0.18666666666666723,-0.14666666666666658,-0.016333333333333488,-0.09970000000000022,2014.125,-198.89,-91.25
temperatura,6,2014,2,2014,8,ASO,-0.18666666666666723,-0.14666666666666658,-0.016333333333333488,-0.09970000000000022,2014.125,0.779289999999996,0.7865199999999994
precipitacao,6,2014,3,2014,9,SON,-0.15666666666666726,-0.1366666666666666,-0.1136666666666668,0.03553333333333312,2014.2083333333333,-273.80999999999995,-94.44999999999999
temperatura,6,2014,3,2014,9,SON,-0.15666666666666726,-0.1366666666666666,-0.1136666666666668,0.03553333333333312,2014.2083333333333,1.4593822222222244,0.8649155555555552
precipitacao,6,2014,4,2014,10,OND,0.006666666666666081,-0.0866666666666666,-0.09933333333333348,0.4676333333333331,2014.2916666666667,-259.57,-62.32333333333338
temperatura,6,2014,4,2014,10,OND,0.006666666666666081,-0.0866666666666666,-0.09933333333333348,0.4676333333333331,2014.2916666666667,1.6077677777777808,0.6383288888888927
precipitacao,6,2014,5,2014,11,NDJ,0.19333333333333272,-0.02333333333333326,-0.10033333333333348,0.2118333333333331,2014.375,-149.97333333333336,-87.28999999999996
temperatura,6,2014,5,2014,11,NDJ,0.19333333333333272,-0.02333333333333326,-0.10033333333333348,0.2118333333333331,2014.375,0.946196666666669,1.0251233333333332
precipitacao,6,2014,6,2014,12,DJF,0.2733333333333327,0.07000000000000008,-0.05933333333333348,0.3365666666666664,2014.4583333333333,-82.26666666666668,-52.809999999999945
temperatura,6,2014,6,2014,12,DJF,0.2733333333333327,0.07000000000000008,-0.05933333333333348,0.3365666666666664,2014.4583333333333,0.3706288888888878,0.8995822222222216
precipitacao,6,2014,7,2015,1,JFM,0.21333333333333274,0.06666666666666674,-0.16100000000000014,0.21433333333333307,2014.5416666666667,-75.14666666666666,-8.970000000000027
temperatura,6,2014,7,2015,1,JFM,0.21333333333333274,0.06666666666666674,-0.16100000000000014,0.21433333333333307,2014.5416666666667,0.5163077777777758,0.684534444444445
precipitacao,6,2014,8,2015,2,FMA,0.1199999999999994,0.03666666666666673,-0.25433333333333347,0.34309999999999974,2014.625,-64.87000000000002,91.92666666666662
temperatura,6,2014,8,2015,2,FMA,0.1199999999999994,0.03666666666666673,-0.25433333333333347,0.34309999999999974,2014.625,0.566430000000004,-0.1298033333333315
precipitacao,6,2014,9,2015,3,MAM,0.12666666666666607,0.0233333333333334,-0.2933333333333335,-0.3102666666666669,2014.7083333333333,-37.69666666666666,71.43333333333328
temperatura,6,2014,9,2015,3,MAM,0.12666666666666607,0.0233333333333334,-0.2933333333333335,-0.3102666666666669,2014.7083333333333,0.4390944444444429,-0.00687111111110994
precipitacao,6,2014,10,2015,4,AMJ,0.27333333333333276,0.0333333333333334,-0.1253333333333335,-0.40560000000000024,2014.7916666666667,-12.73333333333332,-9.746666666666641
temperatura,6,2014,10,2015,4,AMJ,0.27333333333333276,0.0333333333333334,-0.1253333333333335,-0.40560000000000024,2014.7916666666667,0.4950600000000023,0.15914111111110785
precipitacao,6,2014,11,2015,5,MJJ,0.4833333333333327,-0.14999999999999994,0.0016666666666665172,-0.5590333333333336,2014.875,-91.25,30.22999999999999
temperatura,6,2014,11,2015,5,MJJ,0.4833333333333327,-0.14999999999999994,0.0016666666666665172,-0.5590333333333336,2014.875,0.7865199999999994,0.5544966666666689
precipitacao,6,2014,12,2015,6,JJA,0.6699999999999994,-0.3133333333333333,0.06533333333333319,0.25466666666666643,2014.9583333333333,-94.44999999999999,16.903333333333364
temperatura,6,2014,12,2015,6,JJA,0.6699999999999994,-0.3133333333333333,0.06533333333333319,0.25466666666666643,2014.9583333333333,0.8649155555555552,1.0142944444444453
precipitacao,6,2015,1,2015,7,JAS,0.7433333333333327,-0.25999999999999995,-0.015000000000000147,0.49256666666666643,2015.0416666666667,-62.32333333333338,180.46666666666673
temperatura,6,2015,1,2015,7,JAS,0.7433333333333327,-0.25999999999999995,-0.015000000000000147,0.49256666666666643,2015.0416666666667,0.6383288888888927,1.4258266666666692
precipitacao,6,2015,2,2015,8,ASO,0.7266666666666661,-0.04333333333333326,-0.13300000000000015,1.071133333333333,2015.125,-87.28999999999996,89.94999999999999
temperatura,6,2015,2,2015,8,ASO,0.7266666666666661,-0.04333333333333326,-0.13300000000000015,1.071133333333333,2015.125,1.0251233333333332,1.6646200000000029
precipitacao,6,2015,3,2015,9,SON,0.6999999999999994,0.046666666666666745,-0.2286666666666668,0.8881666666666663,2015.2083333333333,-52.809999999999945,188.35000000000002
temperatura,6,2015,3,2015,9,SON,0.6999999999999994,0.046666666666666745,-0.2286666666666668,0.8881666666666663,2015.2083333333333,0.8995822222222216,1.5163488888888885
precipitacao,6,2015,4,2015,10,OND,0.7433333333333327,0.030000000000000072,-0.19800000000000015,1.0061333333333329,2015.2916666666667,-8.970000000000027,132.97666666666657
temperatura,6,2015,4,2015,10,OND,0.7433333333333327,0.030000000000000072,-0.19800000000000015,1.0061333333333329,2015.2916666666667,0.684534444444445,1.2805288888888917
precipitacao,6,2015,5,2015,11,NDJ,0.8733333333333327,0.016666666666666743,-0.0030000000000001505,0.7391666666666663,2015.375,91.92666666666662,195.21000000000004
temperatura,6,2015,5,2015,11,NDJ,0.8733333333333327,0.016666666666666743,-0.0030000000000001505,0.7391666666666663,2015.375,-0.1298033333333315,0.6748233333333289
precipitacao,6,2015,6,2015,12,DJF,1.0299999999999994,0.07666666666666674,0.17599999999999985,0.7184999999999997,2015.4583333333333,71.43333333333328,127.69000000000017
temperatura,6,2015,6,2015,12,DJF,1.0299999999999994,0.07666666666666674,0.17599999999999985,0.7184999999999997,2015.4583333333333,-0.00687111111110994,0.5256488888888917
precipitacao,6,2015,7,2016,1,JFM,1.2233333333333327,-0.0033333333333332624,0.25366666666666654,0.9349666666666664,2015.5416666666667,-9.746666666666641,15.629999999999995
temperatura,6,2015,7,2016,1,JFM,1.2233333333333327,-0.0033333333333332624,0.25366666666666654,0.9349666666666664,2015.5416666666667,0.15914111111110785,0.42133444444444734
precipitacao,6,2015,8,2016,2,FMA,1.4533333333333325,-0.14333333333333326,0.3629999999999998,1.1503666666666665,2015.625,30.22999999999999,-8.673333333333403
temperatura,6,2015,8,2016,2,FMA,1.4533333333333325,-0.14333333333333326,0.3629999999999998,1.1503666666666665,2015.625,0.5544966666666689,1.3402966666666707
precipitacao,6,2015,9,2016,3,MAM,1.7299999999999993,-0.2299999999999999,0.3623333333333332,1.0940666666666663,2015.7083333333333,16.903333333333364,-20.666666666666686
temperatura,6,2015,9,2016,3,MAM,1.7299999999999993,-0.2299999999999999,0.3623333333333332,1.0940666666666663,2015.7083333333333,1.0142944444444453,0.9855622222222209
precipitacao,6,2015,10,2016,4,AMJ,2.0099999999999993,-0.14666666666666658,0.4479999999999998,0.47809999999999975,2015.7916666666667,180.46666666666673,66.85333333333332
temperatura,6,2015,10,2016,4,AMJ,2.0099999999999993,-0.14666666666666658,0.4479999999999998,0.47809999999999975,2015.7916666666667,1.4258266666666692,0.10454111111111075
precipitacao,6,2015,11,2016,5,MJJ,2.2499999999999996,0.020000000000000073,0.3743333333333332,0.3559666666666664,2015.875,89.94999999999999,47.129999999999995
temperatura,6,2015,11,2016,5,MJJ,2.2499999999999996,0.020000000000000073,0.3743333333333332,0.3559666666666664,2015.875,1.6646200000000029,-0.7570366666666608
precipitacao,6,2015,12,2016,6,JJA,2.4399999999999995,0.23000000000000007,0.3669999999999998,0.15553333333333305,2015.9583333333333,188.35000000000002,72.40333333333334
temperatura,6,2015,12,2016,6,JJA,2.4399999999999995,0.23000000000000007,0.3669999999999998,0.15553333333333305,2015.9583333333333,1.5163488888888885,-0.5843722222222212
precipitacao,6,2016,1,2016,7,JAS,2.513333333333333,0.3666666666666667,0.29466666666666647,0.6760999999999996,2016.0416666666667,132.97666666666657,-71.43333333333331
temperatura,6,2016,1,2016,7,JAS,2.513333333333333,0.3666666666666667,0.29466666666666647,0.6760999999999996,2016.0416666666667,1.2805288888888917,-0.09063999999999695
precipitacao,6,2016,2,2016,8,ASO,2.4333333333333322,0.4100000000000001,0.14233333333333317,0.808733333333333,2016.125,195.21000000000004,25.650000000000034
temperatura,6,2016,2,2016,8,ASO,2.4333333333333322,0.4100000000000001,0.14233333333333317,0.808733333333333,2016.125,0.6748233333333289,-0.20991333333333273
precipitacao,6,2016,3,2016,9,SON,2.1333333333333324,0.34666666666666673,0.048999999999999856,1.5077999999999996,2016.2083333333333,127.69000000000017,32.75
temperatura,6,2016,3,2016,9,SON,2.1333333333333324,0.34666666666666673,0.048999999999999856,1.5077999999999996,2016.2083333333333,0.5256488888888917,-0.4730511111111113
precipitacao,6,2016,4,2016,10,OND,1.6699999999999993,0.21666666666666676,0.009333333333333185,1.0761666666666665,2016.2916666666667,15.629999999999995,37.67666666666662
temperatura,6,2016,4,2016,10,OND,1.6699999999999993,0.21666666666666676,0.009333333333333185,1.0761666666666665,2016.2916666666667,0.42133444444444734,0.009728888888890452
precipitacao,6,2016,5,2016,11,NDJ,1.1233333333333329,0.11333333333333341,0.008333333333333188,0.7158666666666664,2016.375,-8.673333333333403,106.11000000000001
temperatura,6,2016,5,2016,11,NDJ,1.1233333333333329,0.11333333333333341,0.008333333333333188,0.7158666666666664,2016.375,1.3402966666666707,0.12015666666666647
precipitacao,6,2016,6,2016,12,DJF,0.5899999999999994,0.1533333333333334,-0.13666666666666683,0.8916,2016.4583333333333,-20.666666666666686,-55.50999999999999
temperatura,6,2016,6,2016,12,DJF,0.5899999999999994,0.1533333333333334,-0.13666666666666683,0.8916,2016.4583333333333,0.9855622222222209,0.40858222222222196
precipitacao,6,2016,7,2017,1,JFM,0.15666666666666607,0.25000000000000006,-0.43766666666666687,0.9948333333333332,2016.5416666666667,66.85333333333332,-2.769999999999982
temperatura,6,2016,7,2017,1,JFM,0.15666666666666607,0.25000000000000006,-0.43766666666666687,0.9948333333333332,2016.5416666666667,0.10454111111111075,-0.0645322222222191
precipitacao,6,2016,8,2017,2,FMA,-0.14666666666666728,0.35666666666666674,-0.5476666666666669,0.7445333333333332,2016.625,47.129999999999995,-96.07333333333338
temperatura,6,2016,8,2017,2,FMA,-0.14666666666666728,0.35666666666666674,-0.5476666666666669,0.7445333333333332,2016.625,-0.7570366666666608,-0.4045033333333308
precipitacao,6,2016,9,2017,3,MAM,-0.31666666666666726,0.2700000000000001,-0.5456666666666669,0.6669666666666666,2016.7083333333333,72.40333333333334,42.833333333333314
temperatura,6,2016,9,2017,3,MAM,-0.31666666666666726,0.2700000000000001,-0.5456666666666669,0.6669666666666666,2016.7083333333333,-0.5843722222222212,-0.47980444444444004
precipitacao,6,2016,10,2017,4,AMJ,-0.42333333333333395,0.2266666666666667,-0.4170000000000001,0.47236666666666655,2016.7916666666667,-71.43333333333331,26.55333333333337
temperatura,6,2016,10,2017,4,AMJ,-0.42333333333333395,0.2266666666666667,-0.4170000000000001,0.47236666666666655,2016.7916666666667,-0.09063999999999695,-0.33729222222222077
precipitacao,6,2016,11,2017,5,MJJ,-0.4733333333333339,0.15000000000000005,-0.3966666666666668,0.21596666666666656,2016.875,25.650000000000034,-39.670000000000016
temperatura,6,2016,11,2017,5,MJJ,-0.4733333333333339,0.15000000000000005,-0.3966666666666668,0.21596666666666656,2016.875,-0.20991333333333273,-0.45283666666666633
precipitacao,6,2016,12,2017,6,JJA,-0.4566666666666673,0.25000000000000006,-0.35433333333333344,-0.7987000000000002,2016.9583333333333,32.75,-65.29666666666665
temperatura,6,2016,12,2017,6,JJA,-0.4566666666666673,0.25000000000000006,-0.35433333333333344,-0.7987000000000002,2016.9583333333333,-0.4730511111111113,-0.8726388888888881
precipitacao,6,2017,1,2017,7,JAS,-0.3133333333333339,0.2533333333333334,-0.25933333333333347,-1.0670333333333335,2017.0416666666667,37.67666666666662,-108.13333333333333
temperatura,6,2017,1,2017,7,JAS,-0.3133333333333339,0.2533333333333334,-0.25933333333333347,-1.0670333333333335,2017.0416666666667,0.009728888888890452,-0.43000666666666376
precipitacao,6,2017,2,2017,8,ASO,-0.12333333333333392,0.1600000000000001,-0.09833333333333348,-0.5694333333333335,2017.125,106.11000000000001,-101.75
temperatura,6,2017,2,2017,8,ASO,-0.12333333333333392,0.1600000000000001,-0.09833333333333348,-0.5694333333333335,2017.125,0.12015666666666647,0.1818866666666672
precipitacao,6,2017,3,2017,9,SON,0.08999999999999941,0.0033333333333334103,0.12399999999999985,-0.2803333333333335,2017.2083333333333,-55.50999999999999,-147.64999999999998
temperatura,6,2017,3,2017,9,SON,0.08999999999999941,0.0033333333333334103,0.12399999999999985,-0.2803333333333335,2017.2083333333333,0.40858222222222196,0.2652488888888911
precipitacao,6,2017,4,2017,10,OND,0.22333333333333275,-0.049999999999999926,0.3186666666666665,0.2534666666666665,2017.2916666666667,-2.769999999999982,-105.62333333333339
temperatura,6,2017,4,2017,10,OND,0.22333333333333275,-0.049999999999999926,0.3186666666666665,0.2534666666666665,2017.2916666666667,-0.0645322222222191,-0.24917111111111012
precipitacao,6,2017,5,2017,11,NDJ,0.31333333333333274,0.05000000000000007,0.4636666666666665,0.6093666666666665,2017.375,-96.07333333333338,-77.49000000000001
temperatura,6,2017,5,2017,11,NDJ,0.31333333333333274,0.05000000000000007,0.4636666666666665,0.6093666666666665,2017.375,-0.4045033333333308,-0.6624100000000013
precipitacao,6,2017,6,2017,12,DJF,0.3299999999999994,0.15666666666666673,0.4859999999999998,0.7394666666666666,2017.4583333333333,42.833333333333314,-144.70999999999998
temperatura,6,2017,6,2017,12,DJF,0.3299999999999994,0.15666666666666673,0.4859999999999998,0.7394666666666666,2017.4583333333333,-0.47980444444444004,-0.9423844444444462
precipitacao,6,2017,7,2018,1,JFM,0.2699999999999994,0.16000000000000006,0.4933333333333332,0.7758666666666665,2017.5416666666667,26.55333333333337,-172.16999999999996
temperatura,6,2017,7,2018,1,JFM,0.2699999999999994,0.16000000000000006,0.4933333333333332,0.7758666666666665,2017.5416666666667,-0.33729222222222077,-0.5563655555555513
precipitacao,6,2017,8,2018,2,FMA,0.12999999999999942,0.25000000000000006,0.4309999999999998,0.6796333333333332,2017.625,-39.670000000000016,-190.17333333333335
temperatura,6,2017,8,2018,2,FMA,0.12999999999999942,0.25000000000000006,0.4309999999999998,0.6796333333333332,2017.625,-0.45283666666666633,-0.5032033333333317
precipitacao,6,2017,9,2018,3,MAM,-0.05333333333333393,0.2033333333333334,0.3013333333333332,0.9295333333333332,2017.7083333333333,-65.29666666666665,-111.76666666666668
temperatura,6,2017,9,2018,3,MAM,-0.05333333333333393,0.2033333333333334,0.3013333333333332,0.9295333333333332,2017.7083333333333,-0.8726388888888881,0.10789555555555808
precipitacao,6,2017,10,2018,4,AMJ,-0.24666666666666726,0.2333333333333334,0.13299999999999984,0.49753333333333316,2017.7916666666667,-108.13333333333333,-64.94666666666666
temperatura,6,2017,10,2018,4,AMJ,-0.24666666666666726,0.2333333333333334,0.13299999999999984,0.49753333333333316,2017.7916666666667,-0.43000666666666376,0.08510777777777534
precipitacao,6,2017,11,2018,5,MJJ,-0.42666666666666725,0.11000000000000008,0.11299999999999984,0.4996999999999998,2017.875,-101.75,-60.37000000000003
temperatura,6,2017,11,2018,5,MJJ,-0.42666666666666725,0.11000000000000008,0.11299999999999984,0.4996999999999998,2017.875,0.1818866666666672,0.5237633333333349
precipitacao,6,2017,12,2018,6,JJA,-0.6033333333333339,0.04000000000000008,0.13799999999999982,0.3956333333333331,2017.9583333333333,-147.64999999999998,-2.1966666666666583
temperatura,6,2017,12,2018,6,JJA,-0.6033333333333339,0.04000000000000008,0.13799999999999982,0.3956333333333331,2017.9583333333333,0.2652488888888911,-0.09493888888889046
precipitacao,6,2018,1,2018,7,JAS,-0.6933333333333339,0.0733333333333334,0.06633333333333317,1.0098999999999998,2018.0416666666667,-105.62333333333339,-14.033333333333331
temperatura,6,2018,1,2018,7,JAS,-0.6933333333333339,0.0733333333333334,0.06633333333333317,1.0098999999999998,2018.0416666666667,-0.24917111111111012,-0.5845066666666625
precipitacao,6,2018,2,2018,8,ASO,-0.7133333333333339,-0.023333333333333272,0.04199999999999984,1.1000666666666665,2018.125,-77.49000000000001,28.849999999999966
temperatura,6,2018,2,2018,8,ASO,-0.7133333333333339,-0.023333333333333272,0.04199999999999984,1.1000666666666665,2018.125,-0.6624100000000013,-1.1790800000000026
precipitacao,6,2018,3,2018,9,SON,-0.643333333333334,-0.05333333333333327,-0.034666666666666825,0.8189333333333332,2018.2083333333333,-144.70999999999998,6.75
temperatura,6,2018,3,2018,9,SON,-0.643333333333334,-0.05333333333333327,-0.034666666666666825,0.8189333333333332,2018.2083333333333,-0.9423844444444462,-0.8125511111111123
precipitacao,6,2018,4,2018,10,OND,-0.523333333333334,-0.15999999999999992,0.00433333333333318,0.005133333333333212,2018.2916666666667,-172.16999999999996,-78.4233333333334
temperatura,6,2018,4,2018,10,OND,-0.523333333333334,-0.15999999999999992,0.00433333333333318,0.005133333333333212,2018.2916666666667,-0.5563655555555513,-0.39500444444444227
precipitacao,6,2018,5,2018,11,NDJ,-0.3233333333333339,-0.09333333333333327,-0.027000000000000152,-0.36743333333333345,2018.375,-190.17333333333335,-153.99
temperatura,6,2018,5,2018,11,NDJ,-0.3233333333333339,-0.09333333333333327,-0.027000000000000152,-0.36743333333333345,2018.375,-0.5032033333333317,0.5208233333333325
precipitacao,6,2018,6,2018,12,DJF,-0.09666666666666725,0.016666666666666736,0.06466666666666651,-0.41823333333333346,2018.4583333333333,-111.76666666666668,-60.70999999999992
temperatura,6,2018,6,2018,12,DJF,-0.09666666666666725,0.016666666666666736,0.06466666666666651,-0.41823333333333346,2018.4583333333333,0.10789555555555808,0.4928155555555591
precipitacao,6,2018,7,2019,1,JFM,0.08666666666666607,0.06666666666666674,0.10999999999999983,0.09609999999999985,2018.5416666666667,-64.94666666666666,25.83000000000004
temperatura,6,2018,7,2019,1,JFM,0.08666666666666607,0.06666666666666674,0.10999999999999983,0.09609999999999985,2018.5416666666667,0.08510777777777534,0.2852677777777828
precipitacao,6,2018,8,2019,2,FMA,0.2099999999999994,0.16000000000000006,0.10966666666666651,0.0073666666666665215,2018.625,-60.37000000000003,143.42666666666662
temperatura,6,2018,8,2019,2,FMA,0.2099999999999994,0.16000000000000006,0.10966666666666651,0.0073666666666665215,2018.625,0.5237633333333349,-0.15060333333333276
precipitacao,6,2018,9,2019,3,MAM,0.3399999999999994,0.18000000000000008,0.2593333333333332,0.4974666666666665,2018.7083333333333,-2.1966666666666583,48.333333333333314
temperatura,6,2018,9,2019,3,MAM,0.3399999999999994,0.18000000000000008,0.2593333333333332,0.4974666666666665,2018.7083333333333,-0.09493888888889046,0.5092288888888916
precipitacao,6,2018,10,2019,4,AMJ,0.5466666666666661,0.2433333333333334,0.46966666666666645,0.5486333333333332,2018.7916666666667,-14.033333333333331,18.353333333333325
temperatura,6,2018,10,2019,4,AMJ,0.5466666666666661,0.2433333333333334,0.46966666666666645,0.5486333333333332,2018.7916666666667,-0.5845066666666625,0.7513744444444441
precipitacao,6,2018,11,2019,5,MJJ,0.7933333333333327,0.2433333333333334,0.5959999999999998,0.9931333333333332,2018.875,28.849999999999966,25.829999999999956
temperatura,6,2018,11,2019,5,MJJ,0.7933333333333327,0.2433333333333334,0.5959999999999998,0.9931333333333332,2018.875,-1.1790800000000026,0.231696666666668
precipitacao,6,2018,12,2019,6,JJA,0.9699999999999994,0.30666666666666675,0.49766666666666654,0.8169666666666665,2018.9583333333333,6.75,9.903333333333336
temperatura,6,2018,12,2019,6,JJA,0.9699999999999994,0.30666666666666675,0.49766666666666654,0.8169666666666665,2018.9583333333333,-0.8125511111111123,-0.5257055555555539
precipitacao,6,2019,1,2019,7,JAS,1.0266666666666662,0.3400000000000001,0.3986666666666665,0.8657666666666666,2019.0416666666667,-78.4233333333334,-8.033333333333331
temperatura,6,2019,1,2019,7,JAS,1.0266666666666662,0.3400000000000001,0.3986666666666665,0.8657666666666666,2019.0416666666667,-0.39500444444444227,-0.5819399999999995
precipitacao,6,2019,2,2019,8,ASO,0.9933333333333328,0.40666666666666673,0.37066666666666653,0.36899999999999983,2019.125,-153.99,-123.55000000000001
temperatura,6,2019,2,2019,8,ASO,0.9933333333333328,0.40666666666666673,0.37066666666666653,0.36899999999999983,2019.125,0.5208233333333325,0.08375333333333401
precipitacao,6,2019,3,2019,9,SON,0.9333333333333328,0.49666666666666676,0.3426666666666665,0.3072333333333332,2019.2083333333333,-60.70999999999992,-142.74999999999997
temperatura,6,2019,3,2019,9,SON,0.9333333333333328,0.49666666666666676,0.3426666666666665,0.3072333333333332,2019.2083333333333,0.4928155555555591,0.41158222222222207
precipitacao,6,2019,4,2019,10,OND,0.876666666666666,0.47333333333333344,0.2996666666666665,0.19359999999999988,2019.2916666666667,25.83000000000004,-185.22333333333336
temperatura,6,2019,4,2019,10,OND,0.876666666666666,0.47333333333333344,0.2996666666666665,0.19359999999999988,2019.2916666666667,0.2852677777777828,0.1426622222222278
precipitacao,6,2019,5,2019,11,NDJ,0.7999999999999995,0.4400000000000001,0.3409999999999999,0.4716666666666665,2019.375,143.42666666666662,-74.78999999999996
temperatura,6,2019,5,2019,11,NDJ,0.7999999999999995,0.4400000000000001,0.3409999999999999,0.4716666666666665,2019.375,-0.15060333333333276,-0.37380999999999887
precipitacao,6,2019,6,2019,12,DJF,0.7066666666666661,0.30666666666666675,0.4676666666666665,0.7117999999999999,2019.4583333333333,48.333333333333314,21.790000000000077
temperatura,6,2019,6,2019,12,DJF,0.7066666666666661,0.30666666666666675,0.4676666666666665,0.7117999999999999,2019.4583333333333,0.5092288888888916,-0.8577511111111136
precipitacao,6,2019,7,2020,1,JFM,0.5599999999999995,0.27333333333333343,0.5806666666666666,0.46996666666666664,2019.5416666666667,18.353333333333325,29.230000000000018
temperatura,6,2019,7,2020,1,JFM,0.5599999999999995,0.27333333333333343,0.5806666666666666,0.46996666666666664,2019.5416666666667,0.7513744444444441,-1.1835655555555533
precipitacao,6,2019,8,2020,2,FMA,0.38999999999999946,0.2433333333333334,0.5459999999999998,-0.0017000000000000348,2019.625,25.829999999999956,-62.97333333333336
temperatura,6,2019,8,2020,2,FMA,0.38999999999999946,0.2433333333333334,0.5459999999999998,-0.0017000000000000348,2019.625,0.231696666666668,-1.4668366666666657
precipitacao,6,2019,9,2020,3,MAM,0.29666666666666613,0.2633333333333334,0.6416666666666665,-0.30236666666666684,2019.7083333333333,9.903333333333336,-151.7666666666667
temperatura,6,2019,9,2020,3,MAM,0.29666666666666613,0.2633333333333334,0.6416666666666665,-0.30236666666666684,2019.7083333333333,-0.5257055555555539,-1.471537777777776
precipitacao,6,2019,10,2020,4,AMJ,0.33999999999999947,0.2666666666666668,0.7639999999999999,-0.48086666666666683,2019.7916666666667,-8.033333333333331,-70.84666666666666
temperatura,6,2019,10,2020,4,AMJ,0.33999999999999947,0.2666666666666668,0.7639999999999999,-0.48086666666666683,2019.7916666666667,-0.5819399999999995,-0.5224255555555608
precipitacao,6,2019,11,2020,5,MJJ,0.5133333333333329,0.4833333333333334,0.8969999999999999,-0.7340000000000003,2019.875,-123.55000000000001,-64.57000000000002
temperatura,6,2019,11,2020,5,MJJ,0.5133333333333329,0.4833333333333334,0.8969999999999999,-0.7340000000000003,2019.875,0.08375333333333401,0.21069666666667075
precipitacao,6,2019,12,2020,6,JJA,0.6599999999999995,0.6400000000000001,0.6806666666666664,-1.3749666666666667,2019.9583333333333,-142.74999999999997,7.603333333333353
temperatura,6,2019,12,2020,6,JJA,0.6599999999999995,0.6400000000000001,0.6806666666666664,-1.3749666666666667,2019.9583333333333,0.41158222222222207,0.4188944444444438
precipitacao,6,2020,1,2020,7,JAS,0.7266666666666661,0.8733333333333334,0.4169999999999998,-1.1436333333333335,2020.0416666666667,-185.22333333333336,-63.23333333333332
temperatura,6,2020,1,2020,7,JAS,0.7266666666666661,0.8733333333333334,0.4169999999999998,-1.1436333333333335,2020.0416666666667,0.1426622222222278,0.6370933333333326
precipitacao,6,2020,2,2020,8,ASO,0.7066666666666661,0.7733333333333334,0.1566666666666665,-0.43883333333333346,2020.125,-74.78999999999996,-23.350000000000023
temperatura,6,2020,2,2020,8,ASO,0.7066666666666661,0.7733333333333334,0.1566666666666665,-0.43883333333333346,2020.125,-0.37380999999999887,0.5812533333333327
precipitacao,6,2020,3,2020,9,SON,0.6466666666666662,0.6100000000000001,0.08199999999999985,0.4899333333333331,2020.2083333333333,21.790000000000077,-100.85
temperatura,6,2020,3,2020,9,SON,0.6466666666666662,0.6100000000000001,0.08199999999999985,0.4899333333333331,2020.2083333333333,-0.8577511111111136,0.5395155555555533
precipitacao,6,2020,4,2020,10,OND,0.5199999999999995,0.43,0.020666666666666517,0.4085999999999998,2020.2916666666667,29.230000000000018,-70.02333333333343
temperatura,6,2020,4,2020,10,OND,0.5199999999999995,0.43,0.020666666666666517,0.4085999999999998,2020.2916666666667,-1.1835655555555533,-0.13447111111111099
precipitacao,6,2020,5,2020,11,NDJ,0.3133333333333328,0.41666666666666674,0.10199999999999985,0.5092666666666664,2020.375,-62.97333333333336,-80.78999999999996
temperatura,6,2020,5,2020,11,NDJ,0.3133333333333328,0.41666666666666674,0.10199999999999985,0.5092666666666664,2020.375,-1.4668366666666657,-0.19931000000000054
precipitacao,6,2020,6,2020,12,DJF,0.06333333333333283,0.4100000000000001,0.24733333333333318,0.39073333333333315,2020.4583333333333,-151.7666666666667,-56.40999999999997
temperatura,6,2020,6,2020,12,DJF,0.06333333333333283,0.4100000000000001,0.24733333333333318,0.39073333333333315,2020.4583333333333,-1.471537777777776,-0.2836511111111122
precipitacao,6,2020,7,2021,1,JFM,-0.14333333333333384,0.3700000000000001,0.3573333333333332,0.3669999999999998,2020.5416666666667,-70.84666666666666,-80.37
temperatura,6,2020,7,2021,1,JFM,-0.14333333333333384,0.3700000000000001,0.3573333333333332,0.3669999999999998,2020.5416666666667,-0.5224255555555608,-0.13203222222222166
precipitacao,6,2020,8,2021,2,FMA,-0.3000000000000005,0.2933333333333334,0.19699999999999984,-0.06536666666666684,2020.625,-64.57000000000002,-62.673333333333346
temperatura,6,2020,8,2021,2,FMA,-0.3000000000000005,0.2933333333333334,0.19699999999999984,-0.06536666666666684,2020.625,0.21069666666667075,-0.9315366666666627
precipitacao,6,2020,9,2021,3,MAM,-0.4966666666666672,0.2266666666666667,-0.017666666666666813,-0.35753333333333354,2020.7083333333333,7.603333333333353,-75.4666666666667
temperatura,6,2020,9,2021,3,MAM,-0.4966666666666672,0.2266666666666667,-0.017666666666666813,-0.35753333333333354,2020.7083333333333,0.4188944444444438,-0.7092711111111072
precipitacao,6,2020,10,2021,4,AMJ,-0.7333333333333338,0.18666666666666676,-0.09933333333333348,0.24579999999999988,2020.7916666666667,-63.23333333333332,-56.04666666666665
temperatura,6,2020,10,2021,4,AMJ,-0.7333333333333338,0.18666666666666676,-0.09933333333333348,0.24579999999999988,2020.7916666666667,0.6370933333333326,-1.1236255555555559
precipitacao,6,2020,11,2021,5,MJJ,-0.9600000000000005,0.06666666666666675,-0.031666666666666815,0.7570333333333332,2020.875,-23.350000000000023,-84.87000000000002
temperatura,6,2020,11,2021,5,MJJ,-0.9600000000000005,0.06666666666666675,-0.031666666666666815,0.7570333333333332,2020.875,0.5812533333333327,-1.150603333333331
precipitacao,6,2020,12,2021,6,JJA,-1.0566666666666673,-0.08999999999999993,0.04166666666666652,1.1860333333333333,2020.9583333333333,-100.85,-62.596666666666664
temperatura,6,2020,12,2021,6,JJA,-1.0566666666666673,-0.08999999999999993,0.04166666666666652,1.1860333333333333,2020.9583333333333,0.5395155555555533,-0.913405555555558
precipitacao,6,2021,1,2021,7,JAS,-1.053333333333334,-0.18666666666666662,0.03399999999999985,1.1130333333333333,2021.0416666666667,-70.02333333333343,-117.33333333333331
temperatura,6,2021,1,2021,7,JAS,-1.053333333333334,-0.18666666666666662,0.03399999999999985,1.1130333333333333,2021.0416666666667,-0.13447111111111099,-0.20410666666666444
precipitacao,6,2021,2,2021,8,ASO,-0.9666666666666671,-0.2766666666666666,0.10833333333333317,1.2897999999999998,2021.125,-80.78999999999996,-39.95000000000002
temperatura,6,2021,2,2021,8,ASO,-0.9666666666666671,-0.2766666666666666,0.10833333333333317,1.2897999999999998,2021.125,-0.19931000000000054,-0.07284666666666695
precipitacao,6,2021,3,2021,9,SON,-0.8600000000000004,-0.21999999999999995,0.18699999999999983,0.8246333333333332,2021.2083333333333,-56.40999999999997,-124.54999999999998
temperatura,6,2021,3,2021,9,SON,-0.8600000000000004,-0.21999999999999995,0.18699999999999983,0.8246333333333332,2021.2083333333333,-0.2836511111111122,-0.42791777777777895
precipitacao,6,2021,4,2021,10,OND,-0.7166666666666672,-0.15999999999999992,0.2533333333333332,0.7522333333333332,2021.2916666666667,-80.37,-30.32333333333338
temperatura,6,2021,4,2021,10,OND,-0.7166666666666672,-0.15999999999999992,0.2533333333333332,0.7522333333333332,2021.2916666666667,-0.13203222222222166,-1.3338377777777737
precipitacao,6,2021,5,2021,11,NDJ,-0.5666666666666672,0.08666666666666673,0.17533333333333315,0.40899999999999986,2021.375,-62.673333333333346,-8.889999999999986
temperatura,6,2021,5,2021,11,NDJ,-0.5666666666666672,0.08666666666666673,0.17533333333333315,0.40899999999999986,2021.375,-0.9315366666666627,-0.976110000000002
precipitacao,6,2021,6,2021,12,DJF,-0.42333333333333384,0.3500000000000001,0.0856666666666665,0.7734666666666664,2021.4583333333333,-75.4666666666667,7.290000000000077
temperatura,6,2021,6,2021,12,DJF,-0.42333333333333384,0.3500000000000001,0.0856666666666665,0.7734666666666664,2021.4583333333333,-0.7092711111111072,-1.0210177777777787
precipitacao,6,2021,7,2022,1,JFM,-0.3533333333333339,0.6166666666666667,-0.07400000000000016,0.34449999999999986,2021.5416666666667,-56.04666666666665,-0.9699999999999136
temperatura,6,2021,7,2022,1,JFM,-0.3533333333333339,0.6166666666666667,-0.07400000000000016,0.34449999999999986,2021.5416666666667,-1.1236255555555559,-0.261865555555552
precipitacao,6,2021,8,2022,2,FMA,-0.3733333333333338,0.7200000000000001,-0.11000000000000017,0.16429999999999986,2021.625,-84.87000000000002,-58.87333333333339
temperatura,6,2021,8,2022,2,FMA,-0.3733333333333338,0.7200000000000001,-0.11000000000000017,0.16429999999999986,2021.625,-1.150603333333331,-0.2842699999999958
precipitacao,6,2021,9,2022,3,MAM,-0.48333333333333384,0.67,-0.12866666666666685,0.21669999999999986,2021.7083333333333,-62.596666666666664,-23.26666666666671
temperatura,6,2021,9,2022,3,MAM,-0.48333333333333384,0.67,-0.12866666666666685,0.21669999999999986,2021.7083333333333,-0.913405555555558,-0.3063377777777774
precipitacao,6,2021,10,2022,4,AMJ,-0.6233333333333338,0.5233333333333334,-0.08266666666666683,0.5209333333333331,2021.7916666666667,-117.33333333333331,-36.74666666666667
temperatura,6,2021,10,2022,4,AMJ,-0.6233333333333338,0.5233333333333334,-0.08266666666666683,0.5209333333333331,2021.7916666666667,-0.20410666666666444,-0.8785255555555587
precipitacao,6,2021,11,2022,5,MJJ,-0.7733333333333339,0.39000000000000007,-0.026666666666666828,1.0369,2021.875,-39.95000000000002,-81.27000000000004
temperatura,6,2021,11,2022,5,MJJ,-0.7733333333333339,0.39000000000000007,-0.026666666666666828,1.0369,2021.875,-0.07284666666666695,-0.36860333333333273
precipitacao,6,2021,12,2022,6,JJA,-0.8366666666666672,0.24666666666666673,-0.0473333333333335,1.3096999999999996,2021.9583333333333,-124.54999999999998,-41.89666666666666
temperatura,6,2021,12,2022,6,JJA,-0.8366666666666672,0.24666666666666673,-0.0473333333333335,1.3096999999999996,2021.9583333333333,-0.42791777777777895,-0.4464722222222228
precipitacao,6,2022,1,2022,7,JAS,-0.8333333333333339,0.1533333333333334,-0.035666666666666826,1.4336999999999998,2022.0416666666667,-30.32333333333338,-2.0333333333333314
temperatura,6,2022,1,2022,7,JAS,-0.8333333333333339,0.1533333333333334,-0.035666666666666826,1.4336999999999998,2022.0416666666667,-1.3338377777777737,-0.9927399999999942
precipitacao,6,2022,2,2022,8,ASO,-0.7566666666666672,0.2000000000000001,-0.08600000000000017,1.2077333333333329,2022.125,-8.889999999999986,81.94999999999999
temperatura,6,2022,2,2022,8,ASO,-0.7566666666666672,0.2000000000000001,-0.08600000000000017,1.2077333333333329,2022.125,-0.976110000000002,-1.5012800000000013
precipitacao,6,2022,3,2022,9,SON,-0.7366666666666672,0.27333333333333343,-0.07700000000000017,0.6755999999999998,2022.2083333333333,7.290000000000077,62.650000000000034
temperatura,6,2022,3,2022,9,SON,-0.7366666666666672,0.27333333333333343,-0.07700000000000017,0.6755999999999998,2022.2083333333333,-1.0210177777777787,-1.838617777777781
precipitacao,6,2022,4,2022,10,OND,-0.7700000000000005,0.2766666666666668,-0.08100000000000017,0.577833333333333,2022.2916666666667,-0.9699999999999136,104.47666666666657
temperatura,6,2022,4,2022,10,OND,-0.7700000000000005,0.2766666666666668,-0.08100000000000017,0.577833333333333,2022.2916666666667,-0.261865555555552,-1.3988711111111094
precipitacao,6,2022,5,2022,11,NDJ,-0.8200000000000004,0.12666666666666673,-0.09433333333333349,0.39559999999999973,2022.375,-58.87333333333339,47.20999999999992
temperatura,6,2022,5,2022,11,NDJ,-0.8200000000000004,0.12666666666666673,-0.09433333333333349,0.39559999999999973,2022.375,-0.2842699999999958,-1.6314433333333334
precipitacao,6,2022,6,2022,12,DJF,-0.8066666666666671,0.1533333333333334,-0.17500000000000018,-0.08096666666666692,2022.4583333333333,-23.26666666666671,131.09000000000003
temperatura,6,2022,6,2022,12,DJF,-0.8066666666666671,0.1533333333333334,-0.17500000000000018,-0.08096666666666692,2022.4583333333333,-0.3063377777777774,-1.0703844444444464
precipitacao,6,2022,7,2023,1,JFM,-0.7533333333333339,0.1300000000000001,-0.21733333333333352,-0.10936666666666695,2022.5416666666667,-36.74666666666667,67.73000000000002
temperatura,6,2022,7,2023,1,JFM,-0.7533333333333339,0.1300000000000001,-0.21733333333333352,-0.10936666666666695,2022.5416666666667,-0.8785255555555587,-0.5972655555555555
precipitacao,6,2022,8,2023,2,FMA,-0.7366666666666671,0.18666666666666676,-0.2586666666666669,0.10223333333333302,2022.625,-81.27000000000004,143.12666666666667
temperatura,6,2022,8,2023,2,FMA,-0.7366666666666671,0.18666666666666676,-0.2586666666666669,0.10223333333333302,2022.625,-0.36860333333333273,-0.7120366666666627
precipitacao,6,2022,9,2023,3,MAM,-0.7833333333333338,0.15333333333333343,-0.2543333333333335,0.8821666666666662,2022.7083333333333,-41.89666666666666,65.13333333333333
temperatura,6,2022,9,2023,3,MAM,-0.7833333333333338,0.15333333333333343,-0.2543333333333335,0.8821666666666662,2022.7083333333333,-0.4464722222222228,-0.5718044444444459
precipitacao,6,2022,10,2023,4,AMJ,-0.8466666666666672,0.22666666666666677,-0.4196666666666668,0.8433666666666664,2022.7916666666667,-2.0333333333333314,16.853333333333353
temperatura,6,2022,10,2023,4,AMJ,-0.8466666666666672,0.22666666666666677,-0.4196666666666668,0.8433666666666664,2022.7916666666667,-0.9927399999999942,-0.9102588888888867
precipitacao,6,2022,11,2023,5,MJJ,-0.8600000000000004,0.2766666666666668,-0.4273333333333335,1.170733333333333,2022.875,81.94999999999999,-66.97000000000001
temperatura,6,2022,11,2023,5,MJJ,-0.8600000000000004,0.2766666666666668,-0.4273333333333335,1.170733333333333,2022.875,-1.5012800000000013,-0.3897366666666606
precipitacao,6,2022,12,2023,6,JJA,-0.8033333333333338,0.3233333333333334,-0.35033333333333355,1.248033333333333,2022.9583333333333,62.650000000000034,-55.596666666666664
temperatura,6,2022,12,2023,6,JJA,-0.8033333333333338,0.3233333333333334,-0.35033333333333355,1.248033333333333,2022.9583333333333,-1.838617777777781,-0.023505555555555446
precipitacao,6,2023,1,2023,7,JAS,-0.6900000000000004,0.38666666666666677,-0.08333333333333352,1.905833333333333,2023.0416666666667,104.47666666666657,-77.83333333333331
temperatura,6,2023,1,2023,7,JAS,-0.6900000000000004,0.38666666666666677,-0.08333333333333352,1.905833333333333,2023.0416666666667,-1.3988711111111094,1.1457933333333372
precipitacao,6,2023,2,2023,8,ASO,-0.5266666666666672,0.3700000000000001,0.05866666666666648,1.5192333333333332,2023.125,47.20999999999992,30.55000000000001
temperatura,6,2023,2,2023,8,ASO,-0.5266666666666672,0.3700000000000001,0.05866666666666648,1.5192333333333332,2023.125,-1.6314433333333334,1.3265199999999986
precipitacao,6,2023,3,2023,9,SON,-0.33000000000000057,0.3033333333333334,0.22699999999999979,0.8663666666666664,2023.2083333333333,131.09000000000003,20.850000000000023
temperatura,6,2023,3,2023,9,SON,-0.33000000000000057,0.3033333333333334,0.22699999999999979,0.8663666666666664,2023.2083333333333,-1.0703844444444464,1.7368155555555518
precipitacao,6,2023,4,2023,10,OND,-0.08333333333333386,0.20333333333333345,0.3769999999999998,-0.2084333333333336,2023.2916666666667,67.73000000000002,-35.723333333333414
temperatura,6,2023,4,2023,10,OND,-0.08333333333333386,0.20333333333333345,0.3769999999999998,-0.2084333333333336,2023.2916666666667,-0.5972655555555555,1.2508955555555588
precipitacao,6,2023,5,2023,11,NDJ,0.1799999999999995,0.25666666666666677,0.4723333333333331,0.09096666666666635,2023.375,143.12666666666667,-140.49
temperatura,6,2023,5,2023,11,NDJ,0.1799999999999995,0.25666666666666677,0.4723333333333331,0.09096666666666635,2023.375,-0.7120366666666627,1.03872333333333
precipitacao,6,2023,6,2023,12,DJF,0.4599999999999995,0.2966666666666668,0.5559999999999998,0.03106666666666637,2023.4583333333333,65.13333333333333,-132.10999999999996
temperatura,6,2023,6,2023,12,DJF,0.4599999999999995,0.2966666666666668,0.5559999999999998,0.03106666666666637,2023.4583333333333,-0.5718044444444459,0.2808155555555558
precipitacao,6,2023,7,2024,1,JFM,0.7299999999999995,0.3266666666666668,0.5353333333333331,0.0651999999999997,2023.5416666666667,16.853333333333353,-52.97000000000003
temperatura,6,2023,7,2024,1,JFM,0.7299999999999995,0.3266666666666668,0.5353333333333331,0.0651999999999997,2023.5416666666667,-0.9102588888888867,0.11953444444444727
precipitacao,6,2023,8,2024,2,FMA,0.9933333333333328,0.2800000000000001,0.6629999999999998,-0.43146666666666694,2023.625,-66.97000000000001,-25.073333333333323
temperatura,6,2023,8,2024,2,FMA,0.9933333333333328,0.2800000000000001,0.6629999999999998,-0.43146666666666694,2023.625,-0.3897366666666606,0.44229666666666745
precipitacao,6,2023,9,2024,3,MAM,1.2499999999999996,0.2766666666666668,0.7566666666666664,-0.6356333333333336,2023.7083333333333,-55.596666666666664,-44.56666666666669
temperatura,6,2023,9,2024,3,MAM,1.2499999999999996,0.2766666666666668,0.7566666666666664,-0.6356333333333336,2023.7083333333333,-0.023505555555555446,1.4076288888888904
precipitacao,6,2023,10,2024,4,AMJ,1.4966666666666661,0.24666666666666673,0.8586666666666664,-0.18446666666666697,2023.7916666666667,-77.83333333333331,-76.14666666666668
temperatura,6,2023,10,2024,4,AMJ,1.4966666666666661,0.24666666666666673,0.8586666666666664,-0.18446666666666697,2023.7916666666667,1.1457933333333372,1.729207777777777
precipitacao,6,2023,11,2024,5,MJJ,1.713333333333333,0.39000000000000007,0.8899999999999997,-0.13956666666666695,2023.875,30.55000000000001,-84.27000000000002
temperatura,6,2023,11,2024,5,MJJ,1.713333333333333,0.39000000000000007,0.8899999999999997,-0.13956666666666695,2023.875,1.3265199999999986,1.3799633333333325
precipitacao,6,2023,12,2024,6,JJA,1.8766666666666663,0.6566666666666667,0.8586666666666666,0.7138999999999998,2023.9583333333333,20.850000000000023,-39.096666666666664
temperatura,6,2023,12,2024,6,JJA,1.8766666666666663,0.6566666666666667,0.8586666666666666,0.7138999999999998,2023.9583333333333,1.7368155555555518,0.37952777777778124
precipitacao,6,2024,1,2024,7,JAS,1.9099999999999995,0.9233333333333335,0.8456666666666663,0.842833333333333,2024.0416666666667,-35.723333333333414,-73.33333333333333
temperatura,6,2024,1,2024,7,JAS,1.9099999999999995,0.9233333333333335,0.8456666666666663,0.842833333333333,2024.0416666666667,1.2508955555555588,0.8854933333333364
precipitacao,6,2024,2,2024,8,ASO,1.7866666666666664,1.06,0.6479999999999998,1.1582666666666663,2024.125,-140.49,-78.75
temperatura,6,2024,2,2024,8,ASO,1.7866666666666664,1.06,0.6479999999999998,1.1582666666666663,2024.125,1.03872333333333,0.9156866666666694
precipitacao,6,2024,3,2024,9,SON,1.5166666666666664,1.1533333333333333,0.5043333333333331,0.635633333333333,2024.2083333333333,-132.10999999999996,-49.14999999999998
temperatura,6,2024,3,2024,9,SON,1.5166666666666664,1.1533333333333333,0.5043333333333331,0.635633333333333,2024.2083333333333,0.2808155555555558,1.3331822222222236
precipitacao,6,2024,4,2024,10,OND,1.1599999999999995,1.1900000000000002,0.39599999999999974,0.6634666666666664,2024.2916666666667,-52.97000000000003,82.87666666666667
temperatura,6,2024,4,2024,10,OND,1.1599999999999995,1.1900000000000002,0.39599999999999974,0.6634666666666664,2024.2916666666667,0.11953444444444727,0.5032622222222258
precipitacao,6,2024,5,2024,11,NDJ,0.7933333333333329,1.0833333333333335,0.38633333333333314,0.2914999999999998,2024.375,-25.073333333333323,186.40999999999997
temperatura,6,2024,5,2024,11,NDJ,0.7933333333333329,1.0833333333333335,0.38633333333333314,0.2914999999999998,2024.375,0.44229666666666745,0.655623333333331
precipitacao,6,2024,6,2024,12,DJF,0.4599999999999995,0.8200000000000002,0.3116666666666665,0.3808333333333331,2024.4583333333333,-44.56666666666669,81.59000000000003
temperatura,6,2024,6,2024,12,DJF,0.4599999999999995,0.8200000000000002,0.3116666666666665,0.3808333333333331,2024.4583333333333,1.4076288888888904,1.0571488888888858
precipitacao,6,2024,7,2025,1,JFM,0.22333333333333286,0.5633333333333334,0.1759999999999998,-0.15330000000000024,2024.5416666666667,-76.14666666666668,-19.470000000000027
temperatura,6,2024,7,2025,1,JFM,0.22333333333333286,0.5633333333333334,0.1759999999999998,-0.15330000000000024,2024.5416666666667,1.729207777777777,1.333501111111115
precipitacao,6,2024,8,2025,2,FMA,0.06666666666666622,0.35333333333333344,0.16566666666666646,-0.8457333333333336,2024.625,-84.27000000000002,-17.873333333333335
temperatura,6,2024,8,2025,2,FMA,0.06666666666666622,0.35333333333333344,0.16566666666666646,-0.8457333333333336,2024.625,1.3799633333333325,1.1220300000000059
precipitacao,6,2024,9,2025,3,MAM,-0.03333333333333378,0.27333333333333343,0.13833333333333311,-0.883166666666667,2024.7083333333333,-39.096666666666664,-0.466666666666697
temperatura,6,2024,9,2025,3,MAM,-0.03333333333333378,0.27333333333333343,0.13833333333333311,-0.883166666666667,2024.7083333333333,0.37952777777778124,0.8411622222222235
precipitacao,6,2024,10,2025,4,AMJ,-0.1166666666666671,0.25666666666666677,0.06199999999999978,-0.8732000000000002,2024.7916666666667,-73.33333333333333,37.853333333333325
temperatura,6,2024,10,2025,4,AMJ,-0.1166666666666671,0.25666666666666677,0.06199999999999978,-0.8732000000000002,2024.7916666666667,0.8854933333333364,0.4535744444444454
precipitacao,6,2024,11,2025,5,MJJ,-0.20000000000000048,0.2666666666666668,-0.15433333333333357,0.18343333333333303,2024.875,-78.75,-81.57000000000002
temperatura,6,2024,11,2025,5,MJJ,-0.20000000000000048,0.2666666666666668,-0.15433333333333357,0.18343333333333303,2024.875,0.9156866666666694,0.24179666666666577
precipitacao,6,2024,12,2025,6,JJA,-0.3033333333333338,0.2700000000000001,-0.3030000000000002,-0.12446666666666695,2024.9583333333333,-49.14999999999998,-51.29666666666665
temperatura,6,2024,12,2025,6,JJA,-0.3033333333333338,0.2700000000000001,-0.3030000000000002,-0.12446666666666695,2024.9583333333333,1.3331822222222236,-0.20380555555555802
precipitacao,6,2025,1,2025,7,JAS,-0.39333333333333376,0.28333333333333344,-0.3030000000000002,0.03776666666666637,2025.0416666666667,82.87666666666667,-124.53333333333332
temperatura,6,2025,1,2025,7,JAS,-0.39333333333333376,0.28333333333333344,-0.3030000000000002,0.03776666666666637,2025.0416666666667,0.5032622222222258,-0.08450666666666251
precipitacao,6,2025,2,2025,8,ASO,-0.3700000000000005,0.3200000000000001,-0.17000000000000023,-0.39233333333333364,2025.125,186.40999999999997,-44.05000000000001
temperatura,6,2025,2,2025,8,ASO,-0.3700000000000005,0.3200000000000001,-0.17000000000000023,-0.39233333333333364,2025.125,0.655623333333331,-0.0629466666666687
precipitacao,6,2025,3,2025,9,SON,-0.2533333333333338,0.2433333333333334,-0.040333333333333554,0.1273666666666663,2025.2083333333333,81.59000000000003,-30.849999999999966
temperatura,6,2025,3,2025,9,SON,-0.2533333333333338,0.2433333333333334,-0.040333333333333554,0.1273666666666663,2025.2083333333333,1.0571488888888858,-0.06798444444444485
precipitacao,6,2025,4,2025,10,OND,-0.09333333333333381,0.17333333333333342,0.07466666666666645,0.5334666666666662,2025.2916666666667,-19.470000000000027,23.776666666666642
temperatura,6,2025,4,2025,10,OND,-0.09333333333333381,0.17333333333333342,0.07466666666666645,0.5334666666666662,2025.2916666666667,1.333501111111115,0.4398622222222244
precipitacao,6,2025,5,2025,11,NDJ,-0.0333333333333338,0.12000000000000006,0.10466666666666645,0.7932666666666662,2025.375,-17.873333333333335,41.90999999999997
temperatura,6,2025,5,2025,11,NDJ,-0.0333333333333338,0.12000000000000006,0.10466666666666645,0.7932666666666662,2025.375,1.1220300000000059,0.5363233333333319
precipitacao,6,2025,6,2025,12,DJF,-0.013333333333333799,0.1300000000000001,0.08066666666666646,0.6185333333333329,2025.4583333333333,-0.466666666666697,139.29000000000008
temperatura,6,2025,6,2025,12,DJF,-0.013333333333333799,0.1300000000000001,0.08066666666666646,0.6185333333333329,2025.4583333333333,0.8411622222222235,0.5666155555555541
precipitacao,6,2025,7,2026,1,JFM,-0.056666666666667136,0.1300000000000001,0.00699999999999978,0.490233333333333,2025.5416666666667,37.853333333333325,167.23000000000002
temperatura,6,2025,7,2026,1,JFM,-0.056666666666667136,0.1300000000000001,0.00699999999999978,0.490233333333333,2025.5416666666667,0.4535744444444454,0.022534444444445967
precipitacao,6,2025,8,2026,2,FMA,-0.13000000000000048,0.09666666666666675,-0.16866666666666688,0.4395666666666663,2025.625,-81.57000000000002,166.12666666666667
temperatura,6,2025,8,2026,2,FMA,-0.13000000000000048,0.09666666666666675,-0.16866666666666688,0.4395666666666663,2025.625,0.24179666666666577,0.5392300000000034
precipitacao,6,2025,9,2026,3,MAM,-0.2666666666666671,0.10333333333333343,-0.3196666666666669,0.1334999999999996,2025.7083333333333,-51.29666666666665,100.0333333333333
temperatura,6,2025,9,2026,3,MAM,-0.2666666666666671,0.10333333333333343,-0.3196666666666669,0.1334999999999996,2025.7083333333333,-0.20380555555555802,0.6994288888888889
precipitacao,6,2025,10,2026,4,AMJ,-0.42000000000000043,0.06666666666666675,-0.44500000000000023,-0.5296000000000004,2025.7916666666667,-124.53333333333332,129.85333333333332
temperatura,6,2025,10,2026,4,AMJ,-0.42000000000000043,0.06666666666666675,-0.44500000000000023,-0.5296000000000004,2025.7916666666667,-0.08450666666666251,0.4689411111111106
precipitacao,6,2025,11,2026,5,MJJ,-0.5366666666666671,0.05000000000000007,-0.3903333333333336,-1.089666666666667,2025.875,-44.05000000000001,54.829999999999984
temperatura,6,2025,11,2026,5,MJJ,-0.5366666666666671,0.05000000000000007,-0.3903333333333336,-1.089666666666667,2025.875,-0.0629466666666687,0.47953000000000046
precipitacao,6,2025,12,2026,6,JJA,-0.5933333333333338,0.06333333333333341,-0.2403333333333335,-1.2318333333333336,2025.9583333333333,-30.849999999999966,40.403333333333336
temperatura,6,2025,12,2026,6,JJA,-0.5933333333333338,0.06333333333333341,-0.2403333333333335,-1.2318333333333336,2025.9583333333333,-0.06798444444444485,1.2306944444444454
precipitacao,12,1979,3,1980,3,MAM,0.22999999999999973,-0.5499999999999999,0.04133333333333311,0.48810000000000003,1979.2083333333333,-114.80999999999989,-73.8666666666667
temperatura,12,1979,3,1980,3,MAM,0.22999999999999973,-0.5499999999999999,0.04133333333333311,0.48810000000000003,1979.2083333333333,-1.4700511111111112,0.9071955555555604
precipitacao,12,1979,4,1980,4,AMJ,0.27333333333333304,-0.48666666666666664,-0.13333333333333355,0.6443666666666666,1979.2916666666667,-139.87,-19.546666666666653
temperatura,12,1979,4,1980,4,AMJ,0.27333333333333304,-0.48666666666666664,-0.13333333333333355,0.6443666666666666,1979.2916666666667,-1.7323988888888877,0.16724111111111029
precipitacao,12,1979,5,1980,5,MJJ,0.29999999999999977,-0.4066666666666667,-0.22833333333333353,0.7668333333333334,1979.375,-7.57333333333338,-50.97000000000003
temperatura,12,1979,5,1980,5,MJJ,0.29999999999999977,-0.4066666666666667,-0.22833333333333353,0.7668333333333334,1979.375,-1.3414033333333322,0.14209666666667076
precipitacao,12,1979,6,1980,6,JJA,0.2499999999999997,-0.26,-0.18066666666666686,1.0337666666666665,1979.4583333333333,101.03333333333336,35.60333333333335
temperatura,12,1979,6,1980,6,JJA,0.2499999999999997,-0.26,-0.18066666666666686,1.0337666666666665,1979.4583333333333,-1.066037777777776,-0.26047222222221933
precipitacao,12,1979,7,1980,7,JAS,0.17333333333333303,-0.19999999999999998,-0.21666666666666687,1.6119333333333332,1979.5416666666667,47.25333333333336,47.166666666666686
temperatura,12,1979,7,1980,7,JAS,0.17333333333333303,-0.19999999999999998,-0.21666666666666687,1.6119333333333332,1979.5416666666667,-1.1044922222222233,-0.8800733333333284
precipitacao,12,1979,8,1980,8,ASO,0.14999999999999972,-0.08666666666666667,-0.1440000000000002,1.552533333333333,1979.625,27.53,64.84999999999997
temperatura,12,1979,8,1980,8,ASO,0.14999999999999972,-0.08666666666666667,-0.1440000000000002,1.552533333333333,1979.625,-1.0209033333333313,-1.0896800000000013
precipitacao,12,1979,9,1980,9,SON,0.21666666666666642,0.03000000000000001,-0.27333333333333354,1.1957,1979.7083333333333,8.603333333333353,-9.349999999999966
temperatura,12,1979,9,1980,9,SON,0.21666666666666642,0.03000000000000001,-0.27333333333333354,1.1957,1979.7083333333333,-0.7536055555555556,-1.3480844444444458
precipitacao,12,1979,10,1980,10,OND,0.34333333333333305,0.013333333333333336,-0.2730000000000002,0.44493333333333335,1979.7916666666667,149.3666666666667,71.47666666666657
temperatura,12,1979,10,1980,10,OND,0.34333333333333305,0.013333333333333336,-0.2730000000000002,0.44493333333333335,1979.7916666666667,-0.7621066666666643,-0.3511044444444451
precipitacao,12,1979,11,1980,11,NDJ,0.43666666666666637,-0.049999999999999996,-0.2813333333333335,0.12226666666666665,1979.875,154.64999999999998,164.90999999999997
temperatura,12,1979,11,1980,11,NDJ,0.43666666666666637,-0.049999999999999996,-0.2813333333333335,0.12226666666666665,1979.875,-0.14054666666666904,-0.3116433333333326
precipitacao,12,1979,12,1980,12,DJF,0.5366666666666663,-0.19000000000000003,-0.2220000000000002,-0.4044666666666667,1979.9583333333333,108.25,111.79000000000008
temperatura,12,1979,12,1980,12,DJF,0.5366666666666663,-0.19000000000000003,-0.2220000000000002,-0.4044666666666667,1979.9583333333333,-0.6915177777777792,-0.018584444444442738
precipitacao,12,1980,1,1981,1,JFM,0.5866666666666663,-0.29333333333333333,-0.17000000000000018,-0.6067333333333332,1980.0416666666667,24.576666666666597,20.33000000000004
temperatura,12,1980,1,1981,1,JFM,0.5866666666666663,-0.29333333333333333,-0.17000000000000018,-0.6067333333333332,1980.0416666666667,-0.28243777777777623,-0.203532222222222
precipitacao,12,1980,2,1981,2,FMA,0.5766666666666663,-0.4566666666666667,-0.1530000000000002,-0.7924666666666665,1980.125,-38.59000000000003,-69.37333333333333
temperatura,12,1980,2,1981,2,FMA,0.5766666666666663,-0.4566666666666667,-0.1530000000000002,-0.7924666666666665,1980.125,-0.885976666666668,-0.46640333333333217
precipitacao,12,1980,3,1981,3,MAM,0.4799999999999997,-0.5666666666666667,-0.2586666666666668,-0.9503666666666666,1980.2083333333333,-35.50999999999999,-40.166666666666686
temperatura,12,1980,3,1981,3,MAM,0.4799999999999997,-0.5666666666666667,-0.2586666666666668,-0.9503666666666666,1980.2083333333333,-0.8139511111111126,-0.22853777777777395
precipitacao,12,1980,4,1981,4,AMJ,0.3866666666666663,-0.5466666666666666,-0.2380000000000002,-1.4907666666666666,1980.2916666666667,-123.26999999999998,-11.846666666666664
temperatura,12,1980,4,1981,4,AMJ,0.3866666666666663,-0.5466666666666666,-0.2380000000000002,-1.4907666666666666,1980.2916666666667,-0.17199888888888637,-0.7161922222222223
precipitacao,12,1980,5,1981,5,MJJ,0.3799999999999997,-0.47,-0.1933333333333335,-1.3237666666666665,1980.375,-49.873333333333335,63.42999999999998
temperatura,12,1980,5,1981,5,MJJ,0.3799999999999997,-0.47,-0.1933333333333335,-1.3237666666666665,1980.375,0.28042999999999907,-1.20130333333333
precipitacao,12,1980,6,1981,6,JJA,0.39666666666666633,-0.39666666666666667,-0.18133333333333349,-0.7537333333333333,1980.4583333333333,-73.8666666666667,126.30333333333334
temperatura,12,1980,6,1981,6,JJA,0.39666666666666633,-0.39666666666666667,-0.18133333333333349,-0.7537333333333333,1980.4583333333333,0.9071955555555604,-1.8092388888888902
precipitacao,12,1980,7,1981,7,JAS,0.34333333333333305,-0.36000000000000004,-0.3696666666666668,-0.7122999999999999,1980.5416666666667,-19.546666666666653,79.36666666666665
temperatura,12,1980,7,1981,7,JAS,0.34333333333333305,-0.36000000000000004,-0.3696666666666668,-0.7122999999999999,1980.5416666666667,0.16724111111111029,-1.13547333333333
precipitacao,12,1980,8,1981,8,ASO,0.17333333333333303,-0.2866666666666667,-0.6216666666666668,-0.8849999999999999,1980.625,-50.97000000000003,39.75
temperatura,12,1980,8,1981,8,ASO,0.17333333333333303,-0.2866666666666667,-0.6216666666666668,-0.8849999999999999,1980.625,0.14209666666667076,-1.074113333333333
precipitacao,12,1980,9,1981,9,SON,-0.01666666666666697,-0.17,-0.7426666666666669,-1.5471666666666666,1980.7083333333333,35.60333333333335,17.25
temperatura,12,1980,9,1981,9,SON,-0.01666666666666697,-0.17,-0.7426666666666669,-1.5471666666666666,1980.7083333333333,-0.26047222222221933,-0.5937177777777798
precipitacao,12,1980,10,1981,10,OND,-0.10000000000000031,-0.15,-0.7416666666666668,-0.7067333333333332,1980.7916666666667,47.166666666666686,26.276666666666642
temperatura,12,1980,10,1981,10,OND,-0.10000000000000031,-0.15,-0.7416666666666668,-0.7067333333333332,1980.7916666666667,-0.8800733333333284,-1.0295044444444414
precipitacao,12,1980,11,1981,11,NDJ,-0.05333333333333364,-0.24,-0.6066666666666668,-1.0454333333333332,1980.875,64.84999999999997,-57.49000000000001
temperatura,12,1980,11,1981,11,NDJ,-0.05333333333333364,-0.24,-0.6066666666666668,-1.0454333333333332,1980.875,-1.0896800000000013,-0.9438100000000027
precipitacao,12,1980,12,1981,12,DJF,-0.013333333333333633,-0.5133333333333333,-0.5193333333333335,-0.5972666666666666,1980.9583333333333,-9.349999999999966,-62.1099999999999
temperatura,12,1980,12,1981,12,DJF,-0.013333333333333633,-0.5133333333333333,-0.5193333333333335,-0.5972666666666666,1980.9583333333333,-1.3480844444444458,-1.1327511111111122
precipitacao,12,1981,1,1982,1,JFM,-0.08000000000000031,-0.6333333333333333,-0.36700000000000016,-0.7128999999999999,1981.0416666666667,71.47666666666657,35.129999999999995
temperatura,12,1981,1,1982,1,JFM,-0.08000000000000031,-0.6333333333333333,-0.36700000000000016,-0.7128999999999999,1981.0416666666667,-0.3511044444444451,-1.1091322222222217
precipitacao,12,1981,2,1982,2,FMA,-0.24666666666666695,-0.7333333333333334,-0.23600000000000013,-0.028833333333333183,1981.125,164.90999999999997,69.3266666666666
temperatura,12,1981,2,1982,2,FMA,-0.24666666666666695,-0.7333333333333334,-0.23600000000000013,-0.028833333333333183,1981.125,-0.3116433333333326,-1.0548033333333287
precipitacao,12,1981,3,1982,3,MAM,-0.3666666666666669,-0.7766666666666667,-0.06633333333333348,-0.23189999999999986,1981.2083333333333,111.79000000000008,80.5333333333333
temperatura,12,1981,3,1982,3,MAM,-0.3666666666666669,-0.7766666666666667,-0.06633333333333348,-0.23189999999999986,1981.2083333333333,-0.018584444444442738,-1.3608044444444438
precipitacao,12,1981,4,1982,4,AMJ,-0.3666666666666669,-0.85,0.03166666666666652,-0.7960666666666665,1981.2916666666667,20.33000000000004,24.653333333333336
temperatura,12,1981,4,1982,4,AMJ,-0.3666666666666669,-0.85,0.03166666666666652,-0.7960666666666665,1981.2916666666667,-0.203532222222222,-0.72092555555556
precipitacao,12,1981,5,1982,5,MJJ,-0.3200000000000003,-0.8566666666666668,0.03366666666666652,-0.9238333333333332,1981.375,-69.37333333333333,44.02999999999997
temperatura,12,1981,5,1982,5,MJJ,-0.3200000000000003,-0.8566666666666668,0.03366666666666652,-0.9238333333333332,1981.375,-0.46640333333333217,0.13159666666667036
precipitacao,12,1981,6,1982,6,JJA,-0.27333333333333365,-0.7033333333333333,-0.05466666666666681,-0.4847666666666665,1981.4583333333333,-40.166666666666686,77.20333333333332
temperatura,12,1981,6,1982,6,JJA,-0.27333333333333365,-0.7033333333333333,-0.05466666666666681,-0.4847666666666665,1981.4583333333333,-0.22853777777777395,0.5376277777777787
precipitacao,12,1981,7,1982,7,JAS,-0.276666666666667,-0.5866666666666667,-0.2723333333333335,-0.32606666666666656,1981.5416666666667,-11.846666666666664,-37.93333333333331
temperatura,12,1981,7,1982,7,JAS,-0.276666666666667,-0.5866666666666667,-0.2723333333333335,-0.32606666666666656,1981.5416666666667,-0.7161922222222223,0.008026666666669513
precipitacao,12,1981,8,1982,8,ASO,-0.26000000000000034,-0.36000000000000004,-0.47566666666666685,-0.9175,1981.625,63.42999999999998,47.05000000000001
temperatura,12,1981,8,1982,8,ASO,-0.26000000000000034,-0.36000000000000004,-0.47566666666666685,-0.9175,1981.625,-1.20130333333333,-0.35964666666666645
precipitacao,12,1981,9,1982,9,SON,-0.19666666666666696,-0.16666666666666666,-0.6483333333333335,-1.5378666666666667,1981.7083333333333,126.30333333333334,52.35000000000002
temperatura,12,1981,9,1982,9,SON,-0.19666666666666696,-0.16666666666666666,-0.6483333333333335,-1.5378666666666667,1981.7083333333333,-1.8092388888888902,0.02374888888888549
precipitacao,12,1981,10,1982,10,OND,-0.15666666666666698,0.03333333333333333,-0.6636666666666668,-1.296,1981.7916666666667,79.36666666666665,255.0766666666667
temperatura,12,1981,10,1982,10,OND,-0.15666666666666698,0.03333333333333333,-0.6636666666666668,-1.296,1981.7916666666667,-1.13547333333333,-0.2017711111111069
precipitacao,12,1981,11,1982,11,NDJ,-0.14333333333333365,0.08333333333333333,-0.5633333333333335,-0.38136666666666663,1981.875,39.75,158.61
temperatura,12,1981,11,1982,11,NDJ,-0.14333333333333365,0.08333333333333333,-0.5633333333333335,-0.38136666666666663,1981.875,-1.074113333333333,-0.09887666666666917
precipitacao,12,1981,12,1982,12,DJF,-0.16333333333333364,0.013333333333333327,-0.31733333333333347,0.49390000000000006,1981.9583333333333,17.25,177.89
temperatura,12,1981,12,1982,12,DJF,-0.16333333333333364,0.013333333333333327,-0.31733333333333347,0.49390000000000006,1981.9583333333333,-0.5937177777777798,-0.5097177777777802
precipitacao,12,1982,1,1983,1,JFM,-0.12666666666666698,-0.12666666666666668,-0.06733333333333348,0.39586666666666676,1982.0416666666667,26.276666666666642,104.73000000000002
temperatura,12,1982,1,1983,1,JFM,-0.12666666666666698,-0.12666666666666668,-0.06733333333333348,0.39586666666666676,1982.0416666666667,-1.0295044444444414,-0.22693222222222076
precipitacao,12,1982,2,1983,2,FMA,-0.056666666666666976,-0.31,0.0973333333333332,0.2797333333333334,1982.125,-57.49000000000001,216.3266666666666
temperatura,12,1982,2,1983,2,FMA,-0.056666666666666976,-0.31,0.0973333333333332,0.2797333333333334,1982.125,-0.9438100000000027,-0.18063666666666123
precipitacao,12,1982,3,1983,3,MAM,0.01333333333333303,-0.44333333333333336,0.12166666666666653,0.4421,1982.2083333333333,-62.1099999999999,255.7333333333333
temperatura,12,1982,3,1983,3,MAM,0.01333333333333303,-0.44333333333333336,0.12166666666666653,0.4421,1982.2083333333333,-1.1327511111111122,0.26556222222222203
precipitacao,12,1982,4,1983,4,AMJ,0.14333333333333304,-0.5633333333333334,0.11333333333333317,1.1373666666666666,1982.2916666666667,35.129999999999995,373.4533333333334
temperatura,12,1982,4,1983,4,AMJ,0.14333333333333304,-0.5633333333333334,0.11333333333333317,1.1373666666666666,1982.2916666666667,-1.1091322222222217,0.3371411111111051
precipitacao,12,1982,5,1983,5,MJJ,0.35333333333333306,-0.6433333333333333,0.13199999999999987,1.0842666666666667,1982.375,69.3266666666666,262.42999999999995
temperatura,12,1982,5,1983,5,MJJ,0.35333333333333306,-0.6433333333333333,0.13199999999999987,1.0842666666666667,1982.375,-1.0548033333333287,0.7675966666666696
precipitacao,12,1982,6,1983,6,JJA,0.573333333333333,-0.71,0.19899999999999984,0.8564666666666666,1982.4583333333333,80.5333333333333,155.90333333333336
temperatura,12,1982,6,1983,6,JJA,0.573333333333333,-0.71,0.19899999999999984,0.8564666666666666,1982.4583333333333,-1.3608044444444438,0.1080611111111125
precipitacao,12,1982,7,1983,7,JAS,0.7199999999999998,-0.7233333333333333,0.24766666666666656,0.20776666666666666,1982.5416666666667,24.653333333333336,182.46666666666667
temperatura,12,1982,7,1983,7,JAS,0.7199999999999998,-0.7233333333333333,0.24766666666666656,0.20776666666666666,1982.5416666666667,-0.72092555555556,-0.5304066666666607
precipitacao,12,1982,8,1983,8,ASO,0.833333333333333,-0.7433333333333332,0.25866666666666654,0.4282333333333333,1982.625,44.02999999999997,243.84999999999997
temperatura,12,1982,8,1983,8,ASO,0.833333333333333,-0.7433333333333332,0.25866666666666654,0.4282333333333333,1982.625,0.13159666666667036,-1.3604466666666646
precipitacao,12,1982,9,1983,9,SON,1.073333333333333,-0.6433333333333333,0.3209999999999999,0.6482,1982.7083333333333,77.20333333333332,237.45000000000005
temperatura,12,1982,9,1983,9,SON,1.073333333333333,-0.6433333333333333,0.3209999999999999,0.6482,1982.7083333333333,0.5376277777777787,-1.0795844444444462
precipitacao,12,1982,10,1983,10,OND,1.4199999999999997,-0.52,0.44066666666666654,0.5523333333333332,1982.7916666666667,-37.93333333333331,54.5766666666666
temperatura,12,1982,10,1983,10,OND,1.4199999999999997,-0.52,0.44066666666666654,0.5523333333333332,1982.7916666666667,0.008026666666669513,-0.44193777777777754
precipitacao,12,1982,11,1983,11,NDJ,1.7666666666666664,-0.4166666666666667,0.4499999999999999,0.009499999999999953,1982.875,47.05000000000001,-62.99000000000001
temperatura,12,1982,11,1983,11,NDJ,1.7666666666666664,-0.4166666666666667,0.4499999999999999,0.009499999999999953,1982.875,-0.35964666666666645,0.40075666666666265
precipitacao,12,1982,12,1983,12,DJF,1.9899999999999995,-0.4066666666666667,0.2483333333333332,-1.1617333333333335,1982.9583333333333,52.35000000000002,-158.80999999999995
temperatura,12,1982,12,1983,12,DJF,1.9899999999999995,-0.4066666666666667,0.2483333333333332,-1.1617333333333335,1982.9583333333333,0.02374888888888549,0.8574488888888894
precipitacao,12,1983,1,1984,1,JFM,2.0966666666666662,-0.3,-0.12033333333333347,-1.3744333333333334,1983.0416666666667,255.0766666666667,-207.57
temperatura,12,1983,1,1984,1,JFM,2.0966666666666662,-0.3,-0.12033333333333347,-1.3744333333333334,1983.0416666666667,-0.2017711111111069,0.9165677777777823
precipitacao,12,1983,2,1984,2,FMA,2.056666666666666,-0.10999999999999995,-0.4110000000000002,-1.4516000000000002,1983.125,158.61,-77.37333333333333
temperatura,12,1983,2,1984,2,FMA,2.056666666666666,-0.10999999999999995,-0.4110000000000002,-1.4516000000000002,1983.125,-0.09887666666666917,0.22196333333333484
precipitacao,12,1983,3,1984,3,MAM,1.8566666666666665,-0.12666666666666662,-0.6073333333333335,-0.7516000000000002,1983.2083333333333,177.89,74.63333333333327
temperatura,12,1983,3,1984,3,MAM,1.8566666666666665,-0.12666666666666662,-0.6073333333333335,-0.7516000000000002,1983.2083333333333,-0.5097177777777802,0.35372888888889165
precipitacao,12,1983,4,1984,4,AMJ,1.553333333333333,-0.31,-0.6320000000000001,-0.25500000000000017,1983.2916666666667,104.73000000000002,42.75333333333333
temperatura,12,1983,4,1984,4,AMJ,1.553333333333333,-0.31,-0.6320000000000001,-0.25500000000000017,1983.2916666666667,-0.22693222222222076,0.7835744444444437
precipitacao,12,1983,5,1984,5,MJJ,1.233333333333333,-0.6133333333333334,-0.4553333333333334,-0.040500000000000126,1983.375,216.3266666666666,-50.770000000000024
temperatura,12,1983,5,1984,5,MJJ,1.233333333333333,-0.6133333333333334,-0.4553333333333334,-0.040500000000000126,1983.375,-0.18063666666666123,1.320496666666667
precipitacao,12,1983,6,1984,6,JJA,0.933333333333333,-0.7066666666666667,-0.0813333333333335,-0.18353333333333346,1983.4583333333333,255.7333333333333,-22.096666666666664
temperatura,12,1983,6,1984,6,JJA,0.933333333333333,-0.7066666666666667,-0.0813333333333335,-0.18353333333333346,1983.4583333333333,0.26556222222222203,0.025427777777778715
precipitacao,12,1983,7,1984,7,JAS,0.6066666666666664,-0.7066666666666667,0.27899999999999986,0.13803333333333323,1983.5416666666667,373.4533333333334,59.166666666666686
temperatura,12,1983,7,1984,7,JAS,0.6066666666666664,-0.7066666666666667,0.27899999999999986,0.13803333333333323,1983.5416666666667,0.3371411111111051,-0.8741733333333279
precipitacao,12,1983,8,1984,8,ASO,0.26999999999999974,-0.5333333333333333,0.4133333333333333,0.5477666666666665,1983.625,262.42999999999995,39.25
temperatura,12,1983,8,1984,8,ASO,0.26999999999999974,-0.5333333333333333,0.4133333333333333,0.5477666666666665,1983.625,0.7675966666666696,-1.1332466666666683
precipitacao,12,1983,9,1984,9,SON,-0.0800000000000003,-0.31666666666666665,0.2673333333333332,0.4033666666666666,1983.7083333333333,155.90333333333336,9.250000000000057
temperatura,12,1983,9,1984,9,SON,-0.0800000000000003,-0.31666666666666665,0.2673333333333332,0.4033666666666666,1983.7083333333333,0.1080611111111125,-0.48435111111110984
precipitacao,12,1983,10,1984,10,OND,-0.41666666666666696,-0.2333333333333333,-0.003666666666666781,0.4298333333333331,1983.7916666666667,182.46666666666667,-26.12333333333339
temperatura,12,1983,10,1984,10,OND,-0.41666666666666696,-0.2333333333333333,-0.003666666666666781,0.4298333333333331,1983.7916666666667,-0.5304066666666607,-0.45137111111110784
precipitacao,12,1983,11,1984,11,NDJ,-0.7166666666666669,-0.17999999999999994,-0.2330000000000001,0.40829999999999983,1983.875,243.84999999999997,51.210000000000036
temperatura,12,1983,11,1984,11,NDJ,-0.7166666666666669,-0.17999999999999994,-0.2330000000000001,0.40829999999999983,1983.875,-1.3604466666666646,-1.087176666666668
precipitacao,12,1983,12,1984,12,DJF,-0.8700000000000002,-0.10333333333333329,-0.2440000000000001,0.7987999999999998,1983.9583333333333,237.45000000000005,51.690000000000055
temperatura,12,1983,12,1984,12,DJF,-0.8700000000000002,-0.10333333333333329,-0.2440000000000001,0.7987999999999998,1983.9583333333333,-1.0795844444444462,-1.1101844444444424
precipitacao,12,1984,1,1985,1,JFM,-0.826666666666667,0.1166666666666667,-0.22233333333333347,0.03513333333333316,1984.0416666666667,54.5766666666666,19.129999999999995
temperatura,12,1984,1,1985,1,JFM,-0.826666666666667,0.1166666666666667,-0.22233333333333347,0.03513333333333316,1984.0416666666667,-0.44193777777777754,-0.4918988888888869
precipitacao,12,1984,2,1985,2,FMA,-0.6766666666666671,0.2833333333333334,-0.15766666666666676,-0.3885666666666669,1984.125,-62.99000000000001,50.226666666666574
temperatura,12,1984,2,1985,2,FMA,-0.6766666666666671,0.2833333333333334,-0.15766666666666676,-0.3885666666666669,1984.125,0.40075666666666265,0.2634299999999996
precipitacao,12,1984,3,1985,3,MAM,-0.5066666666666669,0.39000000000000007,-0.16466666666666677,-0.46343333333333353,1984.2083333333333,-158.80999999999995,-8.666666666666686
temperatura,12,1984,3,1985,3,MAM,-0.5066666666666669,0.39000000000000007,-0.16466666666666677,-0.46343333333333353,1984.2083333333333,0.8574488888888894,0.1681622222222252
precipitacao,12,1984,4,1985,4,AMJ,-0.4533333333333336,0.3366666666666667,-0.07366666666666677,-0.16566666666666688,1984.2916666666667,-207.57,-20.24666666666664
temperatura,12,1984,4,1985,4,AMJ,-0.4533333333333336,0.3366666666666667,-0.07366666666666677,-0.16566666666666688,1984.2916666666667,0.9165677777777823,-0.5298255555555578
precipitacao,12,1984,5,1985,5,MJJ,-0.46666666666666695,0.18333333333333338,-0.12533333333333344,-0.39690000000000025,1984.375,-77.37333333333333,-105.97000000000003
temperatura,12,1984,5,1985,5,MJJ,-0.46666666666666695,0.18333333333333338,-0.12533333333333344,-0.39690000000000025,1984.375,0.22196333333333484,-1.0525033333333322
precipitacao,12,1984,6,1985,6,JJA,-0.5133333333333336,0.08333333333333337,-0.20333333333333345,-0.33850000000000025,1984.4583333333333,74.63333333333327,-80.59666666666666
temperatura,12,1984,6,1985,6,JJA,-0.5133333333333336,0.08333333333333337,-0.20333333333333345,-0.33850000000000025,1984.4583333333333,0.35372888888889165,-0.6497055555555562
precipitacao,12,1984,7,1985,7,JAS,-0.48666666666666697,0.1166666666666667,-0.3420000000000001,0.026099999999999717,1984.5416666666667,42.75333333333333,-93.53333333333333
temperatura,12,1984,7,1985,7,JAS,-0.48666666666666697,0.1166666666666667,-0.3420000000000001,0.026099999999999717,1984.5416666666667,0.7835744444444437,-0.20707333333333366
precipitacao,12,1984,8,1985,8,ASO,-0.376666666666667,0.3333333333333333,-0.40633333333333344,0.2557666666666664,1984.625,-50.770000000000024,-99.85000000000002
temperatura,12,1984,8,1985,8,ASO,-0.376666666666667,0.3333333333333333,-0.40633333333333344,0.2557666666666664,1984.625,1.320496666666667,0.17258666666666755
precipitacao,12,1984,9,1985,9,SON,-0.31000000000000033,0.5166666666666667,-0.49033333333333334,0.2227333333333331,1984.7083333333333,-22.096666666666664,-105.54999999999995
temperatura,12,1984,9,1985,9,SON,-0.31000000000000033,0.5166666666666667,-0.49033333333333334,0.2227333333333331,1984.7083333333333,0.025427777777778715,-0.1163511111111113
precipitacao,12,1984,10,1985,10,OND,-0.386666666666667,0.54,-0.5863333333333334,-0.07693333333333356,1984.7916666666667,59.166666666666686,-70.62333333333333
temperatura,12,1984,10,1985,10,OND,-0.386666666666667,0.54,-0.5863333333333334,-0.07693333333333356,1984.7916666666667,-0.8741733333333279,-0.21067111111111103
precipitacao,12,1984,11,1985,11,NDJ,-0.6300000000000003,0.39333333333333337,-0.56,0.0978333333333331,1984.875,39.25,-62.389999999999986
temperatura,12,1984,11,1985,11,NDJ,-0.6300000000000003,0.39333333333333337,-0.56,0.0978333333333331,1984.875,-1.1332466666666683,-0.06801000000000101
precipitacao,12,1984,12,1985,12,DJF,-0.8766666666666669,0.16000000000000006,-0.45,-0.5030333333333336,1984.9583333333333,9.250000000000057,-25.009999999999877
temperatura,12,1984,12,1985,12,DJF,-0.8766666666666669,0.16000000000000006,-0.45,-0.5030333333333336,1984.9583333333333,-0.48435111111110984,-0.09855111111111015
precipitacao,12,1985,1,1986,1,JFM,-1.006666666666667,0.03333333333333341,-0.38766666666666677,-0.7648333333333336,1985.0416666666667,-26.12333333333339,162.63
temperatura,12,1985,1,1986,1,JFM,-1.006666666666667,0.03333333333333341,-0.38766666666666677,-0.7648333333333336,1985.0416666666667,-0.45137111111110784,0.15950111111111198
precipitacao,12,1985,2,1986,2,FMA,-0.976666666666667,0.0733333333333334,-0.4573333333333334,-0.684966666666667,1985.125,51.210000000000036,206.7266666666667
temperatura,12,1985,2,1986,2,FMA,-0.976666666666667,0.0733333333333334,-0.4573333333333334,-0.684966666666667,1985.125,-1.087176666666668,0.22279666666666742
precipitacao,12,1985,3,1986,3,MAM,-0.9066666666666671,0.006666666666666747,-0.545,-0.23763333333333356,1985.2083333333333,51.690000000000055,199.5333333333333
temperatura,12,1985,3,1986,3,MAM,-0.9066666666666671,0.006666666666666747,-0.545,-0.23763333333333356,1985.2083333333333,-1.1101844444444424,0.795462222222227
precipitacao,12,1985,4,1986,4,AMJ,-0.836666666666667,-0.039999999999999925,-0.4560000000000001,0.03779999999999978,1985.2916666666667,19.129999999999995,-33.44666666666666
temperatura,12,1985,4,1986,4,AMJ,-0.836666666666667,-0.039999999999999925,-0.4560000000000001,0.03779999999999978,1985.2916666666667,-0.4918988888888869,0.738341111111108
precipitacao,12,1985,5,1986,5,MJJ,-0.8133333333333338,-0.1566666666666666,-0.3213333333333334,-0.056066666666666896,1985.375,50.226666666666574,-19.670000000000016
temperatura,12,1985,5,1986,5,MJJ,-0.8133333333333338,-0.1566666666666666,-0.3213333333333334,-0.056066666666666896,1985.375,0.2634299999999996,0.2550300000000014
precipitacao,12,1985,6,1986,6,JJA,-0.7300000000000004,-0.1766666666666666,-0.35066666666666674,-0.1217666666666669,1985.4583333333333,-8.666666666666686,30.903333333333336
temperatura,12,1985,6,1986,6,JJA,-0.7300000000000004,-0.1766666666666666,-0.35066666666666674,-0.1217666666666669,1985.4583333333333,0.1681622222222252,-0.2518388888888907
precipitacao,12,1985,7,1986,7,JAS,-0.6100000000000004,-0.11666666666666659,-0.41866666666666674,0.505633333333333,1985.5416666666667,-20.24666666666664,46.66666666666666
temperatura,12,1985,7,1986,7,JAS,-0.6100000000000004,-0.11666666666666659,-0.41866666666666674,0.505633333333333,1985.5416666666667,-0.5298255555555578,-0.6092066666666618
precipitacao,12,1985,8,1986,8,ASO,-0.456666666666667,-0.11666666666666659,-0.4973333333333334,0.7259333333333332,1985.625,-105.97000000000003,-2.1500000000000057
temperatura,12,1985,8,1986,8,ASO,-0.456666666666667,-0.11666666666666659,-0.4973333333333334,0.7259333333333332,1985.625,-1.0525033333333322,-0.6424800000000026
precipitacao,12,1985,9,1986,9,SON,-0.3600000000000004,-0.06999999999999991,-0.36700000000000005,1.3385999999999998,1985.7083333333333,-80.59666666666666,-100.44999999999999
temperatura,12,1985,9,1986,9,SON,-0.3600000000000004,-0.06999999999999991,-0.36700000000000005,1.3385999999999998,1985.7083333333333,-0.6497055555555562,-0.2610177777777807
precipitacao,12,1985,10,1986,10,OND,-0.31333333333333374,-0.05999999999999991,-0.39833333333333343,0.8576333333333331,1985.7916666666667,-93.53333333333333,98.97666666666657
temperatura,12,1985,10,1986,10,OND,-0.31333333333333374,-0.05999999999999991,-0.39833333333333343,0.8576333333333331,1985.7916666666667,-0.20707333333333366,0.00596222222222309
precipitacao,12,1985,11,1986,11,NDJ,-0.296666666666667,-0.00666666666666658,-0.2206666666666667,1.020933333333333,1985.875,-99.85000000000002,128.61
temperatura,12,1985,11,1986,11,NDJ,-0.296666666666667,-0.00666666666666658,-0.2206666666666667,1.020933333333333,1985.875,0.17258666666666755,0.48735666666666333
precipitacao,12,1985,12,1986,12,DJF,-0.31333333333333374,0.04666666666666675,-0.2803333333333334,0.931933333333333,1985.9583333333333,-105.54999999999995,107.09000000000003
temperatura,12,1985,12,1986,12,DJF,-0.31333333333333374,0.04666666666666675,-0.2803333333333334,0.931933333333333,1985.9583333333333,-0.1163511111111113,-0.0801511111111104
precipitacao,12,1986,1,1987,1,JFM,-0.34666666666666707,-0.016666666666666583,-0.15200000000000005,0.8275999999999998,1986.0416666666667,-70.62333333333333,-165.16999999999996
temperatura,12,1986,1,1987,1,JFM,-0.34666666666666707,-0.016666666666666583,-0.15200000000000005,0.8275999999999998,1986.0416666666667,-0.21067111111111103,-0.1253322222222195
precipitacao,12,1986,2,1987,2,FMA,-0.38000000000000034,0.030000000000000086,-0.2216666666666667,-0.06330000000000029,1986.125,-62.389999999999986,-118.97333333333336
temperatura,12,1986,2,1987,2,FMA,-0.38000000000000034,0.030000000000000086,-0.2216666666666667,-0.06330000000000029,1986.125,-0.06801000000000101,-0.036103333333333154
precipitacao,12,1986,3,1987,3,MAM,-0.3433333333333337,0.033333333333333416,-0.1493333333333334,-0.7332666666666668,1986.2083333333333,-25.009999999999877,5.833333333333314
temperatura,12,1986,3,1987,3,MAM,-0.3433333333333337,0.033333333333333416,-0.1493333333333334,-0.7332666666666668,1986.2083333333333,-0.09855111111111015,-0.07107111111110953
precipitacao,12,1986,4,1987,4,AMJ,-0.26666666666666705,0.07000000000000009,-0.20700000000000007,-0.8147666666666669,1986.2916666666667,162.63,157.75333333333336
temperatura,12,1986,4,1987,4,AMJ,-0.26666666666666705,0.07000000000000009,-0.20700000000000007,-0.8147666666666669,1986.2916666666667,0.15950111111111198,-0.33735888888888965
precipitacao,12,1986,5,1987,5,MJJ,-0.17000000000000037,-0.023333333333333244,-0.2133333333333334,-0.9009666666666668,1986.375,206.7266666666667,92.72999999999999
temperatura,12,1986,5,1987,5,MJJ,-0.17000000000000037,-0.023333333333333244,-0.2133333333333334,-0.9009666666666668,1986.375,0.22279666666666742,-0.18533666666666448
precipitacao,12,1986,6,1987,6,JJA,-0.08000000000000038,-0.0033333333333332438,-0.23966666666666678,-0.8509000000000002,1986.4583333333333,199.5333333333333,16.30333333333334
temperatura,12,1986,6,1987,6,JJA,-0.08000000000000038,-0.0033333333333332438,-0.23966666666666678,-0.8509000000000002,1986.4583333333333,0.795462222222227,-0.38360555555555464
precipitacao,12,1986,7,1987,7,JAS,0.05666666666666629,-0.01333333333333324,-0.3263333333333334,-0.7922666666666668,1986.5416666666667,-33.44666666666666,-11.833333333333343
temperatura,12,1986,7,1987,7,JAS,0.05666666666666629,-0.01333333333333324,-0.3263333333333334,-0.7922666666666668,1986.5416666666667,0.738341111111108,-0.42097333333333253
precipitacao,12,1986,8,1987,8,ASO,0.23999999999999963,0.01666666666666676,-0.4086666666666668,-0.22906666666666678,1986.625,-19.670000000000016,121.34999999999997
temperatura,12,1986,8,1987,8,ASO,0.23999999999999963,0.01666666666666676,-0.4086666666666668,-0.22906666666666678,1986.625,0.2550300000000014,-1.066046666666665
precipitacao,12,1986,9,1987,9,SON,0.4466666666666663,0.03666666666666676,-0.36300000000000004,0.26029999999999986,1986.7083333333333,30.903333333333336,75.05000000000001
temperatura,12,1986,9,1987,9,SON,0.4466666666666663,0.03666666666666676,-0.36300000000000004,0.26029999999999986,1986.7083333333333,-0.2518388888888907,-0.717484444444441
precipitacao,12,1986,10,1987,10,OND,0.653333333333333,0.030000000000000086,-0.19700000000000006,0.3324666666666665,1986.7916666666667,46.66666666666666,54.97666666666663
temperatura,12,1986,10,1987,10,OND,0.653333333333333,0.030000000000000086,-0.19700000000000006,0.3324666666666665,1986.7916666666667,-0.6092066666666618,-0.23340444444444586
precipitacao,12,1986,11,1987,11,NDJ,0.853333333333333,-0.0899999999999999,-0.1443333333333334,0.3106333333333332,1986.875,-2.1500000000000057,-96.49000000000001
temperatura,12,1986,11,1987,11,NDJ,0.853333333333333,-0.0899999999999999,-0.1443333333333334,0.3106333333333332,1986.875,-0.6424800000000026,0.3576566666666636
precipitacao,12,1986,12,1987,12,DJF,1.043333333333333,-0.22333333333333324,-0.18833333333333344,0.32316666666666655,1986.9583333333333,-100.44999999999999,40.29000000000008
temperatura,12,1986,12,1987,12,DJF,1.043333333333333,-0.22333333333333324,-0.18833333333333344,0.32316666666666655,1986.9583333333333,-0.2610177777777807,-0.06851777777777812
precipitacao,12,1987,1,1988,1,JFM,1.1499999999999997,-0.30333333333333323,-0.1993333333333334,-0.09553333333333351,1987.0416666666667,98.97666666666657,19.029999999999973
temperatura,12,1987,1,1988,1,JFM,1.1499999999999997,-0.30333333333333323,-0.1993333333333334,-0.09553333333333351,1987.0416666666667,0.00596222222222309,0.04330111111111634
precipitacao,12,1987,2,1988,2,FMA,1.173333333333333,-0.24999999999999992,-0.10466666666666674,-0.2572666666666668,1987.125,128.61,203.2266666666667
temperatura,12,1987,2,1988,2,FMA,1.173333333333333,-0.24999999999999992,-0.10466666666666674,-0.2572666666666668,1987.125,0.48735666666666333,-0.4673033333333336
precipitacao,12,1987,3,1988,3,MAM,1.1099999999999997,-0.2299999999999999,-0.05933333333333341,-0.5969333333333335,1987.2083333333333,107.09000000000003,229.33333333333331
temperatura,12,1987,3,1988,3,MAM,1.1099999999999997,-0.2299999999999999,-0.05933333333333341,-0.5969333333333335,1987.2083333333333,-0.0801511111111104,-0.11283777777777715
precipitacao,12,1987,4,1988,4,AMJ,1.0299999999999996,-0.21333333333333324,-0.08466666666666674,-0.37533333333333346,1987.2916666666667,-165.16999999999996,251.15333333333334
temperatura,12,1987,4,1988,4,AMJ,1.0299999999999996,-0.21333333333333324,-0.08466666666666674,-0.37533333333333346,1987.2916666666667,-0.1253322222222195,-0.7732588888888898
precipitacao,12,1987,5,1988,5,MJJ,0.9699999999999998,-0.16999999999999993,-0.04333333333333341,-0.1265666666666668,1987.375,-118.97333333333336,96.92999999999998
temperatura,12,1987,5,1988,5,MJJ,0.9699999999999998,-0.16999999999999993,-0.04333333333333341,-0.1265666666666668,1987.375,-0.036103333333333154,-1.5601033333333323
precipitacao,12,1987,6,1988,6,JJA,0.9999999999999997,-0.07333333333333325,0.03899999999999992,-0.31630000000000014,1987.4583333333333,5.833333333333314,-52.79666666666667
temperatura,12,1987,6,1988,6,JJA,0.9999999999999997,-0.07333333333333325,0.03899999999999992,-0.31630000000000014,1987.4583333333333,-0.07107111111110953,-1.4605388888888875
precipitacao,12,1987,7,1988,7,JAS,1.1199999999999999,0.10000000000000009,0.15999999999999992,-0.7315333333333335,1987.5416666666667,157.75333333333336,-85.33333333333331
temperatura,12,1987,7,1988,7,JAS,1.1199999999999999,0.10000000000000009,0.15999999999999992,-0.7315333333333335,1987.5416666666667,-0.33735888888888965,-0.5901066666666637
precipitacao,12,1987,8,1988,8,ASO,1.2899999999999998,0.2000000000000001,0.20399999999999988,-0.2493333333333334,1987.625,92.72999999999999,16.149999999999977
temperatura,12,1987,8,1988,8,ASO,1.2899999999999998,0.2000000000000001,0.20399999999999988,-0.2493333333333334,1987.625,-0.18533666666666448,-0.23197999999999652
precipitacao,12,1987,9,1988,9,SON,1.4166666666666663,0.22000000000000008,0.2983333333333333,-0.28166666666666684,1987.7083333333333,16.30333333333334,-26.249999999999943
temperatura,12,1987,9,1988,9,SON,1.4166666666666663,0.22000000000000008,0.2983333333333333,-0.28166666666666684,1987.7083333333333,-0.38360555555555464,-0.6309177777777784
precipitacao,12,1987,10,1988,10,OND,1.4533333333333331,0.2000000000000001,0.3143333333333333,0.3805999999999998,1987.7916666666667,-11.833333333333343,-45.62333333333339
temperatura,12,1987,10,1988,10,OND,1.4533333333333331,0.2000000000000001,0.3143333333333333,0.3805999999999998,1987.7916666666667,-0.42097333333333253,-1.046504444444441
precipitacao,12,1987,11,1988,11,NDJ,1.3666666666666665,0.2700000000000001,0.19833333333333325,0.2389999999999998,1987.875,121.34999999999997,-176.68999999999994
temperatura,12,1987,11,1988,11,NDJ,1.3666666666666665,0.2700000000000001,0.19833333333333325,0.2389999999999998,1987.875,-1.066046666666665,-0.4565100000000015
precipitacao,12,1987,12,1988,12,DJF,1.203333333333333,0.25666666666666677,0.11833333333333325,0.5960666666666664,1987.9583333333333,75.05000000000001,22.389999999999986
temperatura,12,1987,12,1988,12,DJF,1.203333333333333,0.25666666666666677,0.11833333333333325,0.5960666666666664,1987.9583333333333,-0.717484444444441,-0.20205111111111052
precipitacao,12,1988,1,1989,1,JFM,0.943333333333333,0.29333333333333345,0.15133333333333324,0.24033333333333318,1988.0416666666667,54.97666666666663,50.73000000000002
temperatura,12,1988,1,1989,1,JFM,0.943333333333333,0.29333333333333345,0.15133333333333324,0.24033333333333318,1988.0416666666667,-0.23340444444444586,0.00010111111111399396
precipitacao,12,1988,2,1989,2,FMA,0.6666666666666664,0.27333333333333343,0.11699999999999992,0.0704666666666665,1988.125,-96.49000000000001,130.42666666666662
temperatura,12,1988,2,1989,2,FMA,0.6666666666666664,0.27333333333333343,0.11699999999999992,0.0704666666666665,1988.125,0.3576566666666636,0.10729666666667015
precipitacao,12,1988,3,1989,3,MAM,0.32333333333333303,0.37333333333333335,-0.03800000000000008,-0.09330000000000016,1988.2083333333333,40.29000000000008,-13.666666666666686
temperatura,12,1988,3,1989,3,MAM,0.32333333333333303,0.37333333333333335,-0.03800000000000008,-0.09330000000000016,1988.2083333333333,-0.06851777777777812,0.04796222222222468
precipitacao,12,1988,4,1989,4,AMJ,-0.03666666666666696,0.3666666666666667,-0.1983333333333334,0.08499999999999984,1988.2916666666667,19.029999999999973,9.153333333333336
temperatura,12,1988,4,1989,4,AMJ,-0.03666666666666696,0.3666666666666667,-0.1983333333333334,0.08499999999999984,1988.2916666666667,0.04330111111111634,-0.30532555555555874
precipitacao,12,1988,5,1989,5,MJJ,-0.49000000000000027,0.3600000000000001,-0.31800000000000006,-0.34813333333333346,1988.375,203.2266666666667,37.52999999999997
temperatura,12,1988,5,1989,5,MJJ,-0.49000000000000027,0.3600000000000001,-0.31800000000000006,-0.34813333333333346,1988.375,-0.4673033333333336,-1.0637366666666637
precipitacao,12,1988,6,1989,6,JJA,-0.9133333333333337,0.35666666666666674,-0.3043333333333334,-0.6267666666666668,1988.4583333333333,229.33333333333331,72.10333333333335
temperatura,12,1988,6,1989,6,JJA,-0.9133333333333337,0.35666666666666674,-0.3043333333333334,-0.6267666666666668,1988.4583333333333,-0.11283777777777715,-1.246938888888888
precipitacao,12,1988,7,1989,7,JAS,-1.196666666666667,0.33000000000000007,-0.31166666666666676,-0.40916666666666685,1988.5416666666667,251.15333333333334,98.56666666666663
temperatura,12,1988,7,1989,7,JAS,-1.196666666666667,0.33000000000000007,-0.31166666666666676,-0.40916666666666685,1988.5416666666667,-0.7732588888888898,-1.3932066666666643
precipitacao,12,1988,8,1989,8,ASO,-1.246666666666667,0.3066666666666667,-0.23700000000000007,-0.40793333333333354,1988.625,96.92999999999998,23.44999999999999
temperatura,12,1988,8,1989,8,ASO,-1.246666666666667,0.3066666666666667,-0.23700000000000007,-0.40793333333333354,1988.625,-1.5601033333333323,-1.7253799999999977
precipitacao,12,1988,9,1989,9,SON,-1.236666666666667,0.22000000000000008,-0.27766666666666673,-0.2858000000000002,1988.7083333333333,-52.79666666666667,2.75
temperatura,12,1988,9,1989,9,SON,-1.236666666666667,0.22000000000000008,-0.27766666666666673,-0.2858000000000002,1988.7083333333333,-1.4605388888888875,-1.6917177777777788
precipitacao,12,1988,10,1989,10,OND,-1.316666666666667,0.2033333333333334,-0.40266666666666673,-1.2491333333333337,1988.7916666666667,-85.33333333333331,-60.023333333333426
temperatura,12,1988,10,1989,10,OND,-1.316666666666667,0.2033333333333334,-0.40266666666666673,-1.2491333333333337,1988.7916666666667,-0.5901066666666637,-1.6009711111111073
precipitacao,12,1988,11,1989,11,NDJ,-1.5400000000000003,0.08666666666666674,-0.36766666666666675,-0.8671666666666669,1988.875,16.149999999999977,-74.49000000000001
temperatura,12,1988,11,1989,11,NDJ,-1.5400000000000003,0.08666666666666674,-0.36766666666666675,-0.8671666666666669,1988.875,-0.23197999999999652,-0.3378433333333355
precipitacao,12,1988,12,1989,12,DJF,-1.7333333333333336,0.01000000000000007,-0.18433333333333343,-0.27950000000000014,1988.9583333333333,-26.249999999999943,-88.80999999999995
temperatura,12,1988,12,1989,12,DJF,-1.7333333333333336,0.01000000000000007,-0.18433333333333343,-0.27950000000000014,1988.9583333333333,-0.6309177777777784,-0.0325511111111112
precipitacao,12,1989,1,1990,1,JFM,-1.7666666666666668,-0.013333333333333261,-0.10300000000000009,0.6979666666666665,1989.0416666666667,-45.62333333333339,-58.46999999999997
temperatura,12,1989,1,1990,1,JFM,-1.7666666666666668,-0.013333333333333261,-0.10300000000000009,0.6979666666666665,1989.0416666666667,-1.046504444444441,0.726567777777781
precipitacao,12,1989,2,1990,2,FMA,-1.6233333333333337,-0.009999999999999927,-0.056666666666666754,0.8472666666666665,1989.125,-176.68999999999994,41.42666666666662
temperatura,12,1989,2,1990,2,FMA,-1.6233333333333337,-0.009999999999999927,-0.056666666666666754,0.8472666666666665,1989.125,-0.4565100000000015,0.9502966666666701
precipitacao,12,1989,3,1990,3,MAM,-1.37,0.013333333333333407,-0.21500000000000008,0.6997999999999998,1989.2083333333333,22.389999999999986,58.833333333333314
temperatura,12,1989,3,1990,3,MAM,-1.37,0.013333333333333407,-0.21500000000000008,0.6997999999999998,1989.2083333333333,-0.20205111111111052,0.7193622222222231
precipitacao,12,1989,4,1990,4,AMJ,-1.106666666666667,-0.019999999999999924,-0.28133333333333344,0.3026333333333332,1989.2916666666667,50.73000000000002,13.953333333333347
temperatura,12,1989,4,1990,4,AMJ,-1.106666666666667,-0.019999999999999924,-0.28133333333333344,0.3026333333333332,1989.2916666666667,0.00010111111111399396,0.11944111111111155
precipitacao,12,1989,5,1990,5,MJJ,-0.8500000000000002,-0.009999999999999926,-0.46433333333333343,0.9165333333333331,1989.375,130.42666666666662,44.329999999999956
temperatura,12,1989,5,1990,5,MJJ,-0.8500000000000002,-0.009999999999999926,-0.46433333333333343,0.9165333333333331,1989.375,0.10729666666667015,-0.9899366666666634
precipitacao,12,1989,6,1990,6,JJA,-0.6200000000000002,-0.009999999999999926,-0.618,1.3707666666666665,1989.4583333333333,-13.666666666666686,84.70333333333335
temperatura,12,1989,6,1990,6,JJA,-0.6200000000000002,-0.009999999999999926,-0.618,1.3707666666666665,1989.4583333333333,0.04796222222222468,-1.3312388888888869
precipitacao,12,1989,7,1990,7,JAS,-0.46000000000000024,-0.0033333333333332594,-0.6070000000000001,2.0476666666666663,1989.5416666666667,9.153333333333336,135.66666666666666
temperatura,12,1989,7,1990,7,JAS,-0.46000000000000024,-0.0033333333333332594,-0.6070000000000001,2.0476666666666663,1989.5416666666667,-0.30532555555555874,-1.8963733333333312
precipitacao,12,1989,8,1990,8,ASO,-0.3766666666666669,0.06333333333333341,-0.5160000000000001,1.1068333333333331,1989.625,37.52999999999997,87.44999999999999
temperatura,12,1989,8,1990,8,ASO,-0.3766666666666669,0.06333333333333341,-0.5160000000000001,1.1068333333333331,1989.625,-1.0637366666666637,-1.250046666666666
precipitacao,12,1989,9,1990,9,SON,-0.35333333333333367,0.08333333333333341,-0.3306666666666667,0.4014999999999998,1989.7083333333333,72.10333333333335,21.650000000000034
temperatura,12,1989,9,1990,9,SON,-0.35333333333333367,0.08333333333333341,-0.3306666666666667,0.4014999999999998,1989.7083333333333,-1.246938888888888,0.0002822222222214066
precipitacao,12,1989,10,1990,10,OND,-0.31333333333333363,0.1033333333333334,-0.31900000000000006,-0.03910000000000014,1989.7916666666667,98.56666666666663,-64.62333333333339
temperatura,12,1989,10,1990,10,OND,-0.31333333333333363,0.1033333333333334,-0.31900000000000006,-0.03910000000000014,1989.7916666666667,-1.3932066666666643,0.6393288888888904
precipitacao,12,1989,11,1990,11,NDJ,-0.23333333333333361,-0.039999999999999925,-0.3246666666666667,0.1955333333333332,1989.875,23.44999999999999,95.40999999999997
temperatura,12,1989,11,1990,11,NDJ,-0.23333333333333361,-0.039999999999999925,-0.3246666666666667,0.1955333333333332,1989.875,-1.7253799999999977,0.15189000000000163
precipitacao,12,1989,12,1990,12,DJF,-0.13666666666666696,-0.2299999999999999,-0.30566666666666675,0.0875999999999998,1989.9583333333333,2.75,154.3900000000001
temperatura,12,1989,12,1990,12,DJF,-0.13666666666666696,-0.2299999999999999,-0.30566666666666675,0.0875999999999998,1989.9583333333333,-1.6917177777777788,-0.8845844444444424
precipitacao,12,1990,1,1991,1,JFM,0.006666666666666367,-0.47666666666666657,-0.20133333333333345,-0.07503333333333352,1990.0416666666667,-60.023333333333426,269.03
temperatura,12,1990,1,1991,1,JFM,0.006666666666666367,-0.47666666666666657,-0.20133333333333345,-0.07503333333333352,1990.0416666666667,-1.6009711111111073,-0.9222322222222203
precipitacao,12,1990,2,1991,2,FMA,0.1099999999999997,-0.4433333333333333,-0.18500000000000005,0.1178666666666665,1990.125,-74.49000000000001,123.22666666666669
temperatura,12,1990,2,1991,2,FMA,0.1099999999999997,-0.4433333333333333,-0.18500000000000005,0.1178666666666665,1990.125,-0.3378433333333355,-0.6499033333333308
precipitacao,12,1990,3,1991,3,MAM,0.22333333333333302,-0.28333333333333327,-0.17700000000000005,0.40426666666666655,1990.2083333333333,-88.80999999999995,97.93333333333334
temperatura,12,1990,3,1991,3,MAM,0.22333333333333302,-0.28333333333333327,-0.17700000000000005,0.40426666666666655,1990.2083333333333,-0.0325511111111112,-0.23527111111111054
precipitacao,12,1990,4,1991,4,AMJ,0.253333333333333,-0.04333333333333326,-0.27233333333333337,-0.10456666666666677,1990.2916666666667,-58.46999999999997,85.95333333333329
temperatura,12,1990,4,1991,4,AMJ,0.253333333333333,-0.04333333333333326,-0.27233333333333337,-0.10456666666666677,1990.2916666666667,0.726567777777781,0.1877077777777778
precipitacao,12,1990,5,1991,5,MJJ,0.27333333333333304,-0.12999999999999992,-0.2923333333333334,-1.0892666666666668,1990.375,41.42666666666662,31.529999999999973
temperatura,12,1990,5,1991,5,MJJ,0.27333333333333304,-0.12999999999999992,-0.2923333333333334,-1.0892666666666668,1990.375,0.9502966666666701,-0.018636666666665747
precipitacao,12,1990,6,1991,6,JJA,0.2566666666666664,-0.19666666666666657,-0.434,-1.1963000000000001,1990.4583333333333,58.833333333333314,22.203333333333347
temperatura,12,1990,6,1991,6,JJA,0.2566666666666664,-0.19666666666666657,-0.434,-1.1963000000000001,1990.4583333333333,0.7193622222222231,-0.11800555555555547
precipitacao,12,1990,7,1991,7,JAS,0.253333333333333,-0.33333333333333326,-0.38766666666666677,-0.9751333333333335,1990.5416666666667,13.953333333333347,-21.03333333333333
temperatura,12,1990,7,1991,7,JAS,0.253333333333333,-0.33333333333333326,-0.38766666666666677,-0.9751333333333335,1990.5416666666667,0.11944111111111155,-0.7409399999999984
precipitacao,12,1990,8,1991,8,ASO,0.2766666666666664,-0.3099999999999999,-0.40166666666666667,-0.21876666666666686,1990.625,44.329999999999956,21.55000000000001
temperatura,12,1990,8,1991,8,ASO,0.2766666666666664,-0.3099999999999999,-0.40166666666666667,-0.21876666666666686,1990.625,-0.9899366666666634,-0.645146666666669
precipitacao,12,1990,9,1991,9,SON,0.2966666666666664,-0.3066666666666666,-0.27333333333333343,0.24406666666666652,1990.7083333333333,84.70333333333335,-25.349999999999966
temperatura,12,1990,9,1991,9,SON,0.2966666666666664,-0.3066666666666666,-0.27333333333333343,0.24406666666666652,1990.7083333333333,-1.3312388888888869,-0.5527844444444447
precipitacao,12,1990,10,1991,10,OND,0.29999999999999977,-0.2266666666666666,-0.3063333333333334,0.6954333333333332,1990.7916666666667,135.66666666666666,-34.32333333333338
temperatura,12,1990,10,1991,10,OND,0.29999999999999977,-0.2266666666666666,-0.3063333333333334,0.6954333333333332,1990.7916666666667,-1.8963733333333312,0.051262222222220544
precipitacao,12,1990,11,1991,11,NDJ,0.29666666666666636,-0.11999999999999993,-0.20766666666666675,0.4205333333333332,1990.875,87.44999999999999,-28.789999999999964
temperatura,12,1990,11,1991,11,NDJ,0.29666666666666636,-0.11999999999999993,-0.20766666666666675,0.4205333333333332,1990.875,-1.250046666666666,-0.05551000000000528
precipitacao,12,1990,12,1991,12,DJF,0.3066666666666664,-0.05999999999999992,-0.14566666666666675,-0.17723333333333346,1990.9583333333333,21.650000000000034,-27.1099999999999
temperatura,12,1990,12,1991,12,DJF,0.3066666666666664,-0.05999999999999992,-0.14566666666666675,-0.17723333333333346,1990.9583333333333,0.0002822222222214066,-0.09461777777777769
precipitacao,12,1991,1,1992,1,JFM,0.33333333333333304,-0.0866666666666666,-0.009000000000000072,0.06606666666666654,1991.0416666666667,-64.62333333333339,-27.16999999999996
temperatura,12,1991,1,1992,1,JFM,0.33333333333333304,-0.0866666666666666,-0.009000000000000072,0.06606666666666654,1991.0416666666667,0.6393288888888904,-0.15269888888888516
precipitacao,12,1991,2,1992,2,FMA,0.3166666666666664,-0.14999999999999994,-0.00966666666666674,-0.0981666666666668,1991.125,95.40999999999997,-65.87333333333333
temperatura,12,1991,2,1992,2,FMA,0.3166666666666664,-0.14999999999999994,-0.00966666666666674,-0.0981666666666668,1991.125,0.15189000000000163,0.09866333333333799
precipitacao,12,1991,3,1992,3,MAM,0.27999999999999975,-0.20666666666666658,-0.023000000000000076,0.17983333333333318,1991.2083333333333,154.3900000000001,59.43333333333334
temperatura,12,1991,3,1992,3,MAM,0.27999999999999975,-0.20666666666666658,-0.023000000000000076,0.17983333333333318,1991.2083333333333,-0.8845844444444424,0.5147288888888895
precipitacao,12,1991,4,1992,4,AMJ,0.25999999999999973,-0.1366666666666666,0.05133333333333325,-0.32293333333333346,1991.2916666666667,269.03,5.453333333333347
temperatura,12,1991,4,1992,4,AMJ,0.25999999999999973,-0.1366666666666666,0.05133333333333325,-0.32293333333333346,1991.2916666666667,-0.9222322222222203,0.7742744444444405
precipitacao,12,1991,5,1992,5,MJJ,0.3366666666666664,-0.02333333333333325,0.20999999999999994,-0.2185666666666668,1991.375,123.22666666666669,114.53
temperatura,12,1991,5,1992,5,MJJ,0.3366666666666664,-0.02333333333333325,0.20999999999999994,-0.2185666666666668,1991.375,-0.6499033333333308,0.5265300000000046
precipitacao,12,1991,6,1992,6,JJA,0.46999999999999975,0.09000000000000008,0.3099999999999999,-0.7775333333333334,1991.4583333333333,97.93333333333334,40.80333333333337
temperatura,12,1991,6,1992,6,JJA,0.46999999999999975,0.09000000000000008,0.3099999999999999,-0.7775333333333334,1991.4583333333333,-0.23527111111111054,-0.4029388888888903
precipitacao,12,1991,7,1992,7,JAS,0.6299999999999998,0.02333333333333341,0.3036666666666666,-0.9711333333333334,1991.5416666666667,85.95333333333329,99.06666666666669
temperatura,12,1991,7,1992,7,JAS,0.6299999999999998,0.02333333333333341,0.3036666666666666,-0.9711333333333334,1991.5416666666667,0.1877077777777778,-1.2825399999999973
precipitacao,12,1991,8,1992,8,ASO,0.6899999999999998,-0.19666666666666663,0.19666666666666663,-0.7797666666666668,1991.625,31.529999999999973,37.75
temperatura,12,1991,8,1992,8,ASO,0.6899999999999998,-0.19666666666666663,0.19666666666666663,-0.7797666666666668,1991.625,-0.018636666666665747,-1.281413333333333
precipitacao,12,1991,9,1992,9,SON,0.7199999999999998,-0.41,0.14199999999999993,-0.5659000000000002,1991.7083333333333,22.203333333333347,-8.25
temperatura,12,1991,9,1992,9,SON,0.7199999999999998,-0.41,0.14199999999999993,-0.5659000000000002,1991.7083333333333,-0.11800555555555547,-0.9644177777777792
precipitacao,12,1991,10,1992,10,OND,0.7399999999999998,-0.5399999999999999,0.041999999999999926,-0.36690000000000017,1991.7916666666667,-21.03333333333333,-6.223333333333358
temperatura,12,1991,10,1992,10,OND,0.7399999999999998,-0.5399999999999999,0.041999999999999926,-0.36690000000000017,1991.7916666666667,-0.7409399999999984,-0.85747111111111
precipitacao,12,1991,11,1992,11,NDJ,0.9099999999999996,-0.5399999999999999,0.03599999999999993,-0.6468000000000002,1991.875,21.55000000000001,-104.68999999999994
temperatura,12,1991,11,1992,11,NDJ,0.9099999999999996,-0.5399999999999999,0.03599999999999993,-0.6468000000000002,1991.875,-0.645146666666669,-0.4814433333333348
precipitacao,12,1991,12,1992,12,DJF,1.1466666666666663,-0.48333333333333334,0.030999999999999927,-1.1649666666666667,1991.9583333333333,-25.349999999999966,-4.209999999999923
temperatura,12,1991,12,1992,12,DJF,1.1466666666666663,-0.48333333333333334,0.030999999999999927,-1.1649666666666667,1991.9583333333333,-0.5527844444444447,-0.5453177777777825
precipitacao,12,1992,1,1993,1,JFM,1.3833333333333329,-0.48999999999999994,-0.06566666666666675,-0.9330333333333335,1992.0416666666667,-34.32333333333338,-13.86999999999989
temperatura,12,1992,1,1993,1,JFM,1.3833333333333329,-0.48999999999999994,-0.06566666666666675,-0.9330333333333335,1992.0416666666667,0.051262222222220544,-0.0012322222222209689
precipitacao,12,1992,2,1993,2,FMA,1.4899999999999995,-0.49333333333333335,-0.2083333333333334,-1.2072333333333336,1992.125,-28.789999999999964,87.92666666666662
temperatura,12,1992,2,1993,2,FMA,1.4899999999999995,-0.49333333333333335,-0.2083333333333334,-1.2072333333333336,1992.125,-0.05551000000000528,0.026763333333335027
precipitacao,12,1992,3,1993,3,MAM,1.4799999999999998,-0.6266666666666666,-0.46000000000000013,-0.8548333333333336,1992.2083333333333,-27.1099999999999,48.93333333333334
temperatura,12,1992,3,1993,3,MAM,1.4799999999999998,-0.6266666666666666,-0.46000000000000013,-0.8548333333333336,1992.2083333333333,-0.09461777777777769,0.3569622222222222
precipitacao,12,1992,4,1993,4,AMJ,1.3999999999999997,-0.7166666666666667,-0.5373333333333334,-1.0254666666666667,1992.2916666666667,-27.16999999999996,39.55333333333334
temperatura,12,1992,4,1993,4,AMJ,1.3999999999999997,-0.7166666666666667,-0.5373333333333334,-1.0254666666666667,1992.2916666666667,-0.15269888888888516,-0.08522555555555655
precipitacao,12,1992,5,1993,5,MJJ,1.2599999999999998,-0.8766666666666666,-0.5910000000000001,-1.1605333333333334,1992.375,-65.87333333333333,1.629999999999967
temperatura,12,1992,5,1993,5,MJJ,1.2599999999999998,-0.8766666666666666,-0.5910000000000001,-1.1605333333333334,1992.375,0.09866333333333799,-0.034336666666664684
precipitacao,12,1992,6,1993,6,JJA,1.033333333333333,-1.0,-0.6543333333333335,-1.5548666666666666,1992.4583333333333,59.43333333333334,-9.49666666666667
temperatura,12,1992,6,1993,6,JJA,1.033333333333333,-1.0,-0.6543333333333335,-1.5548666666666666,1992.4583333333333,0.5147288888888895,-0.6186388888888885
precipitacao,12,1992,7,1993,7,JAS,0.7166666666666663,-0.9933333333333333,-0.6296666666666667,-1.5971666666666666,1992.5416666666667,5.453333333333347,78.06666666666669
temperatura,12,1992,7,1993,7,JAS,0.7166666666666663,-0.9933333333333333,-0.6296666666666667,-1.5971666666666666,1992.5416666666667,0.7742744444444405,-0.6726733333333286
precipitacao,12,1992,8,1993,8,ASO,0.3833333333333329,-0.9433333333333334,-0.7026666666666669,-1.0363333333333333,1992.625,114.53,74.55000000000001
temperatura,12,1992,8,1993,8,ASO,0.3833333333333329,-0.9433333333333334,-0.7026666666666669,-1.0363333333333333,1992.625,0.5265300000000046,-0.7188133333333333
precipitacao,12,1992,9,1993,9,SON,0.09333333333333295,-0.8066666666666666,-0.6933333333333334,-0.16023333333333334,1992.7083333333333,40.80333333333337,38.25000000000006
temperatura,12,1992,9,1993,9,SON,0.09333333333333295,-0.8066666666666666,-0.6933333333333334,-0.16023333333333334,1992.7083333333333,-0.4029388888888903,0.344748888888887
precipitacao,12,1992,10,1993,10,OND,-0.09666666666666705,-0.7666666666666666,-0.7426666666666667,-0.07796666666666667,1992.7916666666667,99.06666666666669,-107.52333333333337
temperatura,12,1992,10,1993,10,OND,-0.09666666666666705,-0.7666666666666666,-0.7426666666666667,-0.07796666666666667,1992.7916666666667,-1.2825399999999973,0.6719288888888926
precipitacao,12,1992,11,1993,11,NDJ,-0.2033333333333337,-0.8033333333333332,-0.6200000000000001,0.07913333333333333,1992.875,37.75,-151.78999999999996
temperatura,12,1992,11,1993,11,NDJ,-0.2033333333333337,-0.8033333333333332,-0.6200000000000001,0.07913333333333333,1992.875,-1.281413333333333,0.23179000000000016
precipitacao,12,1992,12,1993,12,DJF,-0.17000000000000037,-0.7799999999999999,-0.4476666666666667,0.015333333333333329,1992.9583333333333,-8.25,-101.80999999999995
temperatura,12,1992,12,1993,12,DJF,-0.17000000000000037,-0.7799999999999999,-0.4476666666666667,0.015333333333333329,1992.9583333333333,-0.9644177777777792,0.21991555555555564
precipitacao,12,1993,1,1994,1,JFM,-0.05333333333333371,-0.7299999999999999,-0.3040000000000001,-0.5517333333333333,1993.0416666666667,-6.223333333333358,-57.870000000000005
temperatura,12,1993,1,1994,1,JFM,-0.05333333333333371,-0.7299999999999999,-0.3040000000000001,-0.5517333333333333,1993.0416666666667,-0.85747111111111,0.027434444444445205
precipitacao,12,1993,2,1994,2,FMA,0.12999999999999964,-0.5366666666666666,-0.15900000000000006,-0.4466666666666666,1993.125,-104.68999999999994,42.22666666666669
temperatura,12,1993,2,1994,2,FMA,0.12999999999999964,-0.5366666666666666,-0.15900000000000006,-0.4466666666666666,1993.125,-0.4814433333333348,0.14796333333333678
precipitacao,12,1993,3,1994,3,MAM,0.31333333333333296,-0.4733333333333332,-0.15200000000000008,-0.6537333333333333,1993.2083333333333,-4.209999999999923,80.43333333333334
temperatura,12,1993,3,1994,3,MAM,0.31333333333333296,-0.4733333333333332,-0.15200000000000008,-0.6537333333333333,1993.2083333333333,-0.5453177777777825,0.06989555555555427
precipitacao,12,1993,4,1994,4,AMJ,0.5133333333333329,-0.3133333333333333,-0.14700000000000008,0.04886666666666667,1993.2916666666667,-13.86999999999989,96.15333333333334
temperatura,12,1993,4,1994,4,AMJ,0.5133333333333329,-0.3133333333333333,-0.14700000000000008,0.04886666666666667,1993.2916666666667,-0.0012322222222209689,-0.03262555555555835
precipitacao,12,1993,5,1994,5,MJJ,0.663333333333333,-0.2899999999999999,-0.16766666666666674,0.32316666666666666,1993.375,87.92666666666662,79.72999999999999
temperatura,12,1993,5,1994,5,MJJ,0.663333333333333,-0.2899999999999999,-0.16766666666666674,0.32316666666666666,1993.375,0.026763333333335027,0.04296333333333635
precipitacao,12,1993,6,1994,6,JJA,0.683333333333333,-0.2566666666666666,-0.10533333333333343,0.855,1993.4583333333333,48.93333333333334,0.20333333333334735
temperatura,12,1993,6,1994,6,JJA,0.683333333333333,-0.2566666666666666,-0.10533333333333343,0.855,1993.4583333333333,0.3569622222222222,-0.6736055555555538
precipitacao,12,1993,7,1994,7,JAS,0.5333333333333329,-0.2899999999999999,-0.09566666666666675,1.4783000000000002,1993.5416666666667,39.55333333333334,-84.63333333333333
temperatura,12,1993,7,1994,7,JAS,0.5333333333333329,-0.2899999999999999,-0.09566666666666675,1.4783000000000002,1993.5416666666667,-0.08522555555555655,-0.053206666666664404
precipitacao,12,1993,8,1994,8,ASO,0.353333333333333,-0.2366666666666666,-0.18866666666666676,1.4193,1993.625,1.629999999999967,-110.85000000000002
temperatura,12,1993,8,1994,8,ASO,0.353333333333333,-0.2366666666666666,-0.18866666666666676,1.4193,1993.625,-0.034336666666664684,0.4092199999999977
precipitacao,12,1993,9,1994,9,SON,0.23333333333333295,-0.02333333333333326,-0.2093333333333334,1.367,1993.7083333333333,-9.49666666666667,-71.35000000000002
temperatura,12,1993,9,1994,9,SON,0.23333333333333295,-0.02333333333333326,-0.2093333333333334,1.367,1993.7083333333333,-0.6186388888888885,0.93688222222222
precipitacao,12,1993,10,1994,10,OND,0.20666666666666625,0.2033333333333334,-0.21066666666666678,0.964,1993.7916666666667,78.06666666666669,51.27666666666664
temperatura,12,1993,10,1994,10,OND,0.20666666666666625,0.2033333333333334,-0.21066666666666678,0.964,1993.7916666666667,-0.6726733333333286,0.9413622222222244
precipitacao,12,1993,11,1994,11,NDJ,0.2,0.44666666666666677,-0.15833333333333344,0.7109333333333333,1993.875,74.55000000000001,82.40999999999997
temperatura,12,1993,11,1994,11,NDJ,0.2,0.44666666666666677,-0.15833333333333344,0.7109333333333333,1993.875,-0.7188133333333333,0.8980233333333345
precipitacao,12,1993,12,1994,12,DJF,0.19666666666666624,0.42666666666666675,-0.17033333333333342,0.6999666666666666,1993.9583333333333,38.25000000000006,292.4900000000001
temperatura,12,1993,12,1994,12,DJF,0.19666666666666624,0.42666666666666675,-0.17033333333333342,0.6999666666666666,1993.9583333333333,0.344748888888887,0.5590155555555576
precipitacao,12,1994,1,1995,1,JFM,0.15333333333333296,0.2666666666666667,-0.11000000000000008,0.6915,1994.0416666666667,-107.52333333333337,243.42999999999995
temperatura,12,1994,1,1995,1,JFM,0.15333333333333296,0.2666666666666667,-0.11000000000000008,0.6915,1994.0416666666667,0.6719288888888926,0.24073444444444903
precipitacao,12,1994,2,1995,2,FMA,0.08666666666666627,0.030000000000000065,-0.1090000000000001,0.9692666666666666,1994.125,-151.78999999999996,223.52666666666664
temperatura,12,1994,2,1995,2,FMA,0.08666666666666627,0.030000000000000065,-0.1090000000000001,0.9692666666666666,1994.125,0.23179000000000016,-0.3021033333333314
precipitacao,12,1994,3,1995,3,MAM,0.036666666666666264,-0.08333333333333327,0.026999999999999913,0.8576666666666668,1994.2083333333333,-101.80999999999995,37.633333333333326
temperatura,12,1994,3,1995,3,MAM,0.036666666666666264,-0.08333333333333327,0.026999999999999913,0.8576666666666668,1994.2083333333333,0.21991555555555564,-0.1859377777777773
precipitacao,12,1994,4,1995,4,AMJ,0.0699999999999996,-0.12333333333333325,0.13566666666666657,0.5992666666666667,1994.2916666666667,-57.870000000000005,7.753333333333359
temperatura,12,1994,4,1995,4,AMJ,0.0699999999999996,-0.12333333333333325,0.13566666666666657,0.5992666666666667,1994.2916666666667,0.027434444444445205,-0.16219222222222385
precipitacao,12,1994,5,1995,5,MJJ,0.15333333333333293,-0.15333333333333327,0.3656666666666666,0.1627,1994.375,42.22666666666669,45.22999999999999
temperatura,12,1994,5,1995,5,MJJ,0.15333333333333293,-0.15333333333333327,0.3656666666666666,0.1627,1994.375,0.14796333333333678,0.41976333333333216
precipitacao,12,1994,6,1995,6,JJA,0.21666666666666626,-0.28333333333333327,0.44266666666666654,-0.6290333333333333,1994.4583333333333,80.43333333333334,19.80333333333334
temperatura,12,1994,6,1995,6,JJA,0.21666666666666626,-0.28333333333333327,0.44266666666666654,-0.6290333333333333,1994.4583333333333,0.06989555555555427,0.9365277777777763
precipitacao,12,1994,7,1995,7,JAS,0.2599999999999996,-0.4133333333333333,0.5113333333333333,-0.7756,1994.5416666666667,96.15333333333334,35.666666666666686
temperatura,12,1994,7,1995,7,JAS,0.2599999999999996,-0.4133333333333333,0.5113333333333333,-0.7756,1994.5416666666667,-0.03262555555555835,0.9535933333333375
precipitacao,12,1994,8,1995,8,ASO,0.27666666666666623,-0.45999999999999996,0.6003333333333333,-0.08806666666666674,1994.625,79.72999999999999,144.64999999999998
temperatura,12,1994,8,1995,8,ASO,0.27666666666666623,-0.45999999999999996,0.6003333333333333,-0.08806666666666674,1994.625,0.04296333333333635,0.09665333333333237
precipitacao,12,1994,9,1995,9,SON,0.35666666666666624,-0.39666666666666656,0.6323333333333333,0.1569,1994.7083333333333,0.20333333333334735,83.85000000000002
temperatura,12,1994,9,1995,9,SON,0.35666666666666624,-0.39666666666666656,0.6323333333333333,0.1569,1994.7083333333333,-0.6736055555555538,-0.6072177777777803
precipitacao,12,1994,10,1995,10,OND,0.4766666666666663,-0.31333333333333324,0.6823333333333332,0.1283666666666667,1994.7916666666667,-84.63333333333333,28.076666666666597
temperatura,12,1994,10,1995,10,OND,0.4766666666666663,-0.31333333333333324,0.6823333333333332,0.1283666666666667,1994.7916666666667,-0.053206666666664404,-0.8181377777777783
precipitacao,12,1994,11,1995,11,NDJ,0.6866666666666662,-0.2266666666666666,0.5076666666666666,-0.7724666666666667,1994.875,-110.85000000000002,-104.08999999999997
temperatura,12,1994,11,1995,11,NDJ,0.6866666666666662,-0.2266666666666666,0.5076666666666666,-0.7724666666666667,1994.875,0.4092199999999977,-0.1388766666666683
precipitacao,12,1994,12,1995,12,DJF,0.8533333333333329,-0.14999999999999994,0.4189999999999999,-0.14589999999999995,1994.9583333333333,-71.35000000000002,-17.209999999999923
temperatura,12,1994,12,1995,12,DJF,0.8533333333333329,-0.14999999999999994,0.4189999999999999,-0.14589999999999995,1994.9583333333333,0.93688222222222,0.03178222222221905
precipitacao,12,1995,1,1996,1,JFM,0.9266666666666663,-0.03666666666666659,0.2296666666666666,0.5295333333333333,1995.0416666666667,51.27666666666664,86.02999999999997
temperatura,12,1995,1,1996,1,JFM,0.9266666666666663,-0.03666666666666659,0.2296666666666666,0.5295333333333333,1995.0416666666667,0.9413622222222244,0.3070677777777817
precipitacao,12,1995,2,1996,2,FMA,0.8333333333333329,0.11333333333333341,0.18866666666666662,0.9713666666666665,1995.125,82.40999999999997,82.62666666666661
temperatura,12,1995,2,1996,2,FMA,0.8333333333333329,0.11333333333333341,0.18866666666666662,0.9713666666666665,1995.125,0.8980233333333345,0.07906333333333748
precipitacao,12,1995,3,1996,3,MAM,0.663333333333333,0.2666666666666668,0.08433333333333326,0.609,1995.2083333333333,292.4900000000001,77.93333333333334
temperatura,12,1995,3,1996,3,MAM,0.663333333333333,0.2666666666666668,0.08433333333333326,0.609,1995.2083333333333,0.5590155555555576,-0.15927111111111003
precipitacao,12,1995,4,1996,4,AMJ,0.43333333333333296,0.3400000000000001,-0.035666666666666735,0.3424333333333333,1995.2916666666667,243.42999999999995,12.953333333333347
temperatura,12,1995,4,1996,4,AMJ,0.43333333333333296,0.3400000000000001,-0.035666666666666735,0.3424333333333333,1995.2916666666667,0.24073444444444903,-0.5636922222222225
precipitacao,12,1995,5,1996,5,MJJ,0.22666666666666632,0.3066666666666667,-0.17400000000000007,0.6303666666666666,1995.375,223.52666666666664,-14.770000000000039
temperatura,12,1995,5,1996,5,MJJ,0.22666666666666632,0.3066666666666667,-0.17400000000000007,0.6303666666666666,1995.375,-0.3021033333333314,-1.1589366666666638
precipitacao,12,1995,6,1996,6,JJA,0.0366666666666663,0.28666666666666674,-0.18333333333333338,0.41449999999999987,1995.4583333333333,37.633333333333326,-41.29666666666665
temperatura,12,1995,6,1996,6,JJA,0.0366666666666663,0.28666666666666674,-0.18333333333333338,0.41449999999999987,1995.4583333333333,-0.1859377777777773,-1.2453722222222208
precipitacao,12,1995,7,1996,7,JAS,-0.12666666666666704,0.22000000000000008,-0.16600000000000006,-0.8050000000000002,1995.5416666666667,7.753333333333359,48.166666666666686
temperatura,12,1995,7,1996,7,JAS,-0.12666666666666704,0.22000000000000008,-0.16600000000000006,-0.8050000000000002,1995.5416666666667,-0.16219222222222385,-1.3627399999999987
precipitacao,12,1995,8,1996,8,ASO,-0.3200000000000004,0.0533333333333334,-0.1303333333333334,-1.5027333333333335,1995.625,45.22999999999999,109.24999999999994
temperatura,12,1995,8,1996,8,ASO,-0.3200000000000004,0.0533333333333334,-0.1303333333333334,-1.5027333333333335,1995.625,0.41976333333333216,-0.9347133333333346
precipitacao,12,1995,9,1996,9,SON,-0.5533333333333338,-0.11999999999999994,-0.16433333333333341,-0.8443000000000002,1995.7083333333333,19.80333333333334,147.35000000000002
temperatura,12,1995,9,1996,9,SON,-0.5533333333333338,-0.11999999999999994,-0.16433333333333341,-0.8443000000000002,1995.7083333333333,0.9365277777777763,-0.872784444444445
precipitacao,12,1995,10,1996,10,OND,-0.776666666666667,-0.23999999999999996,-0.23033333333333342,0.13993333333333316,1995.7916666666667,35.666666666666686,120.67666666666662
temperatura,12,1995,10,1996,10,OND,-0.776666666666667,-0.23999999999999996,-0.23033333333333342,0.13993333333333316,1995.7916666666667,0.9535933333333375,-0.3888377777777734
precipitacao,12,1995,11,1996,11,NDJ,-0.9433333333333337,-0.17333333333333326,-0.28066666666666673,0.4197333333333331,1995.875,144.64999999999998,114.50999999999999
temperatura,12,1995,11,1996,11,NDJ,-0.9433333333333337,-0.17333333333333326,-0.28066666666666673,0.4197333333333331,1995.875,0.09665333333333237,-0.3042100000000012
precipitacao,12,1995,12,1996,12,DJF,-1.0100000000000005,-0.19666666666666663,-0.19066666666666676,0.5185333333333332,1995.9583333333333,83.85000000000002,15.190000000000055
temperatura,12,1995,12,1996,12,DJF,-1.0100000000000005,-0.19666666666666663,-0.19066666666666676,0.5185333333333332,1995.9583333333333,-0.6072177777777803,-0.050684444444446086
precipitacao,12,1996,1,1997,1,JFM,-0.9800000000000004,-0.15666666666666662,-0.07533333333333342,0.6482333333333332,1996.0416666666667,28.076666666666597,-117.67000000000002
temperatura,12,1996,1,1997,1,JFM,-0.9800000000000004,-0.15666666666666662,-0.07533333333333342,0.6482333333333332,1996.0416666666667,-0.8181377777777783,-0.45176555555555353
precipitacao,12,1996,2,1997,2,FMA,-0.8633333333333337,-0.08333333333333327,0.011999999999999905,0.4255999999999998,1996.125,-104.08999999999997,-138.7733333333333
temperatura,12,1996,2,1997,2,FMA,-0.8633333333333337,-0.08333333333333327,0.011999999999999905,0.4255999999999998,1996.125,-0.1388766666666683,-0.6640033333333335
precipitacao,12,1996,3,1997,3,MAM,-0.7000000000000003,0.04333333333333339,-0.04633333333333343,0.1168666666666665,1996.2083333333333,-17.209999999999923,-73.76666666666668
temperatura,12,1996,3,1997,3,MAM,-0.7000000000000003,0.04333333333333339,-0.04633333333333343,0.1168666666666665,1996.2083333333333,0.03178222222221905,-0.7230377777777761
precipitacao,12,1996,4,1997,4,AMJ,-0.5266666666666671,0.2066666666666667,-0.1623333333333334,0.04449999999999982,1996.2916666666667,86.02999999999997,59.05333333333331
temperatura,12,1996,4,1997,4,AMJ,-0.5266666666666671,0.2066666666666667,-0.1623333333333334,0.04449999999999982,1996.2916666666667,0.3070677777777817,-0.5303922222222219
precipitacao,12,1996,5,1997,5,MJJ,-0.3766666666666671,0.2966666666666667,-0.2400000000000001,0.5472333333333331,1996.375,82.62666666666661,21.829999999999984
temperatura,12,1996,5,1997,5,MJJ,-0.3766666666666671,0.2966666666666667,-0.2400000000000001,0.5472333333333331,1996.375,0.07906333333333748,0.01556333333333626
precipitacao,12,1996,6,1997,6,JJA,-0.2833333333333337,0.44333333333333336,-0.34333333333333343,0.2820666666666665,1996.4583333333333,77.93333333333334,16.50333333333333
temperatura,12,1996,6,1997,6,JJA,-0.2833333333333337,0.44333333333333336,-0.34333333333333343,0.2820666666666665,1996.4583333333333,-0.15927111111111003,0.23772777777777776
precipitacao,12,1996,7,1997,7,JAS,-0.23666666666666702,0.46666666666666673,-0.43500000000000005,0.25069999999999987,1996.5416666666667,12.953333333333347,0.9666666666666686
temperatura,12,1996,7,1997,7,JAS,-0.23666666666666702,0.46666666666666673,-0.43500000000000005,0.25069999999999987,1996.5416666666667,-0.5636922222222225,0.6947933333333367
precipitacao,12,1996,8,1997,8,ASO,-0.2433333333333337,0.37333333333333335,-0.5733333333333334,-0.5776666666666669,1996.625,-14.770000000000039,138.34999999999997
temperatura,12,1996,8,1997,8,ASO,-0.2433333333333337,0.37333333333333335,-0.5733333333333334,-0.5776666666666669,1996.625,-1.1589366666666638,0.506686666666667
precipitacao,12,1996,9,1997,9,SON,-0.2633333333333337,0.18333333333333335,-0.6790000000000002,-0.9318000000000003,1996.7083333333333,-41.29666666666665,216.75
temperatura,12,1996,9,1997,9,SON,-0.2633333333333337,0.18333333333333335,-0.6790000000000002,-0.9318000000000003,1996.7083333333333,-1.2453722222222208,0.8111822222222251
precipitacao,12,1996,10,1997,10,OND,-0.3000000000000004,0.013333333333333369,-0.8340000000000002,-0.6168666666666669,1996.7916666666667,48.166666666666686,151.9766666666667
temperatura,12,1996,10,1997,10,OND,-0.3000000000000004,0.013333333333333369,-0.8340000000000002,-0.6168666666666669,1996.7916666666667,-1.3627399999999987,0.9074955555555562
precipitacao,12,1996,11,1997,11,NDJ,-0.34000000000000036,-0.05666666666666662,-0.8726666666666668,-0.6718666666666668,1996.875,109.24999999999994,6.710000000000036
temperatura,12,1996,11,1997,11,NDJ,-0.34000000000000036,-0.05666666666666662,-0.8726666666666668,-0.6718666666666668,1996.875,-0.9347133333333346,1.129756666666669
precipitacao,12,1996,12,1997,12,DJF,-0.376666666666667,-0.1633333333333333,-0.7730000000000001,-0.2414333333333335,1996.9583333333333,147.35000000000002,-6.6099999999999
temperatura,12,1996,12,1997,12,DJF,-0.376666666666667,-0.1633333333333333,-0.7730000000000001,-0.2414333333333335,1996.9583333333333,-0.872784444444445,0.8620822222222237
precipitacao,12,1997,1,1998,1,JFM,-0.4033333333333337,-0.3133333333333333,-0.44000000000000017,-0.4403666666666668,1997.0416666666667,120.67666666666662,10.730000000000018
temperatura,12,1997,1,1998,1,JFM,-0.4033333333333337,-0.3133333333333333,-0.44000000000000017,-0.4403666666666668,1997.0416666666667,-0.3888377777777734,0.8050677777777793
precipitacao,12,1997,2,1998,2,FMA,-0.3600000000000003,-0.49333333333333335,-0.14800000000000013,0.03386666666666655,1997.125,114.50999999999999,65.02666666666664
temperatura,12,1997,2,1998,2,FMA,-0.3600000000000003,-0.49333333333333335,-0.14800000000000013,0.03386666666666655,1997.125,-0.3042100000000012,0.6945633333333348
precipitacao,12,1997,3,1998,3,MAM,-0.23333333333333373,-0.6566666666666666,0.003999999999999851,0.2752333333333332,1997.2083333333333,15.190000000000055,80.33333333333331
temperatura,12,1997,3,1998,3,MAM,-0.23333333333333373,-0.6566666666666666,0.003999999999999851,0.2752333333333332,1997.2083333333333,-0.050684444444446086,0.2603955555555544
precipitacao,12,1997,4,1998,4,AMJ,0.0033333333333329662,-0.7433333333333333,0.05866666666666651,-0.00026666666666678535,1997.2916666666667,-117.67000000000002,57.25333333333333
temperatura,12,1997,4,1998,4,AMJ,0.0033333333333329662,-0.7433333333333333,0.05866666666666651,-0.00026666666666678535,1997.2916666666667,-0.45176555555555353,-0.4500588888888899
precipitacao,12,1997,5,1998,5,MJJ,0.32666666666666627,-0.84,0.04099999999999985,0.42383333333333323,1997.375,-138.7733333333333,22.329999999999984
temperatura,12,1997,5,1998,5,MJJ,0.32666666666666627,-0.84,0.04099999999999985,0.42383333333333323,1997.375,-0.6640033333333335,-0.6520699999999984
precipitacao,12,1997,6,1998,6,JJA,0.7133333333333329,-0.8933333333333334,0.05366666666666652,0.03763333333333322,1997.4583333333333,-73.76666666666668,-54.39666666666666
temperatura,12,1997,6,1998,6,JJA,0.7133333333333329,-0.8933333333333334,0.05366666666666652,0.03763333333333322,1997.4583333333333,-0.7230377777777761,0.1109277777777784
precipitacao,12,1997,7,1998,7,JAS,1.1066666666666662,-0.7999999999999999,0.18466666666666653,0.45006666666666656,1997.5416666666667,59.05333333333331,53.866666666666674
temperatura,12,1997,7,1998,7,JAS,1.1066666666666662,-0.7999999999999999,0.18466666666666653,0.45006666666666656,1997.5416666666667,-0.5303922222222219,0.6335600000000063
precipitacao,12,1997,8,1998,8,ASO,1.4666666666666661,-0.6,0.38699999999999984,0.3634999999999999,1997.625,21.829999999999984,80.34999999999997
temperatura,12,1997,8,1998,8,ASO,1.4666666666666661,-0.6,0.38699999999999984,0.3634999999999999,1997.625,0.01556333333333626,0.28525333333333336
precipitacao,12,1997,9,1998,9,SON,1.7699999999999996,-0.2533333333333333,0.6169999999999999,0.5567666666666665,1997.7083333333333,16.50333333333333,7.850000000000023
temperatura,12,1997,9,1998,9,SON,1.7699999999999996,-0.2533333333333333,0.6169999999999999,0.5567666666666665,1997.7083333333333,0.23772777777777776,-0.5836511111111129
precipitacao,12,1997,10,1998,10,OND,2.023333333333333,0.08000000000000003,0.7593333333333332,0.0986333333333332,1997.7916666666667,0.9666666666666686,-84.22333333333336
temperatura,12,1997,10,1998,10,OND,2.023333333333333,0.08000000000000003,0.7593333333333332,0.0986333333333332,1997.7916666666667,0.6947933333333367,-0.5874377777777724
precipitacao,12,1997,11,1998,11,NDJ,2.2066666666666666,0.37666666666666665,0.9746666666666665,-0.7923666666666668,1997.875,138.34999999999997,46.40999999999997
temperatura,12,1997,11,1998,11,NDJ,2.2066666666666666,0.37666666666666665,0.9746666666666665,-0.7923666666666668,1997.875,0.506686666666667,-0.1985100000000024
precipitacao,12,1997,12,1998,12,DJF,2.3166666666666664,0.61,1.0053333333333332,-1.1116000000000001,1997.9583333333333,216.75,225.19000000000005
temperatura,12,1997,12,1998,12,DJF,2.3166666666666664,0.61,1.0053333333333332,-1.1116000000000001,1997.9583333333333,0.8111822222222251,0.1462822222222222
precipitacao,12,1998,1,1999,1,JFM,2.3099999999999996,0.5800000000000001,0.8889999999999998,-0.7758666666666668,1998.0416666666667,151.9766666666667,197.02999999999997
temperatura,12,1998,1,1999,1,JFM,2.3099999999999996,0.5800000000000001,0.8889999999999998,-0.7758666666666668,1998.0416666666667,0.9074955555555562,0.2151011111111103
precipitacao,12,1998,2,1999,2,FMA,2.1666666666666665,0.5366666666666667,0.6033333333333332,-0.011133333333333495,1998.125,6.710000000000036,64.42666666666662
temperatura,12,1998,2,1999,2,FMA,2.1666666666666665,0.5366666666666667,0.6033333333333332,-0.011133333333333495,1998.125,1.129756666666669,-0.07056999999999647
precipitacao,12,1998,3,1999,3,MAM,1.8433333333333328,0.3966666666666667,0.29733333333333317,0.5126666666666665,1998.2083333333333,-6.6099999999999,-79.26666666666668
temperatura,12,1998,3,1999,3,MAM,1.8433333333333328,0.3966666666666667,0.29733333333333317,0.5126666666666665,1998.2083333333333,0.8620822222222237,-0.33627111111110963
precipitacao,12,1998,4,1999,4,AMJ,1.446666666666666,0.3466666666666667,0.13799999999999985,1.0175999999999998,1998.2916666666667,10.730000000000018,-43.04666666666665
temperatura,12,1998,4,1999,4,AMJ,1.446666666666666,0.3466666666666667,0.13799999999999985,1.0175999999999998,1998.2916666666667,0.8050677777777793,-0.6946922222222227
precipitacao,12,1998,5,1999,5,MJJ,0.9433333333333328,0.2566666666666667,0.04399999999999985,0.8750333333333331,1998.375,65.02666666666664,-50.37000000000003
temperatura,12,1998,5,1999,5,MJJ,0.9433333333333328,0.2566666666666667,0.04399999999999985,0.8750333333333331,1998.375,0.6945633333333348,-0.4731366666666652
precipitacao,12,1998,6,1999,6,JJA,0.44999999999999957,0.26,0.11133333333333317,0.9733999999999998,1998.4583333333333,80.33333333333331,-37.396666666666675
temperatura,12,1998,6,1999,6,JJA,0.44999999999999957,0.26,0.11133333333333317,0.9733999999999998,1998.4583333333333,0.2603955555555544,-0.31333888888888595
precipitacao,12,1998,7,1999,7,JAS,-0.10333333333333376,0.38000000000000006,-0.03266666666666682,0.8142999999999998,1998.5416666666667,57.25333333333333,-62.43333333333332
temperatura,12,1998,7,1999,7,JAS,-0.10333333333333376,0.38000000000000006,-0.03266666666666682,0.8142999999999998,1998.5416666666667,-0.4500588888888899,-0.03180666666666099
precipitacao,12,1998,8,1999,8,ASO,-0.5133333333333338,0.4466666666666667,-0.27266666666666683,1.1283666666666665,1998.625,22.329999999999984,-67.95000000000002
temperatura,12,1998,8,1999,8,ASO,-0.5133333333333338,0.4466666666666667,-0.27266666666666683,1.1283666666666665,1998.625,-0.6520699999999984,-0.797346666666666
precipitacao,12,1998,9,1999,9,SON,-0.8266666666666671,0.4166666666666667,-0.4870000000000001,0.7438999999999999,1998.7083333333333,-54.39666666666666,-70.54999999999995
temperatura,12,1998,9,1999,9,SON,-0.8266666666666671,0.4166666666666667,-0.4870000000000001,0.7438999999999999,1998.7083333333333,0.1109277777777784,-1.337284444444446
precipitacao,12,1998,10,1999,10,OND,-0.9900000000000005,0.2166666666666667,-0.6063333333333335,0.3937333333333332,1998.7916666666667,53.866666666666674,-69.32333333333338
temperatura,12,1998,10,1999,10,OND,-0.9900000000000005,0.2166666666666667,-0.6063333333333335,0.3937333333333332,1998.7916666666667,0.6335600000000063,-1.4993377777777752
precipitacao,12,1998,11,1999,11,NDJ,-1.1500000000000006,0.13000000000000003,-0.6306666666666668,0.3647666666666665,1998.875,80.34999999999997,-9.790000000000077
temperatura,12,1998,11,1999,11,NDJ,-1.1500000000000006,0.13000000000000003,-0.6306666666666668,0.3647666666666665,1998.875,0.28525333333333336,-0.9082433333333348
precipitacao,12,1998,12,1999,12,DJF,-1.3000000000000005,-0.006666666666666626,-0.5773333333333335,0.8839666666666665,1998.9583333333333,7.850000000000023,59.29000000000008
temperatura,12,1998,12,1999,12,DJF,-1.3000000000000005,-0.006666666666666626,-0.5773333333333335,0.8839666666666665,1998.9583333333333,-0.5836511111111129,-0.6129177777777812
precipitacao,12,1999,1,2000,1,JFM,-1.4300000000000004,-0.06999999999999997,-0.37300000000000016,1.0838333333333332,1999.0416666666667,-84.22333333333336,111.83000000000004
temperatura,12,1999,1,2000,1,JFM,-1.4300000000000004,-0.06999999999999997,-0.37300000000000016,1.0838333333333332,1999.0416666666667,-0.5874377777777724,-0.7204322222222181
precipitacao,12,1999,2,2000,2,FMA,-1.4100000000000004,-0.18999999999999995,-0.16800000000000015,0.9633999999999997,1999.125,46.40999999999997,38.42666666666668
temperatura,12,1999,2,2000,2,FMA,-1.4100000000000004,-0.18999999999999995,-0.16800000000000015,0.9633999999999997,1999.125,-0.1985100000000024,-0.6712699999999963
precipitacao,12,1999,3,2000,3,MAM,-1.2300000000000006,-0.14666666666666664,-0.022000000000000148,0.5451333333333331,1999.2083333333333,225.19000000000005,-39.56666666666669
temperatura,12,1999,3,2000,3,MAM,-1.2300000000000006,-0.14666666666666664,-0.022000000000000148,0.5451333333333331,1999.2083333333333,0.1462822222222222,-0.32293777777777777
precipitacao,12,1999,4,2000,4,AMJ,-0.9933333333333337,-0.03333333333333329,0.020999999999999852,0.5285666666666665,1999.2916666666667,197.02999999999997,-126.64666666666668
temperatura,12,1999,4,2000,4,AMJ,-0.9933333333333337,-0.03333333333333329,0.020999999999999852,0.5285666666666665,1999.2916666666667,0.2151011111111103,0.26324111111111037
precipitacao,12,1999,5,2000,5,MJJ,-0.8400000000000004,0.10000000000000005,-0.028333333333333478,0.9229333333333333,1999.375,64.42666666666662,-68.07000000000002
temperatura,12,1999,5,2000,5,MJJ,-0.8400000000000004,0.10000000000000005,-0.028333333333333478,0.9229333333333333,1999.375,-0.07056999999999647,-0.13930333333333422
precipitacao,12,1999,6,2000,6,JJA,-0.8100000000000005,0.1666666666666667,-0.11100000000000014,0.42116666666666647,1999.4583333333333,-79.26666666666668,29.20333333333332
temperatura,12,1999,6,2000,6,JJA,-0.8100000000000005,0.1666666666666667,-0.11100000000000014,0.42116666666666647,1999.4583333333333,-0.33627111111110963,-0.40747222222222135
precipitacao,12,1999,7,2000,7,JAS,-0.8433333333333338,0.2466666666666667,-0.07366666666666681,0.20989999999999978,1999.5416666666667,-43.04666666666665,87.96666666666667
temperatura,12,1999,7,2000,7,JAS,-0.8433333333333338,0.2466666666666667,-0.07366666666666681,0.20989999999999978,1999.5416666666667,-0.6946922222222227,-1.132639999999995
precipitacao,12,1999,8,2000,8,ASO,-0.8933333333333339,0.30333333333333334,-0.004000000000000145,-0.32246666666666685,1999.625,-50.37000000000003,25.850000000000023
temperatura,12,1999,8,2000,8,ASO,-0.8933333333333339,0.30333333333333334,-0.004000000000000145,-0.32246666666666685,1999.625,-0.4731366666666652,-0.03794666666666657
precipitacao,12,1999,9,2000,9,SON,-0.9466666666666671,0.2733333333333334,0.028333333333333186,0.11513333333333307,1999.7083333333333,-37.396666666666675,101.15000000000003
temperatura,12,1999,9,2000,9,SON,-0.9466666666666671,0.2733333333333334,0.028333333333333186,0.11513333333333307,1999.7083333333333,-0.31333888888888595,0.31214888888888837
precipitacao,12,1999,10,2000,10,OND,-1.0233333333333337,0.16333333333333336,-0.07166666666666681,0.5610999999999997,1999.7916666666667,-62.43333333333332,87.57666666666671
temperatura,12,1999,10,2000,10,OND,-1.0233333333333337,0.16333333333333336,-0.07166666666666681,0.5610999999999997,1999.7916666666667,-0.03180666666666099,0.6659622222222268
precipitacao,12,1999,11,2000,11,NDJ,-1.1600000000000004,0.09666666666666669,-0.11800000000000015,0.8473333333333329,1999.875,-67.95000000000002,52.710000000000036
temperatura,12,1999,11,2000,11,NDJ,-1.1600000000000004,0.09666666666666669,-0.11800000000000015,0.8473333333333329,1999.875,-0.797346666666666,0.25919000000000025
precipitacao,12,1999,12,2000,12,DJF,-1.3366666666666671,0.10000000000000003,-0.15100000000000016,1.4459666666666664,1999.9583333333333,-70.54999999999995,-133.8099999999999
temperatura,12,1999,12,2000,12,DJF,-1.3366666666666671,0.10000000000000003,-0.15100000000000016,1.4459666666666664,1999.9583333333333,-1.337284444444446,0.4091488888888897
precipitacao,12,2000,1,2001,1,JFM,-1.4500000000000004,0.04333333333333337,-0.12966666666666682,1.3192666666666664,2000.0416666666667,-69.32333333333338,-123.16999999999996
temperatura,12,2000,1,2001,1,JFM,-1.4500000000000004,0.04333333333333337,-0.12966666666666682,1.3192666666666664,2000.0416666666667,-1.4993377777777752,0.7123677777777822
precipitacao,12,2000,2,2001,2,FMA,-1.4200000000000006,0.03333333333333336,-0.09400000000000015,1.2256333333333331,2000.125,-9.790000000000077,-66.67333333333335
temperatura,12,2000,2,2001,2,FMA,-1.4200000000000006,0.03333333333333336,-0.09400000000000015,1.2256333333333331,2000.125,-0.9082433333333348,0.9832633333333369
precipitacao,12,2000,3,2001,3,MAM,-1.236666666666667,0.016666666666666694,0.0023333333333331783,0.6753999999999998,2000.2083333333333,59.29000000000008,8.633333333333326
temperatura,12,2000,3,2001,3,MAM,-1.236666666666667,0.016666666666666694,0.0023333333333331783,0.6753999999999998,2000.2083333333333,-0.6129177777777812,0.6998288888888915
precipitacao,12,2000,4,2001,4,AMJ,-1.0166666666666673,0.0766666666666667,0.09099999999999984,0.32849999999999974,2000.2916666666667,111.83000000000004,-51.94666666666666
temperatura,12,2000,4,2001,4,AMJ,-1.0166666666666673,0.0766666666666667,0.09099999999999984,0.32849999999999974,2000.2916666666667,-0.7204322222222181,0.47274111111110884
precipitacao,12,2000,5,2001,5,MJJ,-0.8200000000000004,0.020000000000000028,0.13166666666666652,0.4976333333333331,2000.375,38.42666666666668,22.629999999999967
temperatura,12,2000,5,2001,5,MJJ,-0.8200000000000004,0.020000000000000028,0.13166666666666652,0.4976333333333331,2000.375,-0.6712699999999963,0.15709666666666777
precipitacao,12,2000,6,2001,6,JJA,-0.7000000000000005,-0.033333333333333305,0.07733333333333318,0.49233333333333307,2000.4583333333333,-39.56666666666669,28.903333333333364
temperatura,12,2000,6,2001,6,JJA,-0.7000000000000005,-0.033333333333333305,0.07733333333333318,0.49233333333333307,2000.4583333333333,-0.32293777777777777,0.39539444444444527
precipitacao,12,2000,7,2001,7,JAS,-0.5900000000000004,-0.08666666666666663,0.055999999999999855,0.43429999999999974,2000.5416666666667,-126.64666666666668,46.866666666666674
temperatura,12,2000,7,2001,7,JAS,-0.5900000000000004,-0.08666666666666663,0.055999999999999855,0.43429999999999974,2000.5416666666667,0.26324111111111037,0.1024933333333351
precipitacao,12,2000,8,2001,8,ASO,-0.5000000000000004,-0.06999999999999998,0.061999999999999854,-0.16590000000000024,2000.625,-68.07000000000002,-18.44999999999999
temperatura,12,2000,8,2001,8,ASO,-0.5000000000000004,-0.06999999999999998,0.061999999999999854,-0.16590000000000024,2000.625,-0.13930333333333422,-0.2544466666666665
precipitacao,12,2000,9,2001,9,SON,-0.4333333333333338,-0.07666666666666665,0.037333333333333184,-0.8226000000000001,2000.7083333333333,29.20333333333332,-64.05000000000001
temperatura,12,2000,9,2001,9,SON,-0.4333333333333338,-0.07666666666666665,0.037333333333333184,-0.8226000000000001,2000.7083333333333,-0.40747222222222135,-0.17145111111111078
precipitacao,12,2000,10,2001,10,OND,-0.4533333333333338,-0.0833333333333333,-0.03566666666666681,-0.726466666666667,2000.7916666666667,87.96666666666667,15.17666666666662
temperatura,12,2000,10,2001,10,OND,-0.4533333333333338,-0.0833333333333333,-0.03566666666666681,-0.726466666666667,2000.7916666666667,-1.132639999999995,-0.12263777777777563
precipitacao,12,2000,11,2001,11,NDJ,-0.5733333333333338,-0.11999999999999998,-0.18133333333333349,-1.0143333333333335,2000.875,25.850000000000023,54.81000000000006
temperatura,12,2000,11,2001,11,NDJ,-0.5733333333333338,-0.11999999999999998,-0.18133333333333349,-1.0143333333333335,2000.875,-0.03794666666666657,-0.006809999999997984
precipitacao,12,2000,12,2001,12,DJF,-0.6933333333333338,-0.16666666666666666,-0.23200000000000012,-0.8268000000000001,2000.9583333333333,101.15000000000003,55.29000000000008
temperatura,12,2000,12,2001,12,DJF,-0.6933333333333338,-0.16666666666666666,-0.23200000000000012,-0.8268000000000001,2000.9583333333333,0.31214888888888837,-0.7673511111111146
precipitacao,12,2001,1,2002,1,JFM,-0.7666666666666672,-0.18333333333333332,-0.3283333333333335,-1.0994333333333335,2001.0416666666667,87.57666666666671,-13.470000000000027
temperatura,12,2001,1,2002,1,JFM,-0.7666666666666672,-0.18333333333333332,-0.3283333333333335,-1.0994333333333335,2001.0416666666667,0.6659622222222268,-0.024332222222220423
precipitacao,12,2001,2,2002,2,FMA,-0.6933333333333338,-0.18000000000000002,-0.23166666666666683,-0.6753666666666668,2001.125,52.710000000000036,-47.77333333333337
temperatura,12,2001,2,2002,2,FMA,-0.6933333333333338,-0.18000000000000002,-0.23166666666666683,-0.6753666666666668,2001.125,0.25919000000000025,0.6231300000000033
precipitacao,12,2001,3,2002,3,MAM,-0.5766666666666672,-0.10999999999999999,-0.1523333333333335,-0.4302000000000002,2001.2083333333333,-133.8099999999999,-24.366666666666674
temperatura,12,2001,3,2002,3,MAM,-0.5766666666666672,-0.10999999999999999,-0.1523333333333335,-0.4302000000000002,2001.2083333333333,0.4091488888888897,1.6151622222222244
precipitacao,12,2001,4,2002,4,AMJ,-0.42000000000000054,-0.02999999999999998,0.03666666666666652,-0.10156666666666687,2001.2916666666667,-123.16999999999996,-73.64666666666666
temperatura,12,2001,4,2002,4,AMJ,-0.42000000000000054,-0.02999999999999998,0.03666666666666652,-0.10156666666666687,2001.2916666666667,0.7123677777777822,1.7421411111111098
precipitacao,12,2001,5,2002,5,MJJ,-0.30333333333333384,0.043333333333333356,0.08766666666666652,-0.10066666666666686,2001.375,-66.67333333333335,-80.27000000000002
temperatura,12,2001,5,2002,5,MJJ,-0.30333333333333384,0.043333333333333356,0.08766666666666652,-0.10066666666666686,2001.375,0.9832633333333369,1.2531300000000023
precipitacao,12,2001,6,2002,6,JJA,-0.18666666666666712,0.07666666666666669,0.1333333333333332,0.21296666666666644,2001.4583333333333,8.633333333333326,-65.69666666666666
temperatura,12,2001,6,2002,6,JJA,-0.18666666666666712,0.07666666666666669,0.1333333333333332,0.21296666666666644,2001.4583333333333,0.6998288888888915,1.5946277777777773
precipitacao,12,2001,7,2002,7,JAS,-0.10666666666666715,0.01666666666666668,0.04133333333333319,-0.26813333333333356,2001.5416666666667,-51.94666666666666,-30.53333333333333
temperatura,12,2001,7,2002,7,JAS,-0.10666666666666715,0.01666666666666668,0.04133333333333319,-0.26813333333333356,2001.5416666666667,0.47274111111110884,0.5594933333333358
precipitacao,12,2001,8,2002,8,ASO,-0.08666666666666716,-0.043333333333333314,-0.10466666666666681,0.12269999999999977,2001.625,22.629999999999967,-52.85000000000002
temperatura,12,2001,8,2002,8,ASO,-0.08666666666666716,-0.043333333333333314,-0.10466666666666681,0.12269999999999977,2001.625,0.15709666666666777,1.3552533333333336
precipitacao,12,2001,9,2002,9,SON,-0.11000000000000047,-0.06999999999999999,-0.2213333333333335,0.3811333333333331,2001.7083333333333,28.903333333333364,-58.14999999999998
temperatura,12,2001,9,2002,9,SON,-0.11000000000000047,-0.06999999999999999,-0.2213333333333335,0.3811333333333331,2001.7083333333333,0.39539444444444527,0.8945155555555573
precipitacao,12,2001,10,2002,10,OND,-0.18000000000000047,-0.043333333333333314,-0.3250000000000001,1.1162666666666665,2001.7916666666667,46.866666666666674,-32.82333333333338
temperatura,12,2001,10,2002,10,OND,-0.18000000000000047,-0.043333333333333314,-0.3250000000000001,1.1162666666666665,2001.7916666666667,0.1024933333333351,1.512128888888892
precipitacao,12,2001,11,2002,11,NDJ,-0.24666666666666714,-0.02999999999999998,-0.30633333333333346,1.1447666666666665,2001.875,-18.44999999999999,94.00999999999999
temperatura,12,2001,11,2002,11,NDJ,-0.24666666666666714,-0.02999999999999998,-0.30633333333333346,1.1447666666666665,2001.875,-0.2544466666666665,0.5365566666666659
precipitacao,12,2001,12,2002,12,DJF,-0.30333333333333384,-0.09999999999999998,-0.24900000000000014,1.248833333333333,2001.9583333333333,-64.05000000000001,-26.409999999999968
temperatura,12,2001,12,2002,12,DJF,-0.30333333333333384,-0.09999999999999998,-0.24900000000000014,1.248833333333333,2001.9583333333333,-0.17145111111111078,0.7196822222222252
precipitacao,12,2002,1,2003,1,JFM,-0.2666666666666671,-0.1533333333333333,-0.14600000000000013,1.0720999999999996,2002.0416666666667,15.17666666666662,-63.56999999999999
temperatura,12,2002,1,2003,1,JFM,-0.2666666666666671,-0.1533333333333333,-0.14600000000000013,1.0720999999999996,2002.0416666666667,-0.12263777777777563,0.5476344444444408
precipitacao,12,2002,2,2003,2,FMA,-0.13333333333333378,-0.25666666666666665,-0.09700000000000014,1.1848666666666665,2002.125,54.81000000000006,-121.47333333333336
temperatura,12,2002,2,2003,2,FMA,-0.13333333333333378,-0.25666666666666665,-0.09700000000000014,1.1848666666666665,2002.125,-0.006809999999997984,0.7116299999999995
precipitacao,12,2002,3,2003,3,MAM,0.009999999999999542,-0.19333333333333333,-0.07733333333333348,0.0858333333333332,2002.2083333333333,55.29000000000008,-36.06666666666669
temperatura,12,2002,3,2003,3,MAM,0.009999999999999542,-0.19333333333333333,-0.07733333333333348,0.0858333333333332,2002.2083333333333,-0.7673511111111146,0.048895555555557024
precipitacao,12,2002,4,2003,4,AMJ,0.10999999999999954,-0.12999999999999998,-0.14733333333333345,-0.10813333333333346,2002.2916666666667,-13.470000000000027,-62.14666666666665
temperatura,12,2002,4,2003,4,AMJ,0.10999999999999954,-0.12999999999999998,-0.14733333333333345,-0.10813333333333346,2002.2916666666667,-0.024332222222220423,0.7055077777777754
precipitacao,12,2002,5,2003,5,MJJ,0.1866666666666662,0.030000000000000016,-0.2243333333333335,-1.485666666666667,2002.375,-47.77333333333337,-99.17000000000002
temperatura,12,2002,5,2003,5,MJJ,0.1866666666666662,0.030000000000000016,-0.2243333333333335,-1.485666666666667,2002.375,0.6231300000000033,0.9515633333333362
precipitacao,12,2002,6,2003,6,JJA,0.29999999999999954,0.05666666666666668,-0.29000000000000015,-1.2485000000000002,2002.4583333333333,-24.366666666666674,-79.29666666666665
temperatura,12,2002,6,2003,6,JJA,0.29999999999999954,0.05666666666666668,-0.29000000000000015,-1.2485000000000002,2002.4583333333333,1.6151622222222244,0.6253277777777768
precipitacao,12,2002,7,2003,7,JAS,0.4399999999999995,0.13,-0.2596666666666668,-1.5004666666666668,2002.5416666666667,-73.64666666666666,-86.43333333333332
temperatura,12,2002,7,2003,7,JAS,0.4399999999999995,0.13,-0.2596666666666668,-1.5004666666666668,2002.5416666666667,1.7421411111111098,-0.16983999999999355
precipitacao,12,2002,8,2003,8,ASO,0.5499999999999995,0.01666666666666668,-0.21933333333333346,-0.6007666666666668,2002.625,-80.27000000000002,-17.55000000000001
temperatura,12,2002,8,2003,8,ASO,0.5499999999999995,0.01666666666666668,-0.21933333333333346,-0.6007666666666668,2002.625,1.2531300000000023,-0.5901800000000001
precipitacao,12,2002,9,2003,9,SON,0.6599999999999996,-0.06666666666666665,-0.061000000000000144,-0.5182666666666669,2002.7083333333333,-65.69666666666666,-45.94999999999999
temperatura,12,2002,9,2003,9,SON,0.6599999999999996,-0.06666666666666665,-0.061000000000000144,-0.5182666666666669,2002.7083333333333,1.5946277777777773,-0.1742844444444458
precipitacao,12,2002,10,2003,10,OND,0.7999999999999995,-0.16999999999999996,0.16099999999999987,-1.1759666666666668,2002.7916666666667,-30.53333333333333,21.276666666666586
temperatura,12,2002,10,2003,10,OND,0.7999999999999995,-0.16999999999999996,0.16099999999999987,-1.1759666666666668,2002.7916666666667,0.5594933333333358,-0.020904444444440173
precipitacao,12,2002,11,2003,11,NDJ,0.9866666666666662,-0.18999999999999997,0.2623333333333332,-1.4506666666666668,2002.875,-52.85000000000002,-36.789999999999964
temperatura,12,2002,11,2003,11,NDJ,0.9866666666666662,-0.18999999999999997,0.2623333333333332,-1.4506666666666668,2002.875,1.3552533333333336,-0.4255433333333336
precipitacao,12,2002,12,2003,12,DJF,1.0866666666666662,-0.08666666666666663,0.11433333333333319,-0.7263333333333334,2002.9583333333333,-58.14999999999998,21.389999999999986
temperatura,12,2002,12,2003,12,DJF,1.0866666666666662,-0.08666666666666663,0.11433333333333319,-0.7263333333333334,2002.9583333333333,0.8945155555555573,-0.9992511111111106
precipitacao,12,2003,1,2004,1,JFM,1.0566666666666662,0.01666666666666669,-0.10033333333333348,-0.20096666666666682,2003.0416666666667,-32.82333333333338,9.629999999999995
temperatura,12,2003,1,2004,1,JFM,1.0566666666666662,0.01666666666666669,-0.10033333333333348,-0.20096666666666682,2003.0416666666667,1.512128888888892,-1.46053222222222
precipitacao,12,2003,2,2004,2,FMA,0.8566666666666661,0.20000000000000004,-0.12666666666666682,-0.012100000000000147,2003.125,94.00999999999999,47.326666666666654
temperatura,12,2003,2,2004,2,FMA,0.8566666666666661,0.20000000000000004,-0.12666666666666682,-0.012100000000000147,2003.125,0.5365566666666659,-0.9575700000000005
precipitacao,12,2003,3,2004,3,MAM,0.623333333333333,0.26666666666666666,-0.08700000000000015,-0.5108333333333335,2003.2083333333333,-26.409999999999968,35.133333333333326
temperatura,12,2003,3,2004,3,MAM,0.623333333333333,0.26666666666666666,-0.08700000000000015,-0.5108333333333335,2003.2083333333333,0.7196822222222252,-0.6347377777777758
precipitacao,12,2003,4,2004,4,AMJ,0.31999999999999956,0.23000000000000007,-0.04033333333333348,-0.10676666666666683,2003.2916666666667,-63.56999999999999,37.55333333333334
temperatura,12,2003,4,2004,4,AMJ,0.31999999999999956,0.23000000000000007,-0.04033333333333348,-0.10676666666666683,2003.2916666666667,0.5476344444444408,-0.42242555555555583
precipitacao,12,2003,5,2004,5,MJJ,0.0633333333333329,0.1366666666666667,-0.10066666666666683,0.14036666666666653,2003.375,-121.47333333333336,59.529999999999944
temperatura,12,2003,5,2004,5,MJJ,0.0633333333333329,0.1366666666666667,-0.10066666666666683,0.14036666666666653,2003.375,0.7116299999999995,-0.7733699999999963
precipitacao,12,2003,6,2004,6,JJA,-0.10666666666666712,-0.026666666666666644,-0.04133333333333347,-0.05523333333333347,2003.4583333333333,-36.06666666666669,12.403333333333364
temperatura,12,2003,6,2004,6,JJA,-0.10666666666666712,-0.026666666666666644,-0.04133333333333347,-0.05523333333333347,2003.4583333333333,0.048895555555557024,-0.698538888888887
precipitacao,12,2003,7,2004,7,JAS,-0.07333333333333378,-0.016666666666666646,0.03533333333333319,0.11233333333333322,2003.5416666666667,-62.14666666666665,-84.63333333333333
temperatura,12,2003,7,2004,7,JAS,-0.07333333333333378,-0.016666666666666646,0.03533333333333319,0.11233333333333322,2003.5416666666667,0.7055077777777754,0.3207600000000035
precipitacao,12,2003,8,2004,8,ASO,0.03333333333333289,0.07666666666666669,0.12599999999999986,0.21016666666666653,2003.625,-99.17000000000002,-63.849999999999994
temperatura,12,2003,8,2004,8,ASO,0.03333333333333289,0.07666666666666669,0.12599999999999986,0.21016666666666653,2003.625,0.9515633333333362,0.25201999999999813
precipitacao,12,2003,9,2004,9,SON,0.1533333333333329,0.26,0.059666666666666514,0.3606333333333332,2003.7083333333333,-79.29666666666665,-43.94999999999993
temperatura,12,2003,9,2004,9,SON,0.1533333333333329,0.26,0.059666666666666514,0.3606333333333332,2003.7083333333333,0.6253277777777768,0.40254888888889084
precipitacao,12,2003,10,2004,10,OND,0.19999999999999954,0.3166666666666667,-0.06500000000000015,0.10999999999999988,2003.7916666666667,-86.43333333333332,1.2766666666666424
temperatura,12,2003,10,2004,10,OND,0.19999999999999954,0.3166666666666667,-0.06500000000000015,0.10999999999999988,2003.7916666666667,-0.16983999999999355,-0.701304444444439
precipitacao,12,2003,11,2004,11,NDJ,0.24999999999999956,0.3366666666666667,-0.15400000000000014,-0.35323333333333345,2003.875,-17.55000000000001,72.11000000000001
temperatura,12,2003,11,2004,11,NDJ,0.24999999999999956,0.3366666666666667,-0.15400000000000014,-0.35323333333333345,2003.875,-0.5901800000000001,-0.5468100000000007
precipitacao,12,2003,12,2004,12,DJF,0.2699999999999996,0.3233333333333333,-0.07100000000000015,-0.6865000000000002,2003.9583333333333,-45.94999999999999,-13.209999999999923
temperatura,12,2003,12,2004,12,DJF,0.2699999999999996,0.3233333333333333,-0.07100000000000015,-0.6865000000000002,2003.9583333333333,-0.1742844444444458,-0.9566177777777796
precipitacao,12,2004,1,2005,1,JFM,0.30666666666666625,0.24333333333333332,0.024666666666666517,-0.40916666666666685,2004.0416666666667,21.276666666666586,9.029999999999973
temperatura,12,2004,1,2005,1,JFM,0.30666666666666625,0.24333333333333332,0.024666666666666517,-0.40916666666666685,2004.0416666666667,-0.020904444444440173,-0.6071655555555537
precipitacao,12,2004,2,2005,2,FMA,0.29999999999999954,0.10666666666666669,0.11566666666666651,-0.5659000000000001,2004.125,-36.789999999999964,-96.17333333333335
temperatura,12,2004,2,2005,2,FMA,0.29999999999999954,0.10666666666666669,0.11566666666666651,-0.5659000000000001,2004.125,-0.4255433333333336,-0.009036666666663251
precipitacao,12,2004,3,2005,3,MAM,0.2666666666666662,-0.1133333333333333,0.07833333333333319,0.018966666666666576,2004.2083333333333,21.389999999999986,14.533333333333303
temperatura,12,2004,3,2005,3,MAM,0.2666666666666662,-0.1133333333333333,0.07833333333333319,0.018966666666666576,2004.2083333333333,-0.9992511111111106,0.8582622222222227
precipitacao,12,2004,4,2005,4,AMJ,0.18666666666666623,-0.3266666666666666,0.037333333333333184,-0.19973333333333343,2004.2916666666667,9.629999999999995,-3.4466666666666583
temperatura,12,2004,4,2005,4,AMJ,0.18666666666666623,-0.3266666666666666,0.037333333333333184,-0.19973333333333343,2004.2916666666667,-1.46053222222222,1.2570411111111106
precipitacao,12,2004,5,2005,5,MJJ,0.13666666666666624,-0.4666666666666666,-0.18900000000000014,0.3474333333333332,2004.375,47.326666666666654,-39.87000000000002
temperatura,12,2004,5,2005,5,MJJ,0.13666666666666624,-0.4666666666666666,-0.18900000000000014,0.3474333333333332,2004.375,-0.9575700000000005,0.7947966666666701
precipitacao,12,2004,6,2005,6,JJA,0.14666666666666622,-0.4766666666666666,-0.34266666666666684,0.602,2004.4583333333333,35.133333333333326,-62.39666666666666
temperatura,12,2004,6,2005,6,JJA,0.14666666666666622,-0.4766666666666666,-0.34266666666666684,0.602,2004.4583333333333,-0.6347377777777758,0.9190944444444433
precipitacao,12,2004,7,2005,7,JAS,0.24333333333333287,-0.3466666666666666,-0.4166666666666668,1.0431,2004.5416666666667,37.55333333333334,-0.03333333333333144
temperatura,12,2004,7,2005,7,JAS,0.24333333333333287,-0.3466666666666666,-0.4166666666666668,1.0431,2004.5416666666667,-0.42242555555555583,0.16949333333333882
precipitacao,12,2004,8,2005,8,ASO,0.38333333333333286,-0.18333333333333332,-0.27266666666666683,0.8661666666666665,2004.625,59.529999999999944,34.85000000000002
temperatura,12,2004,8,2005,8,ASO,0.38333333333333286,-0.18333333333333332,-0.27266666666666683,0.8661666666666665,2004.625,-0.7733699999999963,0.5846199999999975
precipitacao,12,2004,9,2005,9,SON,0.5033333333333329,0.0066666666666667,-0.18000000000000016,0.5522333333333332,2004.7083333333333,12.403333333333364,8.850000000000023
temperatura,12,2004,9,2005,9,SON,0.5033333333333329,0.0066666666666667,-0.18000000000000016,0.5522333333333332,2004.7083333333333,-0.698538888888887,-0.12491777777777813
precipitacao,12,2004,10,2005,10,OND,0.5766666666666662,0.04000000000000003,-0.08100000000000014,0.046633333333333256,2004.7916666666667,-84.63333333333333,-88.42333333333335
temperatura,12,2004,10,2005,10,OND,0.5766666666666662,0.04000000000000003,-0.08100000000000014,0.046633333333333256,2004.7916666666667,0.3207600000000035,-0.2969044444444435
precipitacao,12,2004,11,2005,11,NDJ,0.6099999999999995,0.053333333333333365,-0.08766666666666682,-0.010366666666666738,2004.875,-63.849999999999994,-174.99
temperatura,12,2004,11,2005,11,NDJ,0.6099999999999995,0.053333333333333365,-0.08766666666666682,-0.010366666666666738,2004.875,0.25201999999999813,-0.3854100000000038
precipitacao,12,2004,12,2005,12,DJF,0.6533333333333329,0.05000000000000004,-0.09633333333333349,-0.4192,2004.9583333333333,-43.94999999999993,-135.4099999999999
temperatura,12,2004,12,2005,12,DJF,0.6533333333333329,0.05000000000000004,-0.09633333333333349,-0.4192,2004.9583333333333,0.40254888888889084,-0.23178444444444324
precipitacao,12,2005,1,2006,1,JFM,0.6566666666666663,0.17000000000000004,-0.1363333333333335,-0.44793333333333335,2005.0416666666667,1.2766666666666424,-70.87
temperatura,12,2005,1,2006,1,JFM,0.6566666666666663,0.17000000000000004,-0.1363333333333335,-0.44793333333333335,2005.0416666666667,-0.701304444444439,0.4391677777777794
precipitacao,12,2005,2,2006,2,FMA,0.6266666666666662,0.22333333333333338,-0.2720000000000002,0.047299999999999974,2005.125,72.11000000000001,-1.1733333333332894
temperatura,12,2005,2,2006,2,FMA,0.6266666666666662,0.22333333333333338,-0.2720000000000002,0.047299999999999974,2005.125,-0.5468100000000007,-0.12336999999999776
precipitacao,12,2005,3,2006,3,MAM,0.5233333333333329,0.2533333333333334,-0.37233333333333346,0.4243666666666666,2005.2083333333333,-13.209999999999923,-30.06666666666669
temperatura,12,2005,3,2006,3,MAM,0.5233333333333329,0.2533333333333334,-0.37233333333333346,0.4243666666666666,2005.2083333333333,-0.9566177777777796,-0.5938377777777752
precipitacao,12,2005,4,2006,4,AMJ,0.43999999999999956,0.15333333333333338,-0.30300000000000016,0.5857333333333333,2005.2916666666667,9.029999999999973,-90.34666666666666
temperatura,12,2005,4,2006,4,AMJ,0.43999999999999956,0.15333333333333338,-0.30300000000000016,0.5857333333333333,2005.2916666666667,-0.6071655555555537,-0.6883922222222232
precipitacao,12,2005,5,2006,5,MJJ,0.34666666666666623,-0.053333333333333295,-0.1273333333333335,0.07213333333333326,2005.375,-96.17333333333335,-78.87000000000003
temperatura,12,2005,5,2006,5,MJJ,0.34666666666666623,-0.053333333333333295,-0.1273333333333335,0.07213333333333326,2005.375,-0.009036666666663251,0.09712999999999994
precipitacao,12,2005,6,2006,6,JJA,0.24333333333333287,-0.32999999999999996,-0.04166666666666682,-0.4565333333333334,2005.4583333333333,14.533333333333303,-67.99666666666667
temperatura,12,2005,6,2006,6,JJA,0.24333333333333287,-0.32999999999999996,-0.04166666666666682,-0.4565333333333334,2005.4583333333333,0.8582622222222227,0.8063944444444431
precipitacao,12,2005,7,2006,7,JAS,0.10666666666666623,-0.5133333333333333,-0.1976666666666668,-0.659,2005.5416666666667,-3.4466666666666583,-24.43333333333331
temperatura,12,2005,7,2006,7,JAS,0.10666666666666623,-0.5133333333333333,-0.1976666666666668,-0.659,2005.5416666666667,1.2570411111111106,0.47122666666667
precipitacao,12,2005,8,2006,8,ASO,-0.030000000000000453,-0.4433333333333332,-0.3016666666666668,-0.4838333333333334,2005.625,-39.87000000000002,-30.150000000000006
temperatura,12,2005,8,2006,8,ASO,-0.030000000000000453,-0.4433333333333332,-0.3016666666666668,-0.4838333333333334,2005.625,0.7947966666666701,-0.27494666666666845
precipitacao,12,2005,9,2006,9,SON,-0.09666666666666712,-0.32999999999999996,-0.4210000000000002,0.07229999999999992,2005.7083333333333,-62.39666666666666,37.950000000000045
temperatura,12,2005,9,2006,9,SON,-0.09666666666666712,-0.32999999999999996,-0.4210000000000002,0.07229999999999992,2005.7083333333333,0.9190944444444433,-0.5606511111111132
precipitacao,12,2005,10,2006,10,OND,-0.17333333333333378,-0.2133333333333333,-0.43833333333333346,0.16663333333333327,2005.7916666666667,-0.03333333333333144,107.67666666666662
temperatura,12,2005,10,2006,10,OND,-0.17333333333333378,-0.2133333333333333,-0.43833333333333346,0.16663333333333327,2005.7916666666667,0.16949333333333882,-0.27413777777777426
precipitacao,12,2005,11,2006,11,NDJ,-0.31666666666666715,-0.23666666666666666,-0.41400000000000015,-0.09326666666666672,2005.875,34.85000000000002,110.5100000000001
temperatura,12,2005,11,2006,11,NDJ,-0.31666666666666715,-0.23666666666666666,-0.41400000000000015,-0.09326666666666672,2005.875,0.5846199999999975,-0.2260766666666676
precipitacao,12,2005,12,2006,12,DJF,-0.5533333333333338,-0.25666666666666665,-0.33600000000000013,-0.8294333333333334,2005.9583333333333,8.850000000000023,40.3900000000001
temperatura,12,2005,12,2006,12,DJF,-0.5533333333333338,-0.25666666666666665,-0.33600000000000013,-0.8294333333333334,2005.9583333333333,-0.12491777777777813,-0.2030177777777773
precipitacao,12,2006,1,2007,1,JFM,-0.7500000000000004,-0.28333333333333327,-0.23566666666666683,-0.7268000000000002,2006.0416666666667,-88.42333333333335,-84.96999999999997
temperatura,12,2006,1,2007,1,JFM,-0.7500000000000004,-0.28333333333333327,-0.23566666666666683,-0.7268000000000002,2006.0416666666667,-0.2969044444444435,0.2432011111111123
precipitacao,12,2006,2,2007,2,FMA,-0.8266666666666671,-0.20999999999999994,-0.24700000000000014,-0.6134000000000001,2006.125,-174.99,-86.97333333333336
temperatura,12,2006,2,2007,2,FMA,-0.8266666666666671,-0.20999999999999994,-0.24700000000000014,-0.6134000000000001,2006.125,-0.3854100000000038,0.7342633333333346
precipitacao,12,2006,3,2007,3,MAM,-0.7633333333333338,-0.09333333333333328,-0.2223333333333335,0.20939999999999995,2006.2083333333333,-135.4099999999999,-63.56666666666669
temperatura,12,2006,3,2007,3,MAM,-0.7633333333333338,-0.09333333333333328,-0.2223333333333335,0.20939999999999995,2006.2083333333333,-0.23178444444444324,0.594195555555558
precipitacao,12,2006,4,2007,4,AMJ,-0.6266666666666671,0.006666666666666703,-0.18233333333333349,0.03999999999999996,2006.2916666666667,-70.87,-53.94666666666667
temperatura,12,2006,4,2007,4,AMJ,-0.6266666666666671,0.006666666666666703,-0.18233333333333349,0.03999999999999996,2006.2916666666667,0.4391677777777794,0.36030777777778056
precipitacao,12,2006,5,2007,5,MJJ,-0.4233333333333338,-0.016666666666666632,-0.1496666666666668,0.6755666666666666,2006.375,-1.1733333333332894,71.32999999999996
temperatura,12,2006,5,2007,5,MJJ,-0.4233333333333338,-0.016666666666666632,-0.1496666666666668,0.6755666666666666,2006.375,-0.12336999999999776,-0.09700333333332978
precipitacao,12,2006,6,2007,6,JJA,-0.23000000000000045,-0.0033333333333332945,-0.09400000000000015,0.6547,2006.4583333333333,-30.06666666666669,32.903333333333364
temperatura,12,2006,6,2007,6,JJA,-0.23000000000000045,-0.0033333333333332945,-0.09400000000000015,0.6547,2006.4583333333333,-0.5938377777777752,0.02622777777777685
precipitacao,12,2006,7,2007,7,JAS,-0.040000000000000445,0.013333333333333372,-0.07566666666666681,1.0196333333333334,2006.5416666666667,-90.34666666666666,-2.9333333333333087
temperatura,12,2006,7,2007,7,JAS,-0.040000000000000445,0.013333333333333372,-0.07566666666666681,1.0196333333333334,2006.5416666666667,-0.6883922222222232,0.34442666666667066
precipitacao,12,2006,8,2007,8,ASO,0.1333333333333329,0.09333333333333338,0.06999999999999985,-0.12120000000000013,2006.625,-78.87000000000003,-137.75
temperatura,12,2006,8,2007,8,ASO,0.1333333333333329,0.09333333333333338,0.06999999999999985,-0.12120000000000013,2006.625,0.09712999999999994,0.8928866666666657
precipitacao,12,2006,9,2007,9,SON,0.32999999999999957,0.10333333333333337,0.2323333333333332,-0.3752333333333335,2006.7083333333333,-67.99666666666667,-56.049999999999955
temperatura,12,2006,9,2007,9,SON,0.32999999999999957,0.10333333333333337,0.2323333333333332,-0.3752333333333335,2006.7083333333333,0.8063944444444431,0.7833822222222189
precipitacao,12,2006,10,2007,10,OND,0.5266666666666663,0.09000000000000004,0.41133333333333316,-0.3906666666666669,2006.7916666666667,-24.43333333333331,-30.02333333333337
temperatura,12,2006,10,2007,10,OND,0.5266666666666663,0.09000000000000004,0.41133333333333316,-0.3906666666666669,2006.7916666666667,0.47122666666667,0.2859622222222242
precipitacao,12,2006,11,2007,11,NDJ,0.7099999999999995,0.013333333333333369,0.5019999999999998,0.21879999999999988,2006.875,-30.150000000000006,-25.790000000000077
temperatura,12,2006,11,2007,11,NDJ,0.7099999999999995,0.013333333333333369,0.5019999999999998,0.21879999999999988,2006.875,-0.27494666666666845,-0.4713766666666679
precipitacao,12,2006,12,2007,12,DJF,0.8233333333333328,-0.0133333333333333,0.4166666666666665,0.5396333333333333,2006.9583333333333,37.950000000000045,-112.40999999999991
temperatura,12,2006,12,2007,12,DJF,0.8233333333333328,-0.0133333333333333,0.4166666666666665,0.5396333333333333,2006.9583333333333,-0.5606511111111132,-0.5550177777777776
precipitacao,12,2007,1,2008,1,JFM,0.7933333333333329,-0.046666666666666634,0.2993333333333332,0.21896666666666662,2007.0416666666667,107.67666666666662,-79.46999999999997
temperatura,12,2007,1,2008,1,JFM,0.7933333333333329,-0.046666666666666634,0.2993333333333332,0.21896666666666662,2007.0416666666667,-0.27413777777777426,-0.7840655555555536
precipitacao,12,2007,2,2008,2,FMA,0.5633333333333329,-0.0333333333333333,0.18233333333333315,0.2101666666666666,2007.125,110.5100000000001,8.726666666666631
temperatura,12,2007,2,2008,2,FMA,0.5633333333333329,-0.0333333333333333,0.18233333333333315,0.2101666666666666,2007.125,-0.2260766666666676,-0.50047
precipitacao,12,2007,3,2008,3,MAM,0.22999999999999954,-0.1533333333333333,0.1633333333333332,-0.19266666666666676,2007.2083333333333,40.3900000000001,42.833333333333314
temperatura,12,2007,3,2008,3,MAM,0.22999999999999954,-0.1533333333333333,0.1633333333333332,-0.19266666666666676,2007.2083333333333,-0.2030177777777773,-0.7132711111111121
precipitacao,12,2007,4,2008,4,AMJ,-0.08333333333333381,-0.14666666666666664,0.12166666666666653,-0.5101333333333334,2007.2916666666667,-84.96999999999997,38.55333333333334
temperatura,12,2007,4,2008,4,AMJ,-0.08333333333333381,-0.14666666666666664,0.12166666666666653,-0.5101333333333334,2007.2916666666667,0.2432011111111123,-0.6201922222222258
precipitacao,12,2007,5,2008,5,MJJ,-0.2600000000000005,-0.14666666666666664,0.16166666666666654,-0.7390666666666666,2007.375,-86.97333333333336,-72.87000000000002
temperatura,12,2007,5,2008,5,MJJ,-0.2600000000000005,-0.14666666666666664,0.16166666666666654,-0.7390666666666666,2007.375,0.7342633333333346,-0.4388699999999979
precipitacao,12,2007,6,2008,6,JJA,-0.35666666666666713,-0.0033333333333332993,0.13366666666666652,-0.9483666666666667,2007.4583333333333,-63.56666666666669,2.103333333333353
temperatura,12,2007,6,2008,6,JJA,-0.35666666666666713,-0.0033333333333332993,0.13366666666666652,-0.9483666666666667,2007.4583333333333,0.594195555555558,0.26712777777777674
precipitacao,12,2007,7,2008,7,JAS,-0.4133333333333338,0.013333333333333369,0.11533333333333319,-1.4802,2007.5416666666667,-53.94666666666667,4.566666666666691
temperatura,12,2007,7,2008,7,JAS,-0.4133333333333338,0.013333333333333369,0.11533333333333319,-1.4802,2007.5416666666667,0.36030777777778056,-0.06803999999999633
precipitacao,12,2007,8,2008,8,ASO,-0.5566666666666671,0.020000000000000035,0.10433333333333318,-1.3122,2007.625,71.32999999999996,91.25
temperatura,12,2007,8,2008,8,ASO,-0.5566666666666671,0.020000000000000035,0.10433333333333318,-1.3122,2007.625,-0.09700333333332978,-0.1346133333333306
precipitacao,12,2007,9,2008,9,SON,-0.7700000000000005,0.020000000000000035,0.1723333333333332,-0.9027,2007.7083333333333,32.903333333333364,30.649999999999977
temperatura,12,2007,9,2008,9,SON,-0.7700000000000005,0.020000000000000035,0.1723333333333332,-0.9027,2007.7083333333333,0.02622777777777685,-0.6852511111111106
precipitacao,12,2007,10,2008,10,OND,-1.066666666666667,-0.009999999999999962,0.17999999999999985,-0.17036666666666667,2007.7916666666667,-2.9333333333333087,43.476666666666574
temperatura,12,2007,10,2008,10,OND,-1.066666666666667,-0.009999999999999962,0.17999999999999985,-0.17036666666666667,2007.7916666666667,0.34442666666667066,-0.7154044444444452
precipitacao,12,2007,11,2008,11,NDJ,-1.333333333333334,-0.0233333333333333,0.09333333333333317,-0.4623333333333333,2007.875,-137.75,-0.09000000000003183
temperatura,12,2007,11,2008,11,NDJ,-1.333333333333334,-0.0233333333333333,0.09333333333333317,-0.4623333333333333,2007.875,0.8928866666666657,-1.0006766666666707
precipitacao,12,2007,12,2008,12,DJF,-1.5566666666666673,-0.0833333333333333,-0.06066666666666681,0.1706,2007.9583333333333,-56.049999999999955,50.8900000000001
temperatura,12,2007,12,2008,12,DJF,-1.5566666666666673,-0.0833333333333333,-0.06066666666666681,0.1706,2007.9583333333333,0.7833822222222189,-0.6571511111111121
precipitacao,12,2008,1,2009,1,JFM,-1.6833333333333338,-0.09333333333333331,-0.04500000000000015,0.718,2008.0416666666667,-30.02333333333337,-1.0699999999999363
temperatura,12,2008,1,2009,1,JFM,-1.6833333333333338,-0.09333333333333331,-0.04500000000000015,0.718,2008.0416666666667,0.2859622222222242,-0.03886555555554949
precipitacao,12,2008,2,2009,2,FMA,-1.6966666666666672,-0.03666666666666663,-0.06133333333333348,1.4284,2008.125,-25.790000000000077,29.026666666666642
temperatura,12,2008,2,2009,2,FMA,-1.6966666666666672,-0.03666666666666663,-0.06133333333333348,1.4284,2008.125,-0.4713766666666679,-0.07540333333333038
precipitacao,12,2008,3,2009,3,MAM,-1.5800000000000007,0.0666666666666667,0.04666666666666652,0.9811333333333333,2008.2083333333333,-112.40999999999991,-27.56666666666669
temperatura,12,2008,3,2009,3,MAM,-1.5800000000000007,0.0666666666666667,0.04666666666666652,0.9811333333333333,2008.2083333333333,-0.5550177777777776,0.08492888888888928
precipitacao,12,2008,4,2009,4,AMJ,-1.343333333333334,0.22333333333333338,-0.04266666666666682,0.2871666666666667,2008.2916666666667,-79.46999999999997,8.553333333333342
temperatura,12,2008,4,2009,4,AMJ,-1.343333333333334,0.22333333333333338,-0.04266666666666682,0.2871666666666667,2008.2916666666667,-0.7840655555555536,-0.6810255555555607
precipitacao,12,2008,5,2009,5,MJJ,-1.0900000000000005,0.35000000000000003,0.040999999999999856,-0.25856666666666667,2008.375,8.726666666666631,94.32999999999996
temperatura,12,2008,5,2009,5,MJJ,-1.0900000000000005,0.35000000000000003,0.040999999999999856,-0.25856666666666667,2008.375,-0.50047,-0.4634699999999974
precipitacao,12,2008,6,2009,6,JJA,-0.8200000000000006,0.3966666666666667,0.08033333333333319,-0.004933333333333308,2008.4583333333333,42.833333333333314,131.90333333333336
temperatura,12,2008,6,2009,6,JJA,-0.8200000000000006,0.3966666666666667,0.08033333333333319,-0.004933333333333308,2008.4583333333333,-0.7132711111111121,-0.6854055555555547
precipitacao,12,2008,7,2009,7,JAS,-0.5800000000000005,0.42,0.21333333333333318,0.39293333333333336,2008.5416666666667,38.55333333333334,158.8666666666667
temperatura,12,2008,7,2009,7,JAS,-0.5800000000000005,0.42,0.21333333333333318,0.39293333333333336,2008.5416666666667,-0.6201922222222258,0.12499333333333595
precipitacao,12,2008,8,2009,8,ASO,-0.3633333333333339,0.3666666666666667,0.19499999999999984,0.5852,2008.625,-72.87000000000002,76.65000000000003
temperatura,12,2008,8,2009,8,ASO,-0.3633333333333339,0.3666666666666667,0.19499999999999984,0.5852,2008.625,-0.4388699999999979,-0.06631333333333345
precipitacao,12,2008,9,2009,9,SON,-0.2600000000000005,0.2800000000000001,0.15199999999999986,0.5976,2008.7083333333333,2.103333333333353,84.25
temperatura,12,2008,9,2009,9,SON,-0.2600000000000005,0.2800000000000001,0.15199999999999986,0.5976,2008.7083333333333,0.26712777777777674,0.8329155555555552
precipitacao,12,2008,10,2009,10,OND,-0.2700000000000005,0.16333333333333336,0.07966666666666652,0.8958333333333334,2008.7916666666667,4.566666666666691,126.47666666666657
temperatura,12,2008,10,2009,10,OND,-0.2700000000000005,0.16333333333333336,0.07966666666666652,0.8958333333333334,2008.7916666666667,-0.06803999999999633,0.6323288888888925
precipitacao,12,2008,11,2009,11,NDJ,-0.3933333333333338,0.10333333333333337,-0.004333333333333476,1.1734,2008.875,91.25,189.90999999999997
temperatura,12,2008,11,2009,11,NDJ,-0.3933333333333338,0.10333333333333337,-0.004333333333333476,1.1734,2008.875,-0.1346133333333306,1.0986566666666668
precipitacao,12,2008,12,2009,12,DJF,-0.5733333333333338,0.11000000000000003,-0.050666666666666804,1.1094666666666668,2008.9583333333333,30.649999999999977,213.29000000000008
temperatura,12,2008,12,2009,12,DJF,-0.5733333333333338,0.11000000000000003,-0.050666666666666804,1.1094666666666668,2008.9583333333333,-0.6852511111111106,0.6574155555555556
precipitacao,12,2009,1,2010,1,JFM,-0.7500000000000004,0.13000000000000003,-0.050000000000000135,1.0253666666666665,2009.0416666666667,43.476666666666574,109.02999999999997
temperatura,12,2009,1,2010,1,JFM,-0.7500000000000004,0.13000000000000003,-0.050000000000000135,1.0253666666666665,2009.0416666666667,-0.7154044444444452,0.8929011111111116
precipitacao,12,2009,2,2010,2,FMA,-0.8400000000000004,0.11333333333333336,0.04699999999999987,0.8707333333333332,2009.125,-0.09000000000003183,49.02666666666664
temperatura,12,2009,2,2010,2,FMA,-0.8400000000000004,0.11333333333333336,0.04699999999999987,0.8707333333333332,2009.125,-1.0006766666666707,0.4243633333333321
precipitacao,12,2009,3,2010,3,MAM,-0.7866666666666672,0.13000000000000003,0.09799999999999986,0.6743333333333333,2009.2083333333333,50.8900000000001,-46.26666666666668
temperatura,12,2009,3,2010,3,MAM,-0.7866666666666672,0.13000000000000003,0.09799999999999986,0.6743333333333333,2009.2083333333333,-0.6571511111111121,-0.040671111111109326
precipitacao,12,2009,4,2010,4,AMJ,-0.6066666666666671,0.16333333333333336,0.12966666666666654,0.36319999999999997,2009.2916666666667,-1.0699999999999363,-52.94666666666667
temperatura,12,2009,4,2010,4,AMJ,-0.6066666666666671,0.16333333333333336,0.12966666666666654,0.36319999999999997,2009.2916666666667,-0.03886555555554949,-0.5567255555555555
precipitacao,12,2009,5,2010,5,MJJ,-0.31666666666666715,0.2833333333333334,0.16099999999999987,-0.032999999999999995,2009.375,29.026666666666642,-61.87000000000003
temperatura,12,2009,5,2010,5,MJJ,-0.31666666666666715,0.2833333333333334,0.16099999999999987,-0.032999999999999995,2009.375,-0.07540333333333038,0.05306333333333768
precipitacao,12,2009,6,2010,6,JJA,0.0066666666666661545,0.31000000000000005,0.16099999999999984,-0.3912,2009.4583333333333,-27.56666666666669,-61.99666666666667
temperatura,12,2009,6,2010,6,JJA,0.0066666666666661545,0.31000000000000005,0.16099999999999984,-0.3912,2009.4583333333333,0.08492888888888928,-0.19143888888888938
precipitacao,12,2009,7,2010,7,JAS,0.2899999999999995,0.2866666666666667,0.054999999999999855,-0.8123333333333332,2009.5416666666667,8.553333333333342,-31.633333333333326
temperatura,12,2009,7,2010,7,JAS,0.2899999999999995,0.2866666666666667,0.054999999999999855,-0.8123333333333332,2009.5416666666667,-0.6810255555555607,0.39009333333333274
precipitacao,12,2009,8,2010,8,ASO,0.4666666666666662,0.1533333333333334,-0.06533333333333348,-0.7966000000000001,2009.625,94.32999999999996,-23.950000000000017
temperatura,12,2009,8,2010,8,ASO,0.4666666666666662,0.1533333333333334,-0.06533333333333348,-0.7966000000000001,2009.625,-0.4634699999999974,-0.641013333333337
precipitacao,12,2009,9,2010,9,SON,0.5733333333333329,0.0733333333333334,-0.13300000000000015,-0.6454333333333333,2009.7083333333333,131.90333333333336,22.75
temperatura,12,2009,9,2010,9,SON,0.5733333333333329,0.0733333333333334,-0.13300000000000015,-0.6454333333333333,2009.7083333333333,-0.6854055555555547,-0.43798444444444584
precipitacao,12,2009,10,2010,10,OND,0.7133333333333328,0.10333333333333339,-0.07333333333333349,-0.20576666666666665,2009.7916666666667,158.8666666666667,94.5766666666666
temperatura,12,2009,10,2010,10,OND,0.7133333333333328,0.10333333333333339,-0.07333333333333349,-0.20576666666666665,2009.7916666666667,0.12499333333333595,-0.6961377777777784
precipitacao,12,2009,11,2010,11,NDJ,0.9633333333333328,0.12666666666666673,-0.061000000000000144,-0.6156,2009.875,76.65000000000003,185.81000000000006
temperatura,12,2009,11,2010,11,NDJ,0.9633333333333328,0.12666666666666673,-0.061000000000000144,-0.6156,2009.875,-0.06631333333333345,0.12505666666666926
precipitacao,12,2009,12,2010,12,DJF,1.243333333333333,0.2566666666666667,0.02666666666666652,-0.4078333333333333,2009.9583333333333,84.25,159.29000000000008
temperatura,12,2009,12,2010,12,DJF,1.243333333333333,0.2566666666666667,0.02666666666666652,-0.4078333333333333,2009.9583333333333,0.8329155555555552,0.5041488888888885
precipitacao,12,2010,1,2011,1,JFM,1.426666666666666,0.3333333333333334,0.12899999999999986,-0.6884,2010.0416666666667,126.47666666666657,116.32999999999993
temperatura,12,2010,1,2011,1,JFM,1.426666666666666,0.3333333333333334,0.12899999999999986,-0.6884,2010.0416666666667,0.6323288888888925,0.24930111111111586
precipitacao,12,2010,2,2011,2,FMA,1.3933333333333326,0.4333333333333334,0.15899999999999984,-0.30843333333333334,2010.125,189.90999999999997,47.02666666666664
temperatura,12,2010,2,2011,2,FMA,1.3933333333333326,0.4333333333333334,0.15899999999999984,-0.30843333333333334,2010.125,1.0986566666666668,0.11902999999999864
precipitacao,12,2010,3,2011,3,MAM,1.186666666666666,0.47000000000000003,0.25833333333333314,-0.47459999999999997,2010.2083333333333,213.29000000000008,17.333333333333258
temperatura,12,2010,3,2011,3,MAM,1.186666666666666,0.47000000000000003,0.25833333333333314,-0.47459999999999997,2010.2083333333333,0.6574155555555556,-0.524937777777776
precipitacao,12,2010,4,2011,4,AMJ,0.8233333333333327,0.4400000000000001,0.2836666666666665,-0.09649999999999999,2010.2916666666667,109.02999999999997,-15.74666666666667
temperatura,12,2010,4,2011,4,AMJ,0.8233333333333327,0.4400000000000001,0.2836666666666665,-0.09649999999999999,2010.2916666666667,0.8929011111111116,-0.8397922222222256
precipitacao,12,2010,5,2011,5,MJJ,0.3666666666666661,0.39333333333333337,0.2663333333333332,0.5022333333333333,2010.375,49.02666666666664,-65.67000000000002
temperatura,12,2010,5,2011,5,MJJ,0.3666666666666661,0.39333333333333337,0.2663333333333332,0.5022333333333333,2010.375,0.4243633333333321,-0.7725699999999982
precipitacao,12,2010,6,2011,6,JJA,-0.14666666666666728,0.39333333333333337,0.06699999999999985,1.1563666666666668,2010.4583333333333,-46.26666666666668,-15.396666666666675
temperatura,12,2010,6,2011,6,JJA,-0.14666666666666728,0.39333333333333337,0.06699999999999985,1.1563666666666668,2010.4583333333333,-0.040671111111109326,-0.2891388888888855
precipitacao,12,2010,7,2011,7,JAS,-0.6000000000000006,0.3866666666666667,-0.056666666666666816,1.8384666666666665,2010.5416666666667,-52.94666666666667,-93.43333333333332
temperatura,12,2010,7,2011,7,JAS,-0.6000000000000006,0.3866666666666667,-0.056666666666666816,1.8384666666666665,2010.5416666666667,-0.5567255555555555,-0.02984000000000009
precipitacao,12,2010,8,2011,8,ASO,-0.9600000000000005,0.39333333333333337,-0.06733333333333348,2.0015,2010.625,-61.87000000000003,-74.65
temperatura,12,2010,8,2011,8,ASO,-0.9600000000000005,0.39333333333333337,-0.06733333333333348,2.0015,2010.625,0.05306333333333768,-0.2502133333333312
precipitacao,12,2010,9,2011,9,SON,-1.2166666666666672,0.24000000000000007,-0.10966666666666681,1.4451999999999998,2010.7083333333333,-61.99666666666667,-45.849999999999966
temperatura,12,2010,9,2011,9,SON,-1.2166666666666672,0.24000000000000007,-0.10966666666666681,1.4451999999999998,2010.7083333333333,-0.19143888888888938,-0.9020511111111134
precipitacao,12,2010,10,2011,10,OND,-1.403333333333334,0.19333333333333338,-0.25500000000000017,1.0822666666666665,2010.7916666666667,-31.633333333333326,27.776666666666642
temperatura,12,2010,10,2011,10,OND,-1.403333333333334,0.19333333333333338,-0.25500000000000017,1.0822666666666665,2010.7916666666667,0.39009333333333274,-0.7467044444444433
precipitacao,12,2010,11,2011,11,NDJ,-1.5133333333333339,0.17000000000000007,-0.3996666666666668,1.0843333333333331,2010.875,-23.950000000000017,36.90999999999997
temperatura,12,2010,11,2011,11,NDJ,-1.5133333333333339,0.17000000000000007,-0.3996666666666668,1.0843333333333331,2010.875,-0.641013333333337,-1.1717433333333354
precipitacao,12,2010,12,2011,12,DJF,-1.5300000000000005,0.19333333333333338,-0.3813333333333335,1.0188666666666664,2010.9583333333333,22.75,-38.809999999999945
temperatura,12,2010,12,2011,12,DJF,-1.5300000000000005,0.19333333333333338,-0.3813333333333335,1.0188666666666664,2010.9583333333333,-0.43798444444444584,-0.4500511111111116
precipitacao,12,2011,1,2012,1,JFM,-1.4466666666666672,0.1633333333333334,-0.17200000000000015,0.5913666666666665,2011.0416666666667,94.5766666666666,-103.47000000000003
temperatura,12,2011,1,2012,1,JFM,-1.4466666666666672,0.1633333333333334,-0.17200000000000015,0.5913666666666665,2011.0416666666667,-0.6961377777777784,-0.2833988888888861
precipitacao,12,2011,2,2012,2,FMA,-1.2766666666666673,0.19666666666666677,0.07333333333333318,0.4438666666666666,2011.125,185.81000000000006,-25.873333333333335
temperatura,12,2011,2,2012,2,FMA,-1.2766666666666673,0.19666666666666677,0.07333333333333318,0.4438666666666666,2011.125,0.12505666666666926,0.2454966666666678
precipitacao,12,2011,3,2012,3,MAM,-1.0666666666666673,0.27333333333333343,0.26633333333333314,0.27666666666666656,2011.2083333333333,159.29000000000008,-20.066666666666663
temperatura,12,2011,3,2012,3,MAM,-1.0666666666666673,0.27333333333333343,0.26633333333333314,0.27666666666666656,2011.2083333333333,0.5041488888888885,-0.21633777777777752
precipitacao,12,2011,4,2012,4,AMJ,-0.8633333333333338,0.2933333333333334,0.25399999999999984,-0.030800000000000122,2011.2916666666667,116.32999999999993,172.15333333333334
temperatura,12,2011,4,2012,4,AMJ,-0.8633333333333338,0.2933333333333334,0.25399999999999984,-0.030800000000000122,2011.2916666666667,0.24930111111111586,-0.06392555555556001
precipitacao,12,2011,5,2012,5,MJJ,-0.6766666666666673,0.17333333333333342,0.14399999999999982,0.03316666666666657,2011.375,47.02666666666664,119.53
temperatura,12,2011,5,2012,5,MJJ,-0.6766666666666673,0.17333333333333342,0.14399999999999982,0.03316666666666657,2011.375,0.11902999999999864,-0.14510333333333492
precipitacao,12,2011,6,2012,6,JJA,-0.5066666666666673,0.010000000000000073,0.03999999999999985,0.09889999999999984,2011.4583333333333,17.333333333333258,118.20333333333332
temperatura,12,2011,6,2012,6,JJA,-0.5066666666666673,0.010000000000000073,0.03999999999999985,0.09889999999999984,2011.4583333333333,-0.524937777777776,0.2652277777777776
precipitacao,12,2011,7,2012,7,JAS,-0.40333333333333393,-0.04333333333333326,0.06299999999999985,-0.07250000000000016,2011.5416666666667,-15.74666666666667,-19.333333333333314
temperatura,12,2011,7,2012,7,JAS,-0.40333333333333393,-0.04333333333333326,0.06299999999999985,-0.07250000000000016,2011.5416666666667,-0.8397922222222256,0.4133933333333353
precipitacao,12,2011,8,2012,8,ASO,-0.40333333333333393,-0.02999999999999992,0.20733333333333318,-0.895066666666667,2011.625,-65.67000000000002,-53.849999999999994
temperatura,12,2011,8,2012,8,ASO,-0.40333333333333393,-0.02999999999999992,0.20733333333333318,-0.895066666666667,2011.625,-0.7725699999999982,0.9177533333333336
precipitacao,12,2011,9,2012,9,SON,-0.5433333333333339,0.03666666666666674,0.25633333333333314,-1.2787333333333335,2011.7083333333333,-15.396666666666675,-59.14999999999998
temperatura,12,2011,9,2012,9,SON,-0.5433333333333339,0.03666666666666674,0.25633333333333314,-1.2787333333333335,2011.7083333333333,-0.2891388888888855,0.6564822222222233
precipitacao,12,2011,10,2012,10,OND,-0.733333333333334,0.05000000000000007,0.30066666666666647,-0.6879333333333335,2011.7916666666667,-93.43333333333332,-26.52333333333337
temperatura,12,2011,10,2012,10,OND,-0.733333333333334,0.05000000000000007,0.30066666666666647,-0.6879333333333335,2011.7916666666667,-0.02984000000000009,1.0105288888888921
precipitacao,12,2011,11,2012,11,NDJ,-0.9066666666666672,-0.0266666666666666,0.2979999999999999,-0.5897666666666669,2011.875,-74.65,-38.09000000000003
temperatura,12,2011,11,2012,11,NDJ,-0.9066666666666672,-0.0266666666666666,0.2979999999999999,-0.5897666666666669,2011.875,-0.2502133333333312,0.15752333333333368
precipitacao,12,2011,12,2012,12,DJF,-0.9600000000000005,-0.3033333333333333,0.18799999999999983,0.6847333333333331,2011.9583333333333,-45.849999999999966,-21.209999999999923
temperatura,12,2011,12,2012,12,DJF,-0.9600000000000005,-0.3033333333333333,0.18799999999999983,0.6847333333333331,2011.9583333333333,-0.9020511111111134,0.31208222222222304
precipitacao,12,2012,1,2013,1,JFM,-0.8833333333333339,-0.5433333333333333,0.08466666666666652,1.0830999999999997,2012.0416666666667,27.776666666666642,-32.66999999999996
temperatura,12,2012,1,2013,1,JFM,-0.8833333333333339,-0.5433333333333333,0.08466666666666652,1.0830999999999997,2012.0416666666667,-0.7467044444444433,-0.4276988888888873
precipitacao,12,2012,2,2013,2,FMA,-0.7300000000000005,-0.7266666666666666,-0.05333333333333348,1.2912333333333332,2012.125,36.90999999999997,14.726666666666688
temperatura,12,2012,2,2013,2,FMA,-0.7300000000000005,-0.7266666666666666,-0.05333333333333348,1.2912333333333332,2012.125,-1.1717433333333354,-0.4960366666666651
precipitacao,12,2012,3,2013,3,MAM,-0.5700000000000006,-0.6233333333333333,-0.002000000000000149,0.5249999999999997,2012.2083333333333,-38.809999999999945,43.333333333333314
temperatura,12,2012,3,2013,3,MAM,-0.5700000000000006,-0.6233333333333333,-0.002000000000000149,0.5249999999999997,2012.2083333333333,-0.4500511111111116,-0.43183777777777266
precipitacao,12,2012,4,2013,4,AMJ,-0.45000000000000057,-0.6166666666666666,-0.10766666666666681,0.2190999999999997,2012.2916666666667,-103.47000000000003,61.853333333333325
temperatura,12,2012,4,2013,4,AMJ,-0.45000000000000057,-0.6166666666666666,-0.10766666666666681,0.2190999999999997,2012.2916666666667,-0.2833988888888861,-0.12835888888889002
precipitacao,12,2012,5,2013,5,MJJ,-0.3233333333333339,-0.4833333333333332,-0.20500000000000015,0.36439999999999967,2012.375,-25.873333333333335,73.92999999999998
temperatura,12,2012,5,2013,5,MJJ,-0.3233333333333339,-0.4833333333333332,-0.20500000000000015,0.36439999999999967,2012.375,0.2454966666666678,-0.022003333333330488
precipitacao,12,2012,6,2013,6,JJA,-0.16666666666666727,-0.4299999999999999,-0.2136666666666668,0.20709999999999973,2012.4583333333333,-20.066666666666663,38.60333333333335
temperatura,12,2012,6,2013,6,JJA,-0.16666666666666727,-0.4299999999999999,-0.2136666666666668,0.20709999999999973,2012.4583333333333,-0.21633777777777752,-0.3353388888888915
precipitacao,12,2012,7,2013,7,JAS,0.04333333333333276,-0.31333333333333324,0.058666666666666534,0.4049999999999998,2012.5416666666667,172.15333333333334,24.56666666666669
temperatura,12,2012,7,2013,7,JAS,0.04333333333333276,-0.31333333333333324,0.058666666666666534,0.4049999999999998,2012.5416666666667,-0.06392555555556001,-0.5049399999999977
precipitacao,12,2012,8,2013,8,ASO,0.23333333333333275,-0.27999999999999997,0.39933333333333315,0.5169999999999998,2012.625,119.53,12.25
temperatura,12,2012,8,2013,8,ASO,0.23333333333333275,-0.27999999999999997,0.39933333333333315,0.5169999999999998,2012.625,-0.14510333333333492,-0.5822800000000008
precipitacao,12,2012,9,2013,9,SON,0.34666666666666607,-0.23333333333333325,0.5503333333333332,0.7701666666666664,2012.7083333333333,118.20333333333332,26.850000000000023
temperatura,12,2012,9,2013,9,SON,0.34666666666666607,-0.23333333333333325,0.5503333333333332,0.7701666666666664,2012.7083333333333,0.2652277777777776,-0.31208444444444794
precipitacao,12,2012,10,2013,10,OND,0.34666666666666607,-0.19999999999999996,0.40499999999999986,0.20233333333333312,2012.7916666666667,-19.333333333333314,-66.9233333333334
temperatura,12,2012,10,2013,10,OND,0.34666666666666607,-0.19999999999999996,0.40499999999999986,0.20233333333333312,2012.7916666666667,0.4133933333333353,-0.24620444444444445
precipitacao,12,2012,11,2013,11,NDJ,0.2599999999999994,-0.15999999999999992,0.15466666666666654,-0.527566666666667,2012.875,-53.849999999999994,-198.89
temperatura,12,2012,11,2013,11,NDJ,0.2599999999999994,-0.15999999999999992,0.15466666666666654,-0.527566666666667,2012.875,0.9177533333333336,0.779289999999996
precipitacao,12,2012,12,2013,12,DJF,0.12666666666666607,-0.14666666666666658,0.09266666666666652,-0.9695333333333336,2012.9583333333333,-59.14999999999998,-273.80999999999995
temperatura,12,2012,12,2013,12,DJF,0.12666666666666607,-0.14666666666666658,0.09266666666666652,-0.9695333333333336,2012.9583333333333,0.6564822222222233,1.4593822222222244
precipitacao,12,2013,1,2014,1,JFM,-0.04666666666666725,-0.0666666666666666,0.034333333333333195,-0.7978000000000002,2013.0416666666667,-26.52333333333337,-259.57
temperatura,12,2013,1,2014,1,JFM,-0.04666666666666725,-0.0666666666666666,0.034333333333333195,-0.7978000000000002,2013.0416666666667,1.0105288888888921,1.6077677777777808
precipitacao,12,2013,2,2014,2,FMA,-0.18333333333333393,-0.019999999999999924,0.1303333333333332,0.007699999999999781,2013.125,-38.09000000000003,-149.97333333333336
temperatura,12,2013,2,2014,2,FMA,-0.18333333333333393,-0.019999999999999924,0.1303333333333332,0.007699999999999781,2013.125,0.15752333333333368,0.946196666666669
precipitacao,12,2013,3,2014,3,MAM,-0.2500000000000006,-0.019999999999999924,0.06899999999999985,0.7204666666666665,2013.2083333333333,-21.209999999999923,-82.26666666666668
temperatura,12,2013,3,2014,3,MAM,-0.2500000000000006,-0.019999999999999924,0.06899999999999985,0.7204666666666665,2013.2083333333333,0.31208222222222304,0.3706288888888878
precipitacao,12,2013,4,2014,4,AMJ,-0.23666666666666727,-0.02333333333333326,-0.00833333333333347,0.9003333333333331,2013.2916666666667,-32.66999999999996,-75.14666666666666
temperatura,12,2013,4,2014,4,AMJ,-0.23666666666666727,-0.02333333333333326,-0.00833333333333347,0.9003333333333331,2013.2916666666667,-0.4276988888888873,0.5163077777777758
precipitacao,12,2013,5,2014,5,MJJ,-0.24333333333333393,0.02666666666666674,-0.24000000000000013,0.7816666666666664,2013.375,14.726666666666688,-64.87000000000002
temperatura,12,2013,5,2014,5,MJJ,-0.24333333333333393,0.02666666666666674,-0.24000000000000013,0.7816666666666664,2013.375,-0.4960366666666651,0.566430000000004
precipitacao,12,2013,6,2014,6,JJA,-0.29333333333333395,0.04666666666666674,-0.4333333333333334,0.23303333333333312,2013.4583333333333,43.333333333333314,-37.69666666666666
temperatura,12,2013,6,2014,6,JJA,-0.29333333333333395,0.04666666666666674,-0.4333333333333334,0.23303333333333312,2013.4583333333333,-0.43183777777777266,0.4390944444444429
precipitacao,12,2013,7,2014,7,JAS,-0.3766666666666672,0.02333333333333341,-0.3946666666666668,0.3445999999999998,2013.5416666666667,61.853333333333325,-12.73333333333332
temperatura,12,2013,7,2014,7,JAS,-0.3766666666666672,0.02333333333333341,-0.3946666666666668,0.3445999999999998,2013.5416666666667,-0.12835888888889002,0.4950600000000023
precipitacao,12,2013,8,2014,8,ASO,-0.39000000000000057,-0.0033333333333332577,-0.2906666666666668,-0.2955666666666668,2013.625,73.92999999999998,-91.25
temperatura,12,2013,8,2014,8,ASO,-0.39000000000000057,-0.0033333333333332577,-0.2906666666666668,-0.2955666666666668,2013.625,-0.022003333333330488,0.7865199999999994
precipitacao,12,2013,9,2014,9,SON,-0.3700000000000006,-0.03333333333333326,-0.2283333333333335,-0.7579666666666669,2013.7083333333333,38.60333333333335,-94.44999999999999
temperatura,12,2013,9,2014,9,SON,-0.3700000000000006,-0.03333333333333326,-0.2283333333333335,-0.7579666666666669,2013.7083333333333,-0.3353388888888915,0.8649155555555552
precipitacao,12,2013,10,2014,10,OND,-0.2666666666666673,-0.08333333333333326,-0.22400000000000012,-1.2256000000000002,2013.7916666666667,24.56666666666669,-62.32333333333338
temperatura,12,2013,10,2014,10,OND,-0.2666666666666673,-0.08333333333333326,-0.22400000000000012,-1.2256000000000002,2013.7916666666667,-0.5049399999999977,0.6383288888888927
precipitacao,12,2013,11,2014,11,NDJ,-0.19333333333333394,-0.18666666666666662,-0.09300000000000015,-0.6423666666666669,2013.875,12.25,-87.28999999999996
temperatura,12,2013,11,2014,11,NDJ,-0.19333333333333394,-0.18666666666666662,-0.09300000000000015,-0.6423666666666669,2013.875,-0.5822800000000008,1.0251233333333332
precipitacao,12,2013,12,2014,12,DJF,-0.12333333333333392,-0.19999999999999993,0.05733333333333318,-0.06916666666666689,2013.9583333333333,26.850000000000023,-52.809999999999945
temperatura,12,2013,12,2014,12,DJF,-0.12333333333333392,-0.19999999999999993,0.05733333333333318,-0.06916666666666689,2013.9583333333333,-0.31208444444444794,0.8995822222222216
precipitacao,12,2014,1,2015,1,JFM,-0.15666666666666726,-0.2166666666666666,0.07966666666666651,-0.1441666666666669,2014.0416666666667,-66.9233333333334,-8.970000000000027
temperatura,12,2014,1,2015,1,JFM,-0.15666666666666726,-0.2166666666666666,0.07966666666666651,-0.1441666666666669,2014.0416666666667,-0.24620444444444445,0.684534444444445
precipitacao,12,2014,2,2015,2,FMA,-0.18666666666666723,-0.14666666666666658,-0.016333333333333488,-0.09970000000000022,2014.125,-198.89,91.92666666666662
temperatura,12,2014,2,2015,2,FMA,-0.18666666666666723,-0.14666666666666658,-0.016333333333333488,-0.09970000000000022,2014.125,0.779289999999996,-0.1298033333333315
precipitacao,12,2014,3,2015,3,MAM,-0.15666666666666726,-0.1366666666666666,-0.1136666666666668,0.03553333333333312,2014.2083333333333,-273.80999999999995,71.43333333333328
temperatura,12,2014,3,2015,3,MAM,-0.15666666666666726,-0.1366666666666666,-0.1136666666666668,0.03553333333333312,2014.2083333333333,1.4593822222222244,-0.00687111111110994
precipitacao,12,2014,4,2015,4,AMJ,0.006666666666666081,-0.0866666666666666,-0.09933333333333348,0.4676333333333331,2014.2916666666667,-259.57,-9.746666666666641
temperatura,12,2014,4,2015,4,AMJ,0.006666666666666081,-0.0866666666666666,-0.09933333333333348,0.4676333333333331,2014.2916666666667,1.6077677777777808,0.15914111111110785
precipitacao,12,2014,5,2015,5,MJJ,0.19333333333333272,-0.02333333333333326,-0.10033333333333348,0.2118333333333331,2014.375,-149.97333333333336,30.22999999999999
temperatura,12,2014,5,2015,5,MJJ,0.19333333333333272,-0.02333333333333326,-0.10033333333333348,0.2118333333333331,2014.375,0.946196666666669,0.5544966666666689
precipitacao,12,2014,6,2015,6,JJA,0.2733333333333327,0.07000000000000008,-0.05933333333333348,0.3365666666666664,2014.4583333333333,-82.26666666666668,16.903333333333364
temperatura,12,2014,6,2015,6,JJA,0.2733333333333327,0.07000000000000008,-0.05933333333333348,0.3365666666666664,2014.4583333333333,0.3706288888888878,1.0142944444444453
precipitacao,12,2014,7,2015,7,JAS,0.21333333333333274,0.06666666666666674,-0.16100000000000014,0.21433333333333307,2014.5416666666667,-75.14666666666666,180.46666666666673
temperatura,12,2014,7,2015,7,JAS,0.21333333333333274,0.06666666666666674,-0.16100000000000014,0.21433333333333307,2014.5416666666667,0.5163077777777758,1.4258266666666692
precipitacao,12,2014,8,2015,8,ASO,0.1199999999999994,0.03666666666666673,-0.25433333333333347,0.34309999999999974,2014.625,-64.87000000000002,89.94999999999999
temperatura,12,2014,8,2015,8,ASO,0.1199999999999994,0.03666666666666673,-0.25433333333333347,0.34309999999999974,2014.625,0.566430000000004,1.6646200000000029
precipitacao,12,2014,9,2015,9,SON,0.12666666666666607,0.0233333333333334,-0.2933333333333335,-0.3102666666666669,2014.7083333333333,-37.69666666666666,188.35000000000002
temperatura,12,2014,9,2015,9,SON,0.12666666666666607,0.0233333333333334,-0.2933333333333335,-0.3102666666666669,2014.7083333333333,0.4390944444444429,1.5163488888888885
precipitacao,12,2014,10,2015,10,OND,0.27333333333333276,0.0333333333333334,-0.1253333333333335,-0.40560000000000024,2014.7916666666667,-12.73333333333332,132.97666666666657
temperatura,12,2014,10,2015,10,OND,0.27333333333333276,0.0333333333333334,-0.1253333333333335,-0.40560000000000024,2014.7916666666667,0.4950600000000023,1.2805288888888917
precipitacao,12,2014,11,2015,11,NDJ,0.4833333333333327,-0.14999999999999994,0.0016666666666665172,-0.5590333333333336,2014.875,-91.25,195.21000000000004
temperatura,12,2014,11,2015,11,NDJ,0.4833333333333327,-0.14999999999999994,0.0016666666666665172,-0.5590333333333336,2014.875,0.7865199999999994,0.6748233333333289
precipitacao,12,2014,12,2015,12,DJF,0.6699999999999994,-0.3133333333333333,0.06533333333333319,0.25466666666666643,2014.9583333333333,-94.44999999999999,127.69000000000017
temperatura,12,2014,12,2015,12,DJF,0.6699999999999994,-0.3133333333333333,0.06533333333333319,0.25466666666666643,2014.9583333333333,0.8649155555555552,0.5256488888888917
precipitacao,12,2015,1,2016,1,JFM,0.7433333333333327,-0.25999999999999995,-0.015000000000000147,0.49256666666666643,2015.0416666666667,-62.32333333333338,15.629999999999995
temperatura,12,2015,1,2016,1,JFM,0.7433333333333327,-0.25999999999999995,-0.015000000000000147,0.49256666666666643,2015.0416666666667,0.6383288888888927,0.42133444444444734
precipitacao,12,2015,2,2016,2,FMA,0.7266666666666661,-0.04333333333333326,-0.13300000000000015,1.071133333333333,2015.125,-87.28999999999996,-8.673333333333403
temperatura,12,2015,2,2016,2,FMA,0.7266666666666661,-0.04333333333333326,-0.13300000000000015,1.071133333333333,2015.125,1.0251233333333332,1.3402966666666707
precipitacao,12,2015,3,2016,3,MAM,0.6999999999999994,0.046666666666666745,-0.2286666666666668,0.8881666666666663,2015.2083333333333,-52.809999999999945,-20.666666666666686
temperatura,12,2015,3,2016,3,MAM,0.6999999999999994,0.046666666666666745,-0.2286666666666668,0.8881666666666663,2015.2083333333333,0.8995822222222216,0.9855622222222209
precipitacao,12,2015,4,2016,4,AMJ,0.7433333333333327,0.030000000000000072,-0.19800000000000015,1.0061333333333329,2015.2916666666667,-8.970000000000027,66.85333333333332
temperatura,12,2015,4,2016,4,AMJ,0.7433333333333327,0.030000000000000072,-0.19800000000000015,1.0061333333333329,2015.2916666666667,0.684534444444445,0.10454111111111075
precipitacao,12,2015,5,2016,5,MJJ,0.8733333333333327,0.016666666666666743,-0.0030000000000001505,0.7391666666666663,2015.375,91.92666666666662,47.129999999999995
temperatura,12,2015,5,2016,5,MJJ,0.8733333333333327,0.016666666666666743,-0.0030000000000001505,0.7391666666666663,2015.375,-0.1298033333333315,-0.7570366666666608
precipitacao,12,2015,6,2016,6,JJA,1.0299999999999994,0.07666666666666674,0.17599999999999985,0.7184999999999997,2015.4583333333333,71.43333333333328,72.40333333333334
temperatura,12,2015,6,2016,6,JJA,1.0299999999999994,0.07666666666666674,0.17599999999999985,0.7184999999999997,2015.4583333333333,-0.00687111111110994,-0.5843722222222212
precipitacao,12,2015,7,2016,7,JAS,1.2233333333333327,-0.0033333333333332624,0.25366666666666654,0.9349666666666664,2015.5416666666667,-9.746666666666641,-71.43333333333331
temperatura,12,2015,7,2016,7,JAS,1.2233333333333327,-0.0033333333333332624,0.25366666666666654,0.9349666666666664,2015.5416666666667,0.15914111111110785,-0.09063999999999695
precipitacao,12,2015,8,2016,8,ASO,1.4533333333333325,-0.14333333333333326,0.3629999999999998,1.1503666666666665,2015.625,30.22999999999999,25.650000000000034
temperatura,12,2015,8,2016,8,ASO,1.4533333333333325,-0.14333333333333326,0.3629999999999998,1.1503666666666665,2015.625,0.5544966666666689,-0.20991333333333273
precipitacao,12,2015,9,2016,9,SON,1.7299999999999993,-0.2299999999999999,0.3623333333333332,1.0940666666666663,2015.7083333333333,16.903333333333364,32.75
temperatura,12,2015,9,2016,9,SON,1.7299999999999993,-0.2299999999999999,0.3623333333333332,1.0940666666666663,2015.7083333333333,1.0142944444444453,-0.4730511111111113
precipitacao,12,2015,10,2016,10,OND,2.0099999999999993,-0.14666666666666658,0.4479999999999998,0.47809999999999975,2015.7916666666667,180.46666666666673,37.67666666666662
temperatura,12,2015,10,2016,10,OND,2.0099999999999993,-0.14666666666666658,0.4479999999999998,0.47809999999999975,2015.7916666666667,1.4258266666666692,0.009728888888890452
precipitacao,12,2015,11,2016,11,NDJ,2.2499999999999996,0.020000000000000073,0.3743333333333332,0.3559666666666664,2015.875,89.94999999999999,106.11000000000001
temperatura,12,2015,11,2016,11,NDJ,2.2499999999999996,0.020000000000000073,0.3743333333333332,0.3559666666666664,2015.875,1.6646200000000029,0.12015666666666647
precipitacao,12,2015,12,2016,12,DJF,2.4399999999999995,0.23000000000000007,0.3669999999999998,0.15553333333333305,2015.9583333333333,188.35000000000002,-55.50999999999999
temperatura,12,2015,12,2016,12,DJF,2.4399999999999995,0.23000000000000007,0.3669999999999998,0.15553333333333305,2015.9583333333333,1.5163488888888885,0.40858222222222196
precipitacao,12,2016,1,2017,1,JFM,2.513333333333333,0.3666666666666667,0.29466666666666647,0.6760999999999996,2016.0416666666667,132.97666666666657,-2.769999999999982
temperatura,12,2016,1,2017,1,JFM,2.513333333333333,0.3666666666666667,0.29466666666666647,0.6760999999999996,2016.0416666666667,1.2805288888888917,-0.0645322222222191
precipitacao,12,2016,2,2017,2,FMA,2.4333333333333322,0.4100000000000001,0.14233333333333317,0.808733333333333,2016.125,195.21000000000004,-96.07333333333338
temperatura,12,2016,2,2017,2,FMA,2.4333333333333322,0.4100000000000001,0.14233333333333317,0.808733333333333,2016.125,0.6748233333333289,-0.4045033333333308
precipitacao,12,2016,3,2017,3,MAM,2.1333333333333324,0.34666666666666673,0.048999999999999856,1.5077999999999996,2016.2083333333333,127.69000000000017,42.833333333333314
temperatura,12,2016,3,2017,3,MAM,2.1333333333333324,0.34666666666666673,0.048999999999999856,1.5077999999999996,2016.2083333333333,0.5256488888888917,-0.47980444444444004
precipitacao,12,2016,4,2017,4,AMJ,1.6699999999999993,0.21666666666666676,0.009333333333333185,1.0761666666666665,2016.2916666666667,15.629999999999995,26.55333333333337
temperatura,12,2016,4,2017,4,AMJ,1.6699999999999993,0.21666666666666676,0.009333333333333185,1.0761666666666665,2016.2916666666667,0.42133444444444734,-0.33729222222222077
precipitacao,12,2016,5,2017,5,MJJ,1.1233333333333329,0.11333333333333341,0.008333333333333188,0.7158666666666664,2016.375,-8.673333333333403,-39.670000000000016
temperatura,12,2016,5,2017,5,MJJ,1.1233333333333329,0.11333333333333341,0.008333333333333188,0.7158666666666664,2016.375,1.3402966666666707,-0.45283666666666633
precipitacao,12,2016,6,2017,6,JJA,0.5899999999999994,0.1533333333333334,-0.13666666666666683,0.8916,2016.4583333333333,-20.666666666666686,-65.29666666666665
temperatura,12,2016,6,2017,6,JJA,0.5899999999999994,0.1533333333333334,-0.13666666666666683,0.8916,2016.4583333333333,0.9855622222222209,-0.8726388888888881
precipitacao,12,2016,7,2017,7,JAS,0.15666666666666607,0.25000000000000006,-0.43766666666666687,0.9948333333333332,2016.5416666666667,66.85333333333332,-108.13333333333333
temperatura,12,2016,7,2017,7,JAS,0.15666666666666607,0.25000000000000006,-0.43766666666666687,0.9948333333333332,2016.5416666666667,0.10454111111111075,-0.43000666666666376
precipitacao,12,2016,8,2017,8,ASO,-0.14666666666666728,0.35666666666666674,-0.5476666666666669,0.7445333333333332,2016.625,47.129999999999995,-101.75
temperatura,12,2016,8,2017,8,ASO,-0.14666666666666728,0.35666666666666674,-0.5476666666666669,0.7445333333333332,2016.625,-0.7570366666666608,0.1818866666666672
precipitacao,12,2016,9,2017,9,SON,-0.31666666666666726,0.2700000000000001,-0.5456666666666669,0.6669666666666666,2016.7083333333333,72.40333333333334,-147.64999999999998
temperatura,12,2016,9,2017,9,SON,-0.31666666666666726,0.2700000000000001,-0.5456666666666669,0.6669666666666666,2016.7083333333333,-0.5843722222222212,0.2652488888888911
precipitacao,12,2016,10,2017,10,OND,-0.42333333333333395,0.2266666666666667,-0.4170000000000001,0.47236666666666655,2016.7916666666667,-71.43333333333331,-105.62333333333339
temperatura,12,2016,10,2017,10,OND,-0.42333333333333395,0.2266666666666667,-0.4170000000000001,0.47236666666666655,2016.7916666666667,-0.09063999999999695,-0.24917111111111012
precipitacao,12,2016,11,2017,11,NDJ,-0.4733333333333339,0.15000000000000005,-0.3966666666666668,0.21596666666666656,2016.875,25.650000000000034,-77.49000000000001
temperatura,12,2016,11,2017,11,NDJ,-0.4733333333333339,0.15000000000000005,-0.3966666666666668,0.21596666666666656,2016.875,-0.20991333333333273,-0.6624100000000013
precipitacao,12,2016,12,2017,12,DJF,-0.4566666666666673,0.25000000000000006,-0.35433333333333344,-0.7987000000000002,2016.9583333333333,32.75,-144.70999999999998
temperatura,12,2016,12,2017,12,DJF,-0.4566666666666673,0.25000000000000006,-0.35433333333333344,-0.7987000000000002,2016.9583333333333,-0.4730511111111113,-0.9423844444444462
precipitacao,12,2017,1,2018,1,JFM,-0.3133333333333339,0.2533333333333334,-0.25933333333333347,-1.0670333333333335,2017.0416666666667,37.67666666666662,-172.16999999999996
temperatura,12,2017,1,2018,1,JFM,-0.3133333333333339,0.2533333333333334,-0.25933333333333347,-1.0670333333333335,2017.0416666666667,0.009728888888890452,-0.5563655555555513
precipitacao,12,2017,2,2018,2,FMA,-0.12333333333333392,0.1600000000000001,-0.09833333333333348,-0.5694333333333335,2017.125,106.11000000000001,-190.17333333333335
temperatura,12,2017,2,2018,2,FMA,-0.12333333333333392,0.1600000000000001,-0.09833333333333348,-0.5694333333333335,2017.125,0.12015666666666647,-0.5032033333333317
precipitacao,12,2017,3,2018,3,MAM,0.08999999999999941,0.0033333333333334103,0.12399999999999985,-0.2803333333333335,2017.2083333333333,-55.50999999999999,-111.76666666666668
temperatura,12,2017,3,2018,3,MAM,0.08999999999999941,0.0033333333333334103,0.12399999999999985,-0.2803333333333335,2017.2083333333333,0.40858222222222196,0.10789555555555808
precipitacao,12,2017,4,2018,4,AMJ,0.22333333333333275,-0.049999999999999926,0.3186666666666665,0.2534666666666665,2017.2916666666667,-2.769999999999982,-64.94666666666666
temperatura,12,2017,4,2018,4,AMJ,0.22333333333333275,-0.049999999999999926,0.3186666666666665,0.2534666666666665,2017.2916666666667,-0.0645322222222191,0.08510777777777534
precipitacao,12,2017,5,2018,5,MJJ,0.31333333333333274,0.05000000000000007,0.4636666666666665,0.6093666666666665,2017.375,-96.07333333333338,-60.37000000000003
temperatura,12,2017,5,2018,5,MJJ,0.31333333333333274,0.05000000000000007,0.4636666666666665,0.6093666666666665,2017.375,-0.4045033333333308,0.5237633333333349
precipitacao,12,2017,6,2018,6,JJA,0.3299999999999994,0.15666666666666673,0.4859999999999998,0.7394666666666666,2017.4583333333333,42.833333333333314,-2.1966666666666583
temperatura,12,2017,6,2018,6,JJA,0.3299999999999994,0.15666666666666673,0.4859999999999998,0.7394666666666666,2017.4583333333333,-0.47980444444444004,-0.09493888888889046
precipitacao,12,2017,7,2018,7,JAS,0.2699999999999994,0.16000000000000006,0.4933333333333332,0.7758666666666665,2017.5416666666667,26.55333333333337,-14.033333333333331
temperatura,12,2017,7,2018,7,JAS,0.2699999999999994,0.16000000000000006,0.4933333333333332,0.7758666666666665,2017.5416666666667,-0.33729222222222077,-0.5845066666666625
precipitacao,12,2017,8,2018,8,ASO,0.12999999999999942,0.25000000000000006,0.4309999999999998,0.6796333333333332,2017.625,-39.670000000000016,28.849999999999966
temperatura,12,2017,8,2018,8,ASO,0.12999999999999942,0.25000000000000006,0.4309999999999998,0.6796333333333332,2017.625,-0.45283666666666633,-1.1790800000000026
precipitacao,12,2017,9,2018,9,SON,-0.05333333333333393,0.2033333333333334,0.3013333333333332,0.9295333333333332,2017.7083333333333,-65.29666666666665,6.75
temperatura,12,2017,9,2018,9,SON,-0.05333333333333393,0.2033333333333334,0.3013333333333332,0.9295333333333332,2017.7083333333333,-0.8726388888888881,-0.8125511111111123
precipitacao,12,2017,10,2018,10,OND,-0.24666666666666726,0.2333333333333334,0.13299999999999984,0.49753333333333316,2017.7916666666667,-108.13333333333333,-78.4233333333334
temperatura,12,2017,10,2018,10,OND,-0.24666666666666726,0.2333333333333334,0.13299999999999984,0.49753333333333316,2017.7916666666667,-0.43000666666666376,-0.39500444444444227
precipitacao,12,2017,11,2018,11,NDJ,-0.42666666666666725,0.11000000000000008,0.11299999999999984,0.4996999999999998,2017.875,-101.75,-153.99
temperatura,12,2017,11,2018,11,NDJ,-0.42666666666666725,0.11000000000000008,0.11299999999999984,0.4996999999999998,2017.875,0.1818866666666672,0.5208233333333325
precipitacao,12,2017,12,2018,12,DJF,-0.6033333333333339,0.04000000000000008,0.13799999999999982,0.3956333333333331,2017.9583333333333,-147.64999999999998,-60.70999999999992
temperatura,12,2017,12,2018,12,DJF,-0.6033333333333339,0.04000000000000008,0.13799999999999982,0.3956333333333331,2017.9583333333333,0.2652488888888911,0.4928155555555591
precipitacao,12,2018,1,2019,1,JFM,-0.6933333333333339,0.0733333333333334,0.06633333333333317,1.0098999999999998,2018.0416666666667,-105.62333333333339,25.83000000000004
temperatura,12,2018,1,2019,1,JFM,-0.6933333333333339,0.0733333333333334,0.06633333333333317,1.0098999999999998,2018.0416666666667,-0.24917111111111012,0.2852677777777828
precipitacao,12,2018,2,2019,2,FMA,-0.7133333333333339,-0.023333333333333272,0.04199999999999984,1.1000666666666665,2018.125,-77.49000000000001,143.42666666666662
temperatura,12,2018,2,2019,2,FMA,-0.7133333333333339,-0.023333333333333272,0.04199999999999984,1.1000666666666665,2018.125,-0.6624100000000013,-0.15060333333333276
precipitacao,12,2018,3,2019,3,MAM,-0.643333333333334,-0.05333333333333327,-0.034666666666666825,0.8189333333333332,2018.2083333333333,-144.70999999999998,48.333333333333314
temperatura,12,2018,3,2019,3,MAM,-0.643333333333334,-0.05333333333333327,-0.034666666666666825,0.8189333333333332,2018.2083333333333,-0.9423844444444462,0.5092288888888916
precipitacao,12,2018,4,2019,4,AMJ,-0.523333333333334,-0.15999999999999992,0.00433333333333318,0.005133333333333212,2018.2916666666667,-172.16999999999996,18.353333333333325
temperatura,12,2018,4,2019,4,AMJ,-0.523333333333334,-0.15999999999999992,0.00433333333333318,0.005133333333333212,2018.2916666666667,-0.5563655555555513,0.7513744444444441
precipitacao,12,2018,5,2019,5,MJJ,-0.3233333333333339,-0.09333333333333327,-0.027000000000000152,-0.36743333333333345,2018.375,-190.17333333333335,25.829999999999956
temperatura,12,2018,5,2019,5,MJJ,-0.3233333333333339,-0.09333333333333327,-0.027000000000000152,-0.36743333333333345,2018.375,-0.5032033333333317,0.231696666666668
precipitacao,12,2018,6,2019,6,JJA,-0.09666666666666725,0.016666666666666736,0.06466666666666651,-0.41823333333333346,2018.4583333333333,-111.76666666666668,9.903333333333336
temperatura,12,2018,6,2019,6,JJA,-0.09666666666666725,0.016666666666666736,0.06466666666666651,-0.41823333333333346,2018.4583333333333,0.10789555555555808,-0.5257055555555539
precipitacao,12,2018,7,2019,7,JAS,0.08666666666666607,0.06666666666666674,0.10999999999999983,0.09609999999999985,2018.5416666666667,-64.94666666666666,-8.033333333333331
temperatura,12,2018,7,2019,7,JAS,0.08666666666666607,0.06666666666666674,0.10999999999999983,0.09609999999999985,2018.5416666666667,0.08510777777777534,-0.5819399999999995
precipitacao,12,2018,8,2019,8,ASO,0.2099999999999994,0.16000000000000006,0.10966666666666651,0.0073666666666665215,2018.625,-60.37000000000003,-123.55000000000001
temperatura,12,2018,8,2019,8,ASO,0.2099999999999994,0.16000000000000006,0.10966666666666651,0.0073666666666665215,2018.625,0.5237633333333349,0.08375333333333401
precipitacao,12,2018,9,2019,9,SON,0.3399999999999994,0.18000000000000008,0.2593333333333332,0.4974666666666665,2018.7083333333333,-2.1966666666666583,-142.74999999999997
temperatura,12,2018,9,2019,9,SON,0.3399999999999994,0.18000000000000008,0.2593333333333332,0.4974666666666665,2018.7083333333333,-0.09493888888889046,0.41158222222222207
precipitacao,12,2018,10,2019,10,OND,0.5466666666666661,0.2433333333333334,0.46966666666666645,0.5486333333333332,2018.7916666666667,-14.033333333333331,-185.22333333333336
temperatura,12,2018,10,2019,10,OND,0.5466666666666661,0.2433333333333334,0.46966666666666645,0.5486333333333332,2018.7916666666667,-0.5845066666666625,0.1426622222222278
precipitacao,12,2018,11,2019,11,NDJ,0.7933333333333327,0.2433333333333334,0.5959999999999998,0.9931333333333332,2018.875,28.849999999999966,-74.78999999999996
temperatura,12,2018,11,2019,11,NDJ,0.7933333333333327,0.2433333333333334,0.5959999999999998,0.9931333333333332,2018.875,-1.1790800000000026,-0.37380999999999887
precipitacao,12,2018,12,2019,12,DJF,0.9699999999999994,0.30666666666666675,0.49766666666666654,0.8169666666666665,2018.9583333333333,6.75,21.790000000000077
temperatura,12,2018,12,2019,12,DJF,0.9699999999999994,0.30666666666666675,0.49766666666666654,0.8169666666666665,2018.9583333333333,-0.8125511111111123,-0.8577511111111136
precipitacao,12,2019,1,2020,1,JFM,1.0266666666666662,0.3400000000000001,0.3986666666666665,0.8657666666666666,2019.0416666666667,-78.4233333333334,29.230000000000018
temperatura,12,2019,1,2020,1,JFM,1.0266666666666662,0.3400000000000001,0.3986666666666665,0.8657666666666666,2019.0416666666667,-0.39500444444444227,-1.1835655555555533
precipitacao,12,2019,2,2020,2,FMA,0.9933333333333328,0.40666666666666673,0.37066666666666653,0.36899999999999983,2019.125,-153.99,-62.97333333333336
temperatura,12,2019,2,2020,2,FMA,0.9933333333333328,0.40666666666666673,0.37066666666666653,0.36899999999999983,2019.125,0.5208233333333325,-1.4668366666666657
precipitacao,12,2019,3,2020,3,MAM,0.9333333333333328,0.49666666666666676,0.3426666666666665,0.3072333333333332,2019.2083333333333,-60.70999999999992,-151.7666666666667
temperatura,12,2019,3,2020,3,MAM,0.9333333333333328,0.49666666666666676,0.3426666666666665,0.3072333333333332,2019.2083333333333,0.4928155555555591,-1.471537777777776
precipitacao,12,2019,4,2020,4,AMJ,0.876666666666666,0.47333333333333344,0.2996666666666665,0.19359999999999988,2019.2916666666667,25.83000000000004,-70.84666666666666
temperatura,12,2019,4,2020,4,AMJ,0.876666666666666,0.47333333333333344,0.2996666666666665,0.19359999999999988,2019.2916666666667,0.2852677777777828,-0.5224255555555608
precipitacao,12,2019,5,2020,5,MJJ,0.7999999999999995,0.4400000000000001,0.3409999999999999,0.4716666666666665,2019.375,143.42666666666662,-64.57000000000002
temperatura,12,2019,5,2020,5,MJJ,0.7999999999999995,0.4400000000000001,0.3409999999999999,0.4716666666666665,2019.375,-0.15060333333333276,0.21069666666667075
precipitacao,12,2019,6,2020,6,JJA,0.7066666666666661,0.30666666666666675,0.4676666666666665,0.7117999999999999,2019.4583333333333,48.333333333333314,7.603333333333353
temperatura,12,2019,6,2020,6,JJA,0.7066666666666661,0.30666666666666675,0.4676666666666665,0.7117999999999999,2019.4583333333333,0.5092288888888916,0.4188944444444438
precipitacao,12,2019,7,2020,7,JAS,0.5599999999999995,0.27333333333333343,0.5806666666666666,0.46996666666666664,2019.5416666666667,18.353333333333325,-63.23333333333332
temperatura,12,2019,7,2020,7,JAS,0.5599999999999995,0.27333333333333343,0.5806666666666666,0.46996666666666664,2019.5416666666667,0.7513744444444441,0.6370933333333326
precipitacao,12,2019,8,2020,8,ASO,0.38999999999999946,0.2433333333333334,0.5459999999999998,-0.0017000000000000348,2019.625,25.829999999999956,-23.350000000000023
temperatura,12,2019,8,2020,8,ASO,0.38999999999999946,0.2433333333333334,0.5459999999999998,-0.0017000000000000348,2019.625,0.231696666666668,0.5812533333333327
precipitacao,12,2019,9,2020,9,SON,0.29666666666666613,0.2633333333333334,0.6416666666666665,-0.30236666666666684,2019.7083333333333,9.903333333333336,-100.85
temperatura,12,2019,9,2020,9,SON,0.29666666666666613,0.2633333333333334,0.6416666666666665,-0.30236666666666684,2019.7083333333333,-0.5257055555555539,0.5395155555555533
precipitacao,12,2019,10,2020,10,OND,0.33999999999999947,0.2666666666666668,0.7639999999999999,-0.48086666666666683,2019.7916666666667,-8.033333333333331,-70.02333333333343
temperatura,12,2019,10,2020,10,OND,0.33999999999999947,0.2666666666666668,0.7639999999999999,-0.48086666666666683,2019.7916666666667,-0.5819399999999995,-0.13447111111111099
precipitacao,12,2019,11,2020,11,NDJ,0.5133333333333329,0.4833333333333334,0.8969999999999999,-0.7340000000000003,2019.875,-123.55000000000001,-80.78999999999996
temperatura,12,2019,11,2020,11,NDJ,0.5133333333333329,0.4833333333333334,0.8969999999999999,-0.7340000000000003,2019.875,0.08375333333333401,-0.19931000000000054
precipitacao,12,2019,12,2020,12,DJF,0.6599999999999995,0.6400000000000001,0.6806666666666664,-1.3749666666666667,2019.9583333333333,-142.74999999999997,-56.40999999999997
temperatura,12,2019,12,2020,12,DJF,0.6599999999999995,0.6400000000000001,0.6806666666666664,-1.3749666666666667,2019.9583333333333,0.41158222222222207,-0.2836511111111122
precipitacao,12,2020,1,2021,1,JFM,0.7266666666666661,0.8733333333333334,0.4169999999999998,-1.1436333333333335,2020.0416666666667,-185.22333333333336,-80.37
temperatura,12,2020,1,2021,1,JFM,0.7266666666666661,0.8733333333333334,0.4169999999999998,-1.1436333333333335,2020.0416666666667,0.1426622222222278,-0.13203222222222166
precipitacao,12,2020,2,2021,2,FMA,0.7066666666666661,0.7733333333333334,0.1566666666666665,-0.43883333333333346,2020.125,-74.78999999999996,-62.673333333333346
temperatura,12,2020,2,2021,2,FMA,0.7066666666666661,0.7733333333333334,0.1566666666666665,-0.43883333333333346,2020.125,-0.37380999999999887,-0.9315366666666627
precipitacao,12,2020,3,2021,3,MAM,0.6466666666666662,0.6100000000000001,0.08199999999999985,0.4899333333333331,2020.2083333333333,21.790000000000077,-75.4666666666667
temperatura,12,2020,3,2021,3,MAM,0.6466666666666662,0.6100000000000001,0.08199999999999985,0.4899333333333331,2020.2083333333333,-0.8577511111111136,-0.7092711111111072
precipitacao,12,2020,4,2021,4,AMJ,0.5199999999999995,0.43,0.020666666666666517,0.4085999999999998,2020.2916666666667,29.230000000000018,-56.04666666666665
temperatura,12,2020,4,2021,4,AMJ,0.5199999999999995,0.43,0.020666666666666517,0.4085999999999998,2020.2916666666667,-1.1835655555555533,-1.1236255555555559
precipitacao,12,2020,5,2021,5,MJJ,0.3133333333333328,0.41666666666666674,0.10199999999999985,0.5092666666666664,2020.375,-62.97333333333336,-84.87000000000002
temperatura,12,2020,5,2021,5,MJJ,0.3133333333333328,0.41666666666666674,0.10199999999999985,0.5092666666666664,2020.375,-1.4668366666666657,-1.150603333333331
precipitacao,12,2020,6,2021,6,JJA,0.06333333333333283,0.4100000000000001,0.24733333333333318,0.39073333333333315,2020.4583333333333,-151.7666666666667,-62.596666666666664
temperatura,12,2020,6,2021,6,JJA,0.06333333333333283,0.4100000000000001,0.24733333333333318,0.39073333333333315,2020.4583333333333,-1.471537777777776,-0.913405555555558
precipitacao,12,2020,7,2021,7,JAS,-0.14333333333333384,0.3700000000000001,0.3573333333333332,0.3669999999999998,2020.5416666666667,-70.84666666666666,-117.33333333333331
temperatura,12,2020,7,2021,7,JAS,-0.14333333333333384,0.3700000000000001,0.3573333333333332,0.3669999999999998,2020.5416666666667,-0.5224255555555608,-0.20410666666666444
precipitacao,12,2020,8,2021,8,ASO,-0.3000000000000005,0.2933333333333334,0.19699999999999984,-0.06536666666666684,2020.625,-64.57000000000002,-39.95000000000002
temperatura,12,2020,8,2021,8,ASO,-0.3000000000000005,0.2933333333333334,0.19699999999999984,-0.06536666666666684,2020.625,0.21069666666667075,-0.07284666666666695
precipitacao,12,2020,9,2021,9,SON,-0.4966666666666672,0.2266666666666667,-0.017666666666666813,-0.35753333333333354,2020.7083333333333,7.603333333333353,-124.54999999999998
temperatura,12,2020,9,2021,9,SON,-0.4966666666666672,0.2266666666666667,-0.017666666666666813,-0.35753333333333354,2020.7083333333333,0.4188944444444438,-0.42791777777777895
precipitacao,12,2020,10,2021,10,OND,-0.7333333333333338,0.18666666666666676,-0.09933333333333348,0.24579999999999988,2020.7916666666667,-63.23333333333332,-30.32333333333338
temperatura,12,2020,10,2021,10,OND,-0.7333333333333338,0.18666666666666676,-0.09933333333333348,0.24579999999999988,2020.7916666666667,0.6370933333333326,-1.3338377777777737
precipitacao,12,2020,11,2021,11,NDJ,-0.9600000000000005,0.06666666666666675,-0.031666666666666815,0.7570333333333332,2020.875,-23.350000000000023,-8.889999999999986
temperatura,12,2020,11,2021,11,NDJ,-0.9600000000000005,0.06666666666666675,-0.031666666666666815,0.7570333333333332,2020.875,0.5812533333333327,-0.976110000000002
precipitacao,12,2020,12,2021,12,DJF,-1.0566666666666673,-0.08999999999999993,0.04166666666666652,1.1860333333333333,2020.9583333333333,-100.85,7.290000000000077
temperatura,12,2020,12,2021,12,DJF,-1.0566666666666673,-0.08999999999999993,0.04166666666666652,1.1860333333333333,2020.9583333333333,0.5395155555555533,-1.0210177777777787
precipitacao,12,2021,1,2022,1,JFM,-1.053333333333334,-0.18666666666666662,0.03399999999999985,1.1130333333333333,2021.0416666666667,-70.02333333333343,-0.9699999999999136
temperatura,12,2021,1,2022,1,JFM,-1.053333333333334,-0.18666666666666662,0.03399999999999985,1.1130333333333333,2021.0416666666667,-0.13447111111111099,-0.261865555555552
precipitacao,12,2021,2,2022,2,FMA,-0.9666666666666671,-0.2766666666666666,0.10833333333333317,1.2897999999999998,2021.125,-80.78999999999996,-58.87333333333339
temperatura,12,2021,2,2022,2,FMA,-0.9666666666666671,-0.2766666666666666,0.10833333333333317,1.2897999999999998,2021.125,-0.19931000000000054,-0.2842699999999958
precipitacao,12,2021,3,2022,3,MAM,-0.8600000000000004,-0.21999999999999995,0.18699999999999983,0.8246333333333332,2021.2083333333333,-56.40999999999997,-23.26666666666671
temperatura,12,2021,3,2022,3,MAM,-0.8600000000000004,-0.21999999999999995,0.18699999999999983,0.8246333333333332,2021.2083333333333,-0.2836511111111122,-0.3063377777777774
precipitacao,12,2021,4,2022,4,AMJ,-0.7166666666666672,-0.15999999999999992,0.2533333333333332,0.7522333333333332,2021.2916666666667,-80.37,-36.74666666666667
temperatura,12,2021,4,2022,4,AMJ,-0.7166666666666672,-0.15999999999999992,0.2533333333333332,0.7522333333333332,2021.2916666666667,-0.13203222222222166,-0.8785255555555587
precipitacao,12,2021,5,2022,5,MJJ,-0.5666666666666672,0.08666666666666673,0.17533333333333315,0.40899999999999986,2021.375,-62.673333333333346,-81.27000000000004
temperatura,12,2021,5,2022,5,MJJ,-0.5666666666666672,0.08666666666666673,0.17533333333333315,0.40899999999999986,2021.375,-0.9315366666666627,-0.36860333333333273
precipitacao,12,2021,6,2022,6,JJA,-0.42333333333333384,0.3500000000000001,0.0856666666666665,0.7734666666666664,2021.4583333333333,-75.4666666666667,-41.89666666666666
temperatura,12,2021,6,2022,6,JJA,-0.42333333333333384,0.3500000000000001,0.0856666666666665,0.7734666666666664,2021.4583333333333,-0.7092711111111072,-0.4464722222222228
precipitacao,12,2021,7,2022,7,JAS,-0.3533333333333339,0.6166666666666667,-0.07400000000000016,0.34449999999999986,2021.5416666666667,-56.04666666666665,-2.0333333333333314
temperatura,12,2021,7,2022,7,JAS,-0.3533333333333339,0.6166666666666667,-0.07400000000000016,0.34449999999999986,2021.5416666666667,-1.1236255555555559,-0.9927399999999942
precipitacao,12,2021,8,2022,8,ASO,-0.3733333333333338,0.7200000000000001,-0.11000000000000017,0.16429999999999986,2021.625,-84.87000000000002,81.94999999999999
temperatura,12,2021,8,2022,8,ASO,-0.3733333333333338,0.7200000000000001,-0.11000000000000017,0.16429999999999986,2021.625,-1.150603333333331,-1.5012800000000013
precipitacao,12,2021,9,2022,9,SON,-0.48333333333333384,0.67,-0.12866666666666685,0.21669999999999986,2021.7083333333333,-62.596666666666664,62.650000000000034
temperatura,12,2021,9,2022,9,SON,-0.48333333333333384,0.67,-0.12866666666666685,0.21669999999999986,2021.7083333333333,-0.913405555555558,-1.838617777777781
precipitacao,12,2021,10,2022,10,OND,-0.6233333333333338,0.5233333333333334,-0.08266666666666683,0.5209333333333331,2021.7916666666667,-117.33333333333331,104.47666666666657
temperatura,12,2021,10,2022,10,OND,-0.6233333333333338,0.5233333333333334,-0.08266666666666683,0.5209333333333331,2021.7916666666667,-0.20410666666666444,-1.3988711111111094
precipitacao,12,2021,11,2022,11,NDJ,-0.7733333333333339,0.39000000000000007,-0.026666666666666828,1.0369,2021.875,-39.95000000000002,47.20999999999992
temperatura,12,2021,11,2022,11,NDJ,-0.7733333333333339,0.39000000000000007,-0.026666666666666828,1.0369,2021.875,-0.07284666666666695,-1.6314433333333334
precipitacao,12,2021,12,2022,12,DJF,-0.8366666666666672,0.24666666666666673,-0.0473333333333335,1.3096999999999996,2021.9583333333333,-124.54999999999998,131.09000000000003
temperatura,12,2021,12,2022,12,DJF,-0.8366666666666672,0.24666666666666673,-0.0473333333333335,1.3096999999999996,2021.9583333333333,-0.42791777777777895,-1.0703844444444464
precipitacao,12,2022,1,2023,1,JFM,-0.8333333333333339,0.1533333333333334,-0.035666666666666826,1.4336999999999998,2022.0416666666667,-30.32333333333338,67.73000000000002
temperatura,12,2022,1,2023,1,JFM,-0.8333333333333339,0.1533333333333334,-0.035666666666666826,1.4336999999999998,2022.0416666666667,-1.3338377777777737,-0.5972655555555555
precipitacao,12,2022,2,2023,2,FMA,-0.7566666666666672,0.2000000000000001,-0.08600000000000017,1.2077333333333329,2022.125,-8.889999999999986,143.12666666666667
temperatura,12,2022,2,2023,2,FMA,-0.7566666666666672,0.2000000000000001,-0.08600000000000017,1.2077333333333329,2022.125,-0.976110000000002,-0.7120366666666627
precipitacao,12,2022,3,2023,3,MAM,-0.7366666666666672,0.27333333333333343,-0.07700000000000017,0.6755999999999998,2022.2083333333333,7.290000000000077,65.13333333333333
temperatura,12,2022,3,2023,3,MAM,-0.7366666666666672,0.27333333333333343,-0.07700000000000017,0.6755999999999998,2022.2083333333333,-1.0210177777777787,-0.5718044444444459
precipitacao,12,2022,4,2023,4,AMJ,-0.7700000000000005,0.2766666666666668,-0.08100000000000017,0.577833333333333,2022.2916666666667,-0.9699999999999136,16.853333333333353
temperatura,12,2022,4,2023,4,AMJ,-0.7700000000000005,0.2766666666666668,-0.08100000000000017,0.577833333333333,2022.2916666666667,-0.261865555555552,-0.9102588888888867
precipitacao,12,2022,5,2023,5,MJJ,-0.8200000000000004,0.12666666666666673,-0.09433333333333349,0.39559999999999973,2022.375,-58.87333333333339,-66.97000000000001
temperatura,12,2022,5,2023,5,MJJ,-0.8200000000000004,0.12666666666666673,-0.09433333333333349,0.39559999999999973,2022.375,-0.2842699999999958,-0.3897366666666606
precipitacao,12,2022,6,2023,6,JJA,-0.8066666666666671,0.1533333333333334,-0.17500000000000018,-0.08096666666666692,2022.4583333333333,-23.26666666666671,-55.596666666666664
temperatura,12,2022,6,2023,6,JJA,-0.8066666666666671,0.1533333333333334,-0.17500000000000018,-0.08096666666666692,2022.4583333333333,-0.3063377777777774,-0.023505555555555446
precipitacao,12,2022,7,2023,7,JAS,-0.7533333333333339,0.1300000000000001,-0.21733333333333352,-0.10936666666666695,2022.5416666666667,-36.74666666666667,-77.83333333333331
temperatura,12,2022,7,2023,7,JAS,-0.7533333333333339,0.1300000000000001,-0.21733333333333352,-0.10936666666666695,2022.5416666666667,-0.8785255555555587,1.1457933333333372
precipitacao,12,2022,8,2023,8,ASO,-0.7366666666666671,0.18666666666666676,-0.2586666666666669,0.10223333333333302,2022.625,-81.27000000000004,30.55000000000001
temperatura,12,2022,8,2023,8,ASO,-0.7366666666666671,0.18666666666666676,-0.2586666666666669,0.10223333333333302,2022.625,-0.36860333333333273,1.3265199999999986
precipitacao,12,2022,9,2023,9,SON,-0.7833333333333338,0.15333333333333343,-0.2543333333333335,0.8821666666666662,2022.7083333333333,-41.89666666666666,20.850000000000023
temperatura,12,2022,9,2023,9,SON,-0.7833333333333338,0.15333333333333343,-0.2543333333333335,0.8821666666666662,2022.7083333333333,-0.4464722222222228,1.7368155555555518
precipitacao,12,2022,10,2023,10,OND,-0.8466666666666672,0.22666666666666677,-0.4196666666666668,0.8433666666666664,2022.7916666666667,-2.0333333333333314,-35.723333333333414
temperatura,12,2022,10,2023,10,OND,-0.8466666666666672,0.22666666666666677,-0.4196666666666668,0.8433666666666664,2022.7916666666667,-0.9927399999999942,1.2508955555555588
precipitacao,12,2022,11,2023,11,NDJ,-0.8600000000000004,0.2766666666666668,-0.4273333333333335,1.170733333333333,2022.875,81.94999999999999,-140.49
temperatura,12,2022,11,2023,11,NDJ,-0.8600000000000004,0.2766666666666668,-0.4273333333333335,1.170733333333333,2022.875,-1.5012800000000013,1.03872333333333
precipitacao,12,2022,12,2023,12,DJF,-0.8033333333333338,0.3233333333333334,-0.35033333333333355,1.248033333333333,2022.9583333333333,62.650000000000034,-132.10999999999996
temperatura,12,2022,12,2023,12,DJF,-0.8033333333333338,0.3233333333333334,-0.35033333333333355,1.248033333333333,2022.9583333333333,-1.838617777777781,0.2808155555555558
precipitacao,12,2023,1,2024,1,JFM,-0.6900000000000004,0.38666666666666677,-0.08333333333333352,1.905833333333333,2023.0416666666667,104.47666666666657,-52.97000000000003
temperatura,12,2023,1,2024,1,JFM,-0.6900000000000004,0.38666666666666677,-0.08333333333333352,1.905833333333333,2023.0416666666667,-1.3988711111111094,0.11953444444444727
precipitacao,12,2023,2,2024,2,FMA,-0.5266666666666672,0.3700000000000001,0.05866666666666648,1.5192333333333332,2023.125,47.20999999999992,-25.073333333333323
temperatura,12,2023,2,2024,2,FMA,-0.5266666666666672,0.3700000000000001,0.05866666666666648,1.5192333333333332,2023.125,-1.6314433333333334,0.44229666666666745
precipitacao,12,2023,3,2024,3,MAM,-0.33000000000000057,0.3033333333333334,0.22699999999999979,0.8663666666666664,2023.2083333333333,131.09000000000003,-44.56666666666669
temperatura,12,2023,3,2024,3,MAM,-0.33000000000000057,0.3033333333333334,0.22699999999999979,0.8663666666666664,2023.2083333333333,-1.0703844444444464,1.4076288888888904
precipitacao,12,2023,4,2024,4,AMJ,-0.08333333333333386,0.20333333333333345,0.3769999999999998,-0.2084333333333336,2023.2916666666667,67.73000000000002,-76.14666666666668
temperatura,12,2023,4,2024,4,AMJ,-0.08333333333333386,0.20333333333333345,0.3769999999999998,-0.2084333333333336,2023.2916666666667,-0.5972655555555555,1.729207777777777
precipitacao,12,2023,5,2024,5,MJJ,0.1799999999999995,0.25666666666666677,0.4723333333333331,0.09096666666666635,2023.375,143.12666666666667,-84.27000000000002
temperatura,12,2023,5,2024,5,MJJ,0.1799999999999995,0.25666666666666677,0.4723333333333331,0.09096666666666635,2023.375,-0.7120366666666627,1.3799633333333325
precipitacao,12,2023,6,2024,6,JJA,0.4599999999999995,0.2966666666666668,0.5559999999999998,0.03106666666666637,2023.4583333333333,65.13333333333333,-39.096666666666664
temperatura,12,2023,6,2024,6,JJA,0.4599999999999995,0.2966666666666668,0.5559999999999998,0.03106666666666637,2023.4583333333333,-0.5718044444444459,0.37952777777778124
precipitacao,12,2023,7,2024,7,JAS,0.7299999999999995,0.3266666666666668,0.5353333333333331,0.0651999999999997,2023.5416666666667,16.853333333333353,-73.33333333333333
temperatura,12,2023,7,2024,7,JAS,0.7299999999999995,0.3266666666666668,0.5353333333333331,0.0651999999999997,2023.5416666666667,-0.9102588888888867,0.8854933333333364
precipitacao,12,2023,8,2024,8,ASO,0.9933333333333328,0.2800000000000001,0.6629999999999998,-0.43146666666666694,2023.625,-66.97000000000001,-78.75
temperatura,12,2023,8,2024,8,ASO,0.9933333333333328,0.2800000000000001,0.6629999999999998,-0.43146666666666694,2023.625,-0.3897366666666606,0.9156866666666694
precipitacao,12,2023,9,2024,9,SON,1.2499999999999996,0.2766666666666668,0.7566666666666664,-0.6356333333333336,2023.7083333333333,-55.596666666666664,-49.14999999999998
temperatura,12,2023,9,2024,9,SON,1.2499999999999996,0.2766666666666668,0.7566666666666664,-0.6356333333333336,2023.7083333333333,-0.023505555555555446,1.3331822222222236
precipitacao,12,2023,10,2024,10,OND,1.4966666666666661,0.24666666666666673,0.8586666666666664,-0.18446666666666697,2023.7916666666667,-77.83333333333331,82.87666666666667
temperatura,12,2023,10,2024,10,OND,1.4966666666666661,0.24666666666666673,0.8586666666666664,-0.18446666666666697,2023.7916666666667,1.1457933333333372,0.5032622222222258
precipitacao,12,2023,11,2024,11,NDJ,1.713333333333333,0.39000000000000007,0.8899999999999997,-0.13956666666666695,2023.875,30.55000000000001,186.40999999999997
temperatura,12,2023,11,2024,11,NDJ,1.713333333333333,0.39000000000000007,0.8899999999999997,-0.13956666666666695,2023.875,1.3265199999999986,0.655623333333331
precipitacao,12,2023,12,2024,12,DJF,1.8766666666666663,0.6566666666666667,0.8586666666666666,0.7138999999999998,2023.9583333333333,20.850000000000023,81.59000000000003
temperatura,12,2023,12,2024,12,DJF,1.8766666666666663,0.6566666666666667,0.8586666666666666,0.7138999999999998,2023.9583333333333,1.7368155555555518,1.0571488888888858
precipitacao,12,2024,1,2025,1,JFM,1.9099999999999995,0.9233333333333335,0.8456666666666663,0.842833333333333,2024.0416666666667,-35.723333333333414,-19.470000000000027
temperatura,12,2024,1,2025,1,JFM,1.9099999999999995,0.9233333333333335,0.8456666666666663,0.842833333333333,2024.0416666666667,1.2508955555555588,1.333501111111115
precipitacao,12,2024,2,2025,2,FMA,1.7866666666666664,1.06,0.6479999999999998,1.1582666666666663,2024.125,-140.49,-17.873333333333335
temperatura,12,2024,2,2025,2,FMA,1.7866666666666664,1.06,0.6479999999999998,1.1582666666666663,2024.125,1.03872333333333,1.1220300000000059
precipitacao,12,2024,3,2025,3,MAM,1.5166666666666664,1.1533333333333333,0.5043333333333331,0.635633333333333,2024.2083333333333,-132.10999999999996,-0.466666666666697
temperatura,12,2024,3,2025,3,MAM,1.5166666666666664,1.1533333333333333,0.5043333333333331,0.635633333333333,2024.2083333333333,0.2808155555555558,0.8411622222222235
precipitacao,12,2024,4,2025,4,AMJ,1.1599999999999995,1.1900000000000002,0.39599999999999974,0.6634666666666664,2024.2916666666667,-52.97000000000003,37.853333333333325
temperatura,12,2024,4,2025,4,AMJ,1.1599999999999995,1.1900000000000002,0.39599999999999974,0.6634666666666664,2024.2916666666667,0.11953444444444727,0.4535744444444454
precipitacao,12,2024,5,2025,5,MJJ,0.7933333333333329,1.0833333333333335,0.38633333333333314,0.2914999999999998,2024.375,-25.073333333333323,-81.57000000000002
temperatura,12,2024,5,2025,5,MJJ,0.7933333333333329,1.0833333333333335,0.38633333333333314,0.2914999999999998,2024.375,0.44229666666666745,0.24179666666666577
precipitacao,12,2024,6,2025,6,JJA,0.4599999999999995,0.8200000000000002,0.3116666666666665,0.3808333333333331,2024.4583333333333,-44.56666666666669,-51.29666666666665
temperatura,12,2024,6,2025,6,JJA,0.4599999999999995,0.8200000000000002,0.3116666666666665,0.3808333333333331,2024.4583333333333,1.4076288888888904,-0.20380555555555802
precipitacao,12,2024,7,2025,7,JAS,0.22333333333333286,0.5633333333333334,0.1759999999999998,-0.15330000000000024,2024.5416666666667,-76.14666666666668,-124.53333333333332
temperatura,12,2024,7,2025,7,JAS,0.22333333333333286,0.5633333333333334,0.1759999999999998,-0.15330000000000024,2024.5416666666667,1.729207777777777,-0.08450666666666251
precipitacao,12,2024,8,2025,8,ASO,0.06666666666666622,0.35333333333333344,0.16566666666666646,-0.8457333333333336,2024.625,-84.27000000000002,-44.05000000000001
temperatura,12,2024,8,2025,8,ASO,0.06666666666666622,0.35333333333333344,0.16566666666666646,-0.8457333333333336,2024.625,1.3799633333333325,-0.0629466666666687
precipitacao,12,2024,9,2025,9,SON,-0.03333333333333378,0.27333333333333343,0.13833333333333311,-0.883166666666667,2024.7083333333333,-39.096666666666664,-30.849999999999966
temperatura,12,2024,9,2025,9,SON,-0.03333333333333378,0.27333333333333343,0.13833333333333311,-0.883166666666667,2024.7083333333333,0.37952777777778124,-0.06798444444444485
precipitacao,12,2024,10,2025,10,OND,-0.1166666666666671,0.25666666666666677,0.06199999999999978,-0.8732000000000002,2024.7916666666667,-73.33333333333333,23.776666666666642
temperatura,12,2024,10,2025,10,OND,-0.1166666666666671,0.25666666666666677,0.06199999999999978,-0.8732000000000002,2024.7916666666667,0.8854933333333364,0.4398622222222244
precipitacao,12,2024,11,2025,11,NDJ,-0.20000000000000048,0.2666666666666668,-0.15433333333333357,0.18343333333333303,2024.875,-78.75,41.90999999999997
temperatura,12,2024,11,2025,11,NDJ,-0.20000000000000048,0.2666666666666668,-0.15433333333333357,0.18343333333333303,2024.875,0.9156866666666694,0.5363233333333319
precipitacao,12,2024,12,2025,12,DJF,-0.3033333333333338,0.2700000000000001,-0.3030000000000002,-0.12446666666666695,2024.9583333333333,-49.14999999999998,139.29000000000008
temperatura,12,2024,12,2025,12,DJF,-0.3033333333333338,0.2700000000000001,-0.3030000000000002,-0.12446666666666695,2024.9583333333333,1.3331822222222236,0.5666155555555541
precipitacao,12,2025,1,2026,1,JFM,-0.39333333333333376,0.28333333333333344,-0.3030000000000002,0.03776666666666637,2025.0416666666667,82.87666666666667,167.23000000000002
temperatura,12,2025,1,2026,1,JFM,-0.39333333333333376,0.28333333333333344,-0.3030000000000002,0.03776666666666637,2025.0416666666667,0.5032622222222258,0.022534444444445967
precipitacao,12,2025,2,2026,2,FMA,-0.3700000000000005,0.3200000000000001,-0.17000000000000023,-0.39233333333333364,2025.125,186.40999999999997,166.12666666666667
temperatura,12,2025,2,2026,2,FMA,-0.3700000000000005,0.3200000000000001,-0.17000000000000023,-0.39233333333333364,2025.125,0.655623333333331,0.5392300000000034
precipitacao,12,2025,3,2026,3,MAM,-0.2533333333333338,0.2433333333333334,-0.040333333333333554,0.1273666666666663,2025.2083333333333,81.59000000000003,100.0333333333333
temperatura,12,2025,3,2026,3,MAM,-0.2533333333333338,0.2433333333333334,-0.040333333333333554,0.1273666666666663,2025.2083333333333,1.0571488888888858,0.6994288888888889
precipitacao,12,2025,4,2026,4,AMJ,-0.09333333333333381,0.17333333333333342,0.07466666666666645,0.5334666666666662,2025.2916666666667,-19.470000000000027,129.85333333333332
temperatura,12,2025,4,2026,4,AMJ,-0.09333333333333381,0.17333333333333342,0.07466666666666645,0.5334666666666662,2025.2916666666667,1.333501111111115,0.4689411111111106
precipitacao,12,2025,5,2026,5,MJJ,-0.0333333333333338,0.12000000000000006,0.10466666666666645,0.7932666666666662,2025.375,-17.873333333333335,54.829999999999984
temperatura,12,2025,5,2026,5,MJJ,-0.0333333333333338,0.12000000000000006,0.10466666666666645,0.7932666666666662,2025.375,1.1220300000000059,0.47953000000000046
precipitacao,12,2025,6,2026,6,JJA,-0.013333333333333799,0.1300000000000001,0.08066666666666646,0.6185333333333329,2025.4583333333333,-0.466666666666697,40.403333333333336
temperatura,12,2025,6,2026,6,JJA,-0.013333333333333799,0.1300000000000001,0.08066666666666646,0.6185333333333329,2025.4583333333333,0.8411622222222235,1.2306944444444454
precipitacao,24,1979,3,1981,3,MAM,0.22999999999999973,-0.5499999999999999,0.04133333333333311,0.48810000000000003,1979.2083333333333,-114.80999999999989,-40.166666666666686
temperatura,24,1979,3,1981,3,MAM,0.22999999999999973,-0.5499999999999999,0.04133333333333311,0.48810000000000003,1979.2083333333333,-1.4700511111111112,-0.22853777777777395
precipitacao,24,1979,4,1981,4,AMJ,0.27333333333333304,-0.48666666666666664,-0.13333333333333355,0.6443666666666666,1979.2916666666667,-139.87,-11.846666666666664
temperatura,24,1979,4,1981,4,AMJ,0.27333333333333304,-0.48666666666666664,-0.13333333333333355,0.6443666666666666,1979.2916666666667,-1.7323988888888877,-0.7161922222222223
precipitacao,24,1979,5,1981,5,MJJ,0.29999999999999977,-0.4066666666666667,-0.22833333333333353,0.7668333333333334,1979.375,-7.57333333333338,63.42999999999998
temperatura,24,1979,5,1981,5,MJJ,0.29999999999999977,-0.4066666666666667,-0.22833333333333353,0.7668333333333334,1979.375,-1.3414033333333322,-1.20130333333333
precipitacao,24,1979,6,1981,6,JJA,0.2499999999999997,-0.26,-0.18066666666666686,1.0337666666666665,1979.4583333333333,101.03333333333336,126.30333333333334
temperatura,24,1979,6,1981,6,JJA,0.2499999999999997,-0.26,-0.18066666666666686,1.0337666666666665,1979.4583333333333,-1.066037777777776,-1.8092388888888902
precipitacao,24,1979,7,1981,7,JAS,0.17333333333333303,-0.19999999999999998,-0.21666666666666687,1.6119333333333332,1979.5416666666667,47.25333333333336,79.36666666666665
temperatura,24,1979,7,1981,7,JAS,0.17333333333333303,-0.19999999999999998,-0.21666666666666687,1.6119333333333332,1979.5416666666667,-1.1044922222222233,-1.13547333333333
precipitacao,24,1979,8,1981,8,ASO,0.14999999999999972,-0.08666666666666667,-0.1440000000000002,1.552533333333333,1979.625,27.53,39.75
temperatura,24,1979,8,1981,8,ASO,0.14999999999999972,-0.08666666666666667,-0.1440000000000002,1.552533333333333,1979.625,-1.0209033333333313,-1.074113333333333
precipitacao,24,1979,9,1981,9,SON,0.21666666666666642,0.03000000000000001,-0.27333333333333354,1.1957,1979.7083333333333,8.603333333333353,17.25
temperatura,24,1979,9,1981,9,SON,0.21666666666666642,0.03000000000000001,-0.27333333333333354,1.1957,1979.7083333333333,-0.7536055555555556,-0.5937177777777798
precipitacao,24,1979,10,1981,10,OND,0.34333333333333305,0.013333333333333336,-0.2730000000000002,0.44493333333333335,1979.7916666666667,149.3666666666667,26.276666666666642
temperatura,24,1979,10,1981,10,OND,0.34333333333333305,0.013333333333333336,-0.2730000000000002,0.44493333333333335,1979.7916666666667,-0.7621066666666643,-1.0295044444444414
precipitacao,24,1979,11,1981,11,NDJ,0.43666666666666637,-0.049999999999999996,-0.2813333333333335,0.12226666666666665,1979.875,154.64999999999998,-57.49000000000001
temperatura,24,1979,11,1981,11,NDJ,0.43666666666666637,-0.049999999999999996,-0.2813333333333335,0.12226666666666665,1979.875,-0.14054666666666904,-0.9438100000000027
precipitacao,24,1979,12,1981,12,DJF,0.5366666666666663,-0.19000000000000003,-0.2220000000000002,-0.4044666666666667,1979.9583333333333,108.25,-62.1099999999999
temperatura,24,1979,12,1981,12,DJF,0.5366666666666663,-0.19000000000000003,-0.2220000000000002,-0.4044666666666667,1979.9583333333333,-0.6915177777777792,-1.1327511111111122
precipitacao,24,1980,1,1982,1,JFM,0.5866666666666663,-0.29333333333333333,-0.17000000000000018,-0.6067333333333332,1980.0416666666667,24.576666666666597,35.129999999999995
temperatura,24,1980,1,1982,1,JFM,0.5866666666666663,-0.29333333333333333,-0.17000000000000018,-0.6067333333333332,1980.0416666666667,-0.28243777777777623,-1.1091322222222217
precipitacao,24,1980,2,1982,2,FMA,0.5766666666666663,-0.4566666666666667,-0.1530000000000002,-0.7924666666666665,1980.125,-38.59000000000003,69.3266666666666
temperatura,24,1980,2,1982,2,FMA,0.5766666666666663,-0.4566666666666667,-0.1530000000000002,-0.7924666666666665,1980.125,-0.885976666666668,-1.0548033333333287
precipitacao,24,1980,3,1982,3,MAM,0.4799999999999997,-0.5666666666666667,-0.2586666666666668,-0.9503666666666666,1980.2083333333333,-35.50999999999999,80.5333333333333
temperatura,24,1980,3,1982,3,MAM,0.4799999999999997,-0.5666666666666667,-0.2586666666666668,-0.9503666666666666,1980.2083333333333,-0.8139511111111126,-1.3608044444444438
precipitacao,24,1980,4,1982,4,AMJ,0.3866666666666663,-0.5466666666666666,-0.2380000000000002,-1.4907666666666666,1980.2916666666667,-123.26999999999998,24.653333333333336
temperatura,24,1980,4,1982,4,AMJ,0.3866666666666663,-0.5466666666666666,-0.2380000000000002,-1.4907666666666666,1980.2916666666667,-0.17199888888888637,-0.72092555555556
precipitacao,24,1980,5,1982,5,MJJ,0.3799999999999997,-0.47,-0.1933333333333335,-1.3237666666666665,1980.375,-49.873333333333335,44.02999999999997
temperatura,24,1980,5,1982,5,MJJ,0.3799999999999997,-0.47,-0.1933333333333335,-1.3237666666666665,1980.375,0.28042999999999907,0.13159666666667036
precipitacao,24,1980,6,1982,6,JJA,0.39666666666666633,-0.39666666666666667,-0.18133333333333349,-0.7537333333333333,1980.4583333333333,-73.8666666666667,77.20333333333332
temperatura,24,1980,6,1982,6,JJA,0.39666666666666633,-0.39666666666666667,-0.18133333333333349,-0.7537333333333333,1980.4583333333333,0.9071955555555604,0.5376277777777787
precipitacao,24,1980,7,1982,7,JAS,0.34333333333333305,-0.36000000000000004,-0.3696666666666668,-0.7122999999999999,1980.5416666666667,-19.546666666666653,-37.93333333333331
temperatura,24,1980,7,1982,7,JAS,0.34333333333333305,-0.36000000000000004,-0.3696666666666668,-0.7122999999999999,1980.5416666666667,0.16724111111111029,0.008026666666669513
precipitacao,24,1980,8,1982,8,ASO,0.17333333333333303,-0.2866666666666667,-0.6216666666666668,-0.8849999999999999,1980.625,-50.97000000000003,47.05000000000001
temperatura,24,1980,8,1982,8,ASO,0.17333333333333303,-0.2866666666666667,-0.6216666666666668,-0.8849999999999999,1980.625,0.14209666666667076,-0.35964666666666645
precipitacao,24,1980,9,1982,9,SON,-0.01666666666666697,-0.17,-0.7426666666666669,-1.5471666666666666,1980.7083333333333,35.60333333333335,52.35000000000002
temperatura,24,1980,9,1982,9,SON,-0.01666666666666697,-0.17,-0.7426666666666669,-1.5471666666666666,1980.7083333333333,-0.26047222222221933,0.02374888888888549
precipitacao,24,1980,10,1982,10,OND,-0.10000000000000031,-0.15,-0.7416666666666668,-0.7067333333333332,1980.7916666666667,47.166666666666686,255.0766666666667
temperatura,24,1980,10,1982,10,OND,-0.10000000000000031,-0.15,-0.7416666666666668,-0.7067333333333332,1980.7916666666667,-0.8800733333333284,-0.2017711111111069
precipitacao,24,1980,11,1982,11,NDJ,-0.05333333333333364,-0.24,-0.6066666666666668,-1.0454333333333332,1980.875,64.84999999999997,158.61
temperatura,24,1980,11,1982,11,NDJ,-0.05333333333333364,-0.24,-0.6066666666666668,-1.0454333333333332,1980.875,-1.0896800000000013,-0.09887666666666917
precipitacao,24,1980,12,1982,12,DJF,-0.013333333333333633,-0.5133333333333333,-0.5193333333333335,-0.5972666666666666,1980.9583333333333,-9.349999999999966,177.89
temperatura,24,1980,12,1982,12,DJF,-0.013333333333333633,-0.5133333333333333,-0.5193333333333335,-0.5972666666666666,1980.9583333333333,-1.3480844444444458,-0.5097177777777802
precipitacao,24,1981,1,1983,1,JFM,-0.08000000000000031,-0.6333333333333333,-0.36700000000000016,-0.7128999999999999,1981.0416666666667,71.47666666666657,104.73000000000002
temperatura,24,1981,1,1983,1,JFM,-0.08000000000000031,-0.6333333333333333,-0.36700000000000016,-0.7128999999999999,1981.0416666666667,-0.3511044444444451,-0.22693222222222076
precipitacao,24,1981,2,1983,2,FMA,-0.24666666666666695,-0.7333333333333334,-0.23600000000000013,-0.028833333333333183,1981.125,164.90999999999997,216.3266666666666
temperatura,24,1981,2,1983,2,FMA,-0.24666666666666695,-0.7333333333333334,-0.23600000000000013,-0.028833333333333183,1981.125,-0.3116433333333326,-0.18063666666666123
precipitacao,24,1981,3,1983,3,MAM,-0.3666666666666669,-0.7766666666666667,-0.06633333333333348,-0.23189999999999986,1981.2083333333333,111.79000000000008,255.7333333333333
temperatura,24,1981,3,1983,3,MAM,-0.3666666666666669,-0.7766666666666667,-0.06633333333333348,-0.23189999999999986,1981.2083333333333,-0.018584444444442738,0.26556222222222203
precipitacao,24,1981,4,1983,4,AMJ,-0.3666666666666669,-0.85,0.03166666666666652,-0.7960666666666665,1981.2916666666667,20.33000000000004,373.4533333333334
temperatura,24,1981,4,1983,4,AMJ,-0.3666666666666669,-0.85,0.03166666666666652,-0.7960666666666665,1981.2916666666667,-0.203532222222222,0.3371411111111051
precipitacao,24,1981,5,1983,5,MJJ,-0.3200000000000003,-0.8566666666666668,0.03366666666666652,-0.9238333333333332,1981.375,-69.37333333333333,262.42999999999995
temperatura,24,1981,5,1983,5,MJJ,-0.3200000000000003,-0.8566666666666668,0.03366666666666652,-0.9238333333333332,1981.375,-0.46640333333333217,0.7675966666666696
precipitacao,24,1981,6,1983,6,JJA,-0.27333333333333365,-0.7033333333333333,-0.05466666666666681,-0.4847666666666665,1981.4583333333333,-40.166666666666686,155.90333333333336
temperatura,24,1981,6,1983,6,JJA,-0.27333333333333365,-0.7033333333333333,-0.05466666666666681,-0.4847666666666665,1981.4583333333333,-0.22853777777777395,0.1080611111111125
precipitacao,24,1981,7,1983,7,JAS,-0.276666666666667,-0.5866666666666667,-0.2723333333333335,-0.32606666666666656,1981.5416666666667,-11.846666666666664,182.46666666666667
temperatura,24,1981,7,1983,7,JAS,-0.276666666666667,-0.5866666666666667,-0.2723333333333335,-0.32606666666666656,1981.5416666666667,-0.7161922222222223,-0.5304066666666607
precipitacao,24,1981,8,1983,8,ASO,-0.26000000000000034,-0.36000000000000004,-0.47566666666666685,-0.9175,1981.625,63.42999999999998,243.84999999999997
temperatura,24,1981,8,1983,8,ASO,-0.26000000000000034,-0.36000000000000004,-0.47566666666666685,-0.9175,1981.625,-1.20130333333333,-1.3604466666666646
precipitacao,24,1981,9,1983,9,SON,-0.19666666666666696,-0.16666666666666666,-0.6483333333333335,-1.5378666666666667,1981.7083333333333,126.30333333333334,237.45000000000005
temperatura,24,1981,9,1983,9,SON,-0.19666666666666696,-0.16666666666666666,-0.6483333333333335,-1.5378666666666667,1981.7083333333333,-1.8092388888888902,-1.0795844444444462
precipitacao,24,1981,10,1983,10,OND,-0.15666666666666698,0.03333333333333333,-0.6636666666666668,-1.296,1981.7916666666667,79.36666666666665,54.5766666666666
temperatura,24,1981,10,1983,10,OND,-0.15666666666666698,0.03333333333333333,-0.6636666666666668,-1.296,1981.7916666666667,-1.13547333333333,-0.44193777777777754
precipitacao,24,1981,11,1983,11,NDJ,-0.14333333333333365,0.08333333333333333,-0.5633333333333335,-0.38136666666666663,1981.875,39.75,-62.99000000000001
temperatura,24,1981,11,1983,11,NDJ,-0.14333333333333365,0.08333333333333333,-0.5633333333333335,-0.38136666666666663,1981.875,-1.074113333333333,0.40075666666666265
precipitacao,24,1981,12,1983,12,DJF,-0.16333333333333364,0.013333333333333327,-0.31733333333333347,0.49390000000000006,1981.9583333333333,17.25,-158.80999999999995
temperatura,24,1981,12,1983,12,DJF,-0.16333333333333364,0.013333333333333327,-0.31733333333333347,0.49390000000000006,1981.9583333333333,-0.5937177777777798,0.8574488888888894
precipitacao,24,1982,1,1984,1,JFM,-0.12666666666666698,-0.12666666666666668,-0.06733333333333348,0.39586666666666676,1982.0416666666667,26.276666666666642,-207.57
temperatura,24,1982,1,1984,1,JFM,-0.12666666666666698,-0.12666666666666668,-0.06733333333333348,0.39586666666666676,1982.0416666666667,-1.0295044444444414,0.9165677777777823
precipitacao,24,1982,2,1984,2,FMA,-0.056666666666666976,-0.31,0.0973333333333332,0.2797333333333334,1982.125,-57.49000000000001,-77.37333333333333
temperatura,24,1982,2,1984,2,FMA,-0.056666666666666976,-0.31,0.0973333333333332,0.2797333333333334,1982.125,-0.9438100000000027,0.22196333333333484
precipitacao,24,1982,3,1984,3,MAM,0.01333333333333303,-0.44333333333333336,0.12166666666666653,0.4421,1982.2083333333333,-62.1099999999999,74.63333333333327
temperatura,24,1982,3,1984,3,MAM,0.01333333333333303,-0.44333333333333336,0.12166666666666653,0.4421,1982.2083333333333,-1.1327511111111122,0.35372888888889165
precipitacao,24,1982,4,1984,4,AMJ,0.14333333333333304,-0.5633333333333334,0.11333333333333317,1.1373666666666666,1982.2916666666667,35.129999999999995,42.75333333333333
temperatura,24,1982,4,1984,4,AMJ,0.14333333333333304,-0.5633333333333334,0.11333333333333317,1.1373666666666666,1982.2916666666667,-1.1091322222222217,0.7835744444444437
precipitacao,24,1982,5,1984,5,MJJ,0.35333333333333306,-0.6433333333333333,0.13199999999999987,1.0842666666666667,1982.375,69.3266666666666,-50.770000000000024
temperatura,24,1982,5,1984,5,MJJ,0.35333333333333306,-0.6433333333333333,0.13199999999999987,1.0842666666666667,1982.375,-1.0548033333333287,1.320496666666667
precipitacao,24,1982,6,1984,6,JJA,0.573333333333333,-0.71,0.19899999999999984,0.8564666666666666,1982.4583333333333,80.5333333333333,-22.096666666666664
temperatura,24,1982,6,1984,6,JJA,0.573333333333333,-0.71,0.19899999999999984,0.8564666666666666,1982.4583333333333,-1.3608044444444438,0.025427777777778715
precipitacao,24,1982,7,1984,7,JAS,0.7199999999999998,-0.7233333333333333,0.24766666666666656,0.20776666666666666,1982.5416666666667,24.653333333333336,59.166666666666686
temperatura,24,1982,7,1984,7,JAS,0.7199999999999998,-0.7233333333333333,0.24766666666666656,0.20776666666666666,1982.5416666666667,-0.72092555555556,-0.8741733333333279
precipitacao,24,1982,8,1984,8,ASO,0.833333333333333,-0.7433333333333332,0.25866666666666654,0.4282333333333333,1982.625,44.02999999999997,39.25
temperatura,24,1982,8,1984,8,ASO,0.833333333333333,-0.7433333333333332,0.25866666666666654,0.4282333333333333,1982.625,0.13159666666667036,-1.1332466666666683
precipitacao,24,1982,9,1984,9,SON,1.073333333333333,-0.6433333333333333,0.3209999999999999,0.6482,1982.7083333333333,77.20333333333332,9.250000000000057
temperatura,24,1982,9,1984,9,SON,1.073333333333333,-0.6433333333333333,0.3209999999999999,0.6482,1982.7083333333333,0.5376277777777787,-0.48435111111110984
precipitacao,24,1982,10,1984,10,OND,1.4199999999999997,-0.52,0.44066666666666654,0.5523333333333332,1982.7916666666667,-37.93333333333331,-26.12333333333339
temperatura,24,1982,10,1984,10,OND,1.4199999999999997,-0.52,0.44066666666666654,0.5523333333333332,1982.7916666666667,0.008026666666669513,-0.45137111111110784
precipitacao,24,1982,11,1984,11,NDJ,1.7666666666666664,-0.4166666666666667,0.4499999999999999,0.009499999999999953,1982.875,47.05000000000001,51.210000000000036
temperatura,24,1982,11,1984,11,NDJ,1.7666666666666664,-0.4166666666666667,0.4499999999999999,0.009499999999999953,1982.875,-0.35964666666666645,-1.087176666666668
precipitacao,24,1982,12,1984,12,DJF,1.9899999999999995,-0.4066666666666667,0.2483333333333332,-1.1617333333333335,1982.9583333333333,52.35000000000002,51.690000000000055
temperatura,24,1982,12,1984,12,DJF,1.9899999999999995,-0.4066666666666667,0.2483333333333332,-1.1617333333333335,1982.9583333333333,0.02374888888888549,-1.1101844444444424
precipitacao,24,1983,1,1985,1,JFM,2.0966666666666662,-0.3,-0.12033333333333347,-1.3744333333333334,1983.0416666666667,255.0766666666667,19.129999999999995
temperatura,24,1983,1,1985,1,JFM,2.0966666666666662,-0.3,-0.12033333333333347,-1.3744333333333334,1983.0416666666667,-0.2017711111111069,-0.4918988888888869
precipitacao,24,1983,2,1985,2,FMA,2.056666666666666,-0.10999999999999995,-0.4110000000000002,-1.4516000000000002,1983.125,158.61,50.226666666666574
temperatura,24,1983,2,1985,2,FMA,2.056666666666666,-0.10999999999999995,-0.4110000000000002,-1.4516000000000002,1983.125,-0.09887666666666917,0.2634299999999996
precipitacao,24,1983,3,1985,3,MAM,1.8566666666666665,-0.12666666666666662,-0.6073333333333335,-0.7516000000000002,1983.2083333333333,177.89,-8.666666666666686
temperatura,24,1983,3,1985,3,MAM,1.8566666666666665,-0.12666666666666662,-0.6073333333333335,-0.7516000000000002,1983.2083333333333,-0.5097177777777802,0.1681622222222252
precipitacao,24,1983,4,1985,4,AMJ,1.553333333333333,-0.31,-0.6320000000000001,-0.25500000000000017,1983.2916666666667,104.73000000000002,-20.24666666666664
temperatura,24,1983,4,1985,4,AMJ,1.553333333333333,-0.31,-0.6320000000000001,-0.25500000000000017,1983.2916666666667,-0.22693222222222076,-0.5298255555555578
precipitacao,24,1983,5,1985,5,MJJ,1.233333333333333,-0.6133333333333334,-0.4553333333333334,-0.040500000000000126,1983.375,216.3266666666666,-105.97000000000003
temperatura,24,1983,5,1985,5,MJJ,1.233333333333333,-0.6133333333333334,-0.4553333333333334,-0.040500000000000126,1983.375,-0.18063666666666123,-1.0525033333333322
precipitacao,24,1983,6,1985,6,JJA,0.933333333333333,-0.7066666666666667,-0.0813333333333335,-0.18353333333333346,1983.4583333333333,255.7333333333333,-80.59666666666666
temperatura,24,1983,6,1985,6,JJA,0.933333333333333,-0.7066666666666667,-0.0813333333333335,-0.18353333333333346,1983.4583333333333,0.26556222222222203,-0.6497055555555562
precipitacao,24,1983,7,1985,7,JAS,0.6066666666666664,-0.7066666666666667,0.27899999999999986,0.13803333333333323,1983.5416666666667,373.4533333333334,-93.53333333333333
temperatura,24,1983,7,1985,7,JAS,0.6066666666666664,-0.7066666666666667,0.27899999999999986,0.13803333333333323,1983.5416666666667,0.3371411111111051,-0.20707333333333366
precipitacao,24,1983,8,1985,8,ASO,0.26999999999999974,-0.5333333333333333,0.4133333333333333,0.5477666666666665,1983.625,262.42999999999995,-99.85000000000002
temperatura,24,1983,8,1985,8,ASO,0.26999999999999974,-0.5333333333333333,0.4133333333333333,0.5477666666666665,1983.625,0.7675966666666696,0.17258666666666755
precipitacao,24,1983,9,1985,9,SON,-0.0800000000000003,-0.31666666666666665,0.2673333333333332,0.4033666666666666,1983.7083333333333,155.90333333333336,-105.54999999999995
temperatura,24,1983,9,1985,9,SON,-0.0800000000000003,-0.31666666666666665,0.2673333333333332,0.4033666666666666,1983.7083333333333,0.1080611111111125,-0.1163511111111113
precipitacao,24,1983,10,1985,10,OND,-0.41666666666666696,-0.2333333333333333,-0.003666666666666781,0.4298333333333331,1983.7916666666667,182.46666666666667,-70.62333333333333
temperatura,24,1983,10,1985,10,OND,-0.41666666666666696,-0.2333333333333333,-0.003666666666666781,0.4298333333333331,1983.7916666666667,-0.5304066666666607,-0.21067111111111103
precipitacao,24,1983,11,1985,11,NDJ,-0.7166666666666669,-0.17999999999999994,-0.2330000000000001,0.40829999999999983,1983.875,243.84999999999997,-62.389999999999986
temperatura,24,1983,11,1985,11,NDJ,-0.7166666666666669,-0.17999999999999994,-0.2330000000000001,0.40829999999999983,1983.875,-1.3604466666666646,-0.06801000000000101
precipitacao,24,1983,12,1985,12,DJF,-0.8700000000000002,-0.10333333333333329,-0.2440000000000001,0.7987999999999998,1983.9583333333333,237.45000000000005,-25.009999999999877
temperatura,24,1983,12,1985,12,DJF,-0.8700000000000002,-0.10333333333333329,-0.2440000000000001,0.7987999999999998,1983.9583333333333,-1.0795844444444462,-0.09855111111111015
precipitacao,24,1984,1,1986,1,JFM,-0.826666666666667,0.1166666666666667,-0.22233333333333347,0.03513333333333316,1984.0416666666667,54.5766666666666,162.63
temperatura,24,1984,1,1986,1,JFM,-0.826666666666667,0.1166666666666667,-0.22233333333333347,0.03513333333333316,1984.0416666666667,-0.44193777777777754,0.15950111111111198
precipitacao,24,1984,2,1986,2,FMA,-0.6766666666666671,0.2833333333333334,-0.15766666666666676,-0.3885666666666669,1984.125,-62.99000000000001,206.7266666666667
temperatura,24,1984,2,1986,2,FMA,-0.6766666666666671,0.2833333333333334,-0.15766666666666676,-0.3885666666666669,1984.125,0.40075666666666265,0.22279666666666742
precipitacao,24,1984,3,1986,3,MAM,-0.5066666666666669,0.39000000000000007,-0.16466666666666677,-0.46343333333333353,1984.2083333333333,-158.80999999999995,199.5333333333333
temperatura,24,1984,3,1986,3,MAM,-0.5066666666666669,0.39000000000000007,-0.16466666666666677,-0.46343333333333353,1984.2083333333333,0.8574488888888894,0.795462222222227
precipitacao,24,1984,4,1986,4,AMJ,-0.4533333333333336,0.3366666666666667,-0.07366666666666677,-0.16566666666666688,1984.2916666666667,-207.57,-33.44666666666666
temperatura,24,1984,4,1986,4,AMJ,-0.4533333333333336,0.3366666666666667,-0.07366666666666677,-0.16566666666666688,1984.2916666666667,0.9165677777777823,0.738341111111108
precipitacao,24,1984,5,1986,5,MJJ,-0.46666666666666695,0.18333333333333338,-0.12533333333333344,-0.39690000000000025,1984.375,-77.37333333333333,-19.670000000000016
temperatura,24,1984,5,1986,5,MJJ,-0.46666666666666695,0.18333333333333338,-0.12533333333333344,-0.39690000000000025,1984.375,0.22196333333333484,0.2550300000000014
precipitacao,24,1984,6,1986,6,JJA,-0.5133333333333336,0.08333333333333337,-0.20333333333333345,-0.33850000000000025,1984.4583333333333,74.63333333333327,30.903333333333336
temperatura,24,1984,6,1986,6,JJA,-0.5133333333333336,0.08333333333333337,-0.20333333333333345,-0.33850000000000025,1984.4583333333333,0.35372888888889165,-0.2518388888888907
precipitacao,24,1984,7,1986,7,JAS,-0.48666666666666697,0.1166666666666667,-0.3420000000000001,0.026099999999999717,1984.5416666666667,42.75333333333333,46.66666666666666
temperatura,24,1984,7,1986,7,JAS,-0.48666666666666697,0.1166666666666667,-0.3420000000000001,0.026099999999999717,1984.5416666666667,0.7835744444444437,-0.6092066666666618
precipitacao,24,1984,8,1986,8,ASO,-0.376666666666667,0.3333333333333333,-0.40633333333333344,0.2557666666666664,1984.625,-50.770000000000024,-2.1500000000000057
temperatura,24,1984,8,1986,8,ASO,-0.376666666666667,0.3333333333333333,-0.40633333333333344,0.2557666666666664,1984.625,1.320496666666667,-0.6424800000000026
precipitacao,24,1984,9,1986,9,SON,-0.31000000000000033,0.5166666666666667,-0.49033333333333334,0.2227333333333331,1984.7083333333333,-22.096666666666664,-100.44999999999999
temperatura,24,1984,9,1986,9,SON,-0.31000000000000033,0.5166666666666667,-0.49033333333333334,0.2227333333333331,1984.7083333333333,0.025427777777778715,-0.2610177777777807
precipitacao,24,1984,10,1986,10,OND,-0.386666666666667,0.54,-0.5863333333333334,-0.07693333333333356,1984.7916666666667,59.166666666666686,98.97666666666657
temperatura,24,1984,10,1986,10,OND,-0.386666666666667,0.54,-0.5863333333333334,-0.07693333333333356,1984.7916666666667,-0.8741733333333279,0.00596222222222309
precipitacao,24,1984,11,1986,11,NDJ,-0.6300000000000003,0.39333333333333337,-0.56,0.0978333333333331,1984.875,39.25,128.61
temperatura,24,1984,11,1986,11,NDJ,-0.6300000000000003,0.39333333333333337,-0.56,0.0978333333333331,1984.875,-1.1332466666666683,0.48735666666666333
precipitacao,24,1984,12,1986,12,DJF,-0.8766666666666669,0.16000000000000006,-0.45,-0.5030333333333336,1984.9583333333333,9.250000000000057,107.09000000000003
temperatura,24,1984,12,1986,12,DJF,-0.8766666666666669,0.16000000000000006,-0.45,-0.5030333333333336,1984.9583333333333,-0.48435111111110984,-0.0801511111111104
precipitacao,24,1985,1,1987,1,JFM,-1.006666666666667,0.03333333333333341,-0.38766666666666677,-0.7648333333333336,1985.0416666666667,-26.12333333333339,-165.16999999999996
temperatura,24,1985,1,1987,1,JFM,-1.006666666666667,0.03333333333333341,-0.38766666666666677,-0.7648333333333336,1985.0416666666667,-0.45137111111110784,-0.1253322222222195
precipitacao,24,1985,2,1987,2,FMA,-0.976666666666667,0.0733333333333334,-0.4573333333333334,-0.684966666666667,1985.125,51.210000000000036,-118.97333333333336
temperatura,24,1985,2,1987,2,FMA,-0.976666666666667,0.0733333333333334,-0.4573333333333334,-0.684966666666667,1985.125,-1.087176666666668,-0.036103333333333154
precipitacao,24,1985,3,1987,3,MAM,-0.9066666666666671,0.006666666666666747,-0.545,-0.23763333333333356,1985.2083333333333,51.690000000000055,5.833333333333314
temperatura,24,1985,3,1987,3,MAM,-0.9066666666666671,0.006666666666666747,-0.545,-0.23763333333333356,1985.2083333333333,-1.1101844444444424,-0.07107111111110953
precipitacao,24,1985,4,1987,4,AMJ,-0.836666666666667,-0.039999999999999925,-0.4560000000000001,0.03779999999999978,1985.2916666666667,19.129999999999995,157.75333333333336
temperatura,24,1985,4,1987,4,AMJ,-0.836666666666667,-0.039999999999999925,-0.4560000000000001,0.03779999999999978,1985.2916666666667,-0.4918988888888869,-0.33735888888888965
precipitacao,24,1985,5,1987,5,MJJ,-0.8133333333333338,-0.1566666666666666,-0.3213333333333334,-0.056066666666666896,1985.375,50.226666666666574,92.72999999999999
temperatura,24,1985,5,1987,5,MJJ,-0.8133333333333338,-0.1566666666666666,-0.3213333333333334,-0.056066666666666896,1985.375,0.2634299999999996,-0.18533666666666448
precipitacao,24,1985,6,1987,6,JJA,-0.7300000000000004,-0.1766666666666666,-0.35066666666666674,-0.1217666666666669,1985.4583333333333,-8.666666666666686,16.30333333333334
temperatura,24,1985,6,1987,6,JJA,-0.7300000000000004,-0.1766666666666666,-0.35066666666666674,-0.1217666666666669,1985.4583333333333,0.1681622222222252,-0.38360555555555464
precipitacao,24,1985,7,1987,7,JAS,-0.6100000000000004,-0.11666666666666659,-0.41866666666666674,0.505633333333333,1985.5416666666667,-20.24666666666664,-11.833333333333343
temperatura,24,1985,7,1987,7,JAS,-0.6100000000000004,-0.11666666666666659,-0.41866666666666674,0.505633333333333,1985.5416666666667,-0.5298255555555578,-0.42097333333333253
precipitacao,24,1985,8,1987,8,ASO,-0.456666666666667,-0.11666666666666659,-0.4973333333333334,0.7259333333333332,1985.625,-105.97000000000003,121.34999999999997
temperatura,24,1985,8,1987,8,ASO,-0.456666666666667,-0.11666666666666659,-0.4973333333333334,0.7259333333333332,1985.625,-1.0525033333333322,-1.066046666666665
precipitacao,24,1985,9,1987,9,SON,-0.3600000000000004,-0.06999999999999991,-0.36700000000000005,1.3385999999999998,1985.7083333333333,-80.59666666666666,75.05000000000001
temperatura,24,1985,9,1987,9,SON,-0.3600000000000004,-0.06999999999999991,-0.36700000000000005,1.3385999999999998,1985.7083333333333,-0.6497055555555562,-0.717484444444441
precipitacao,24,1985,10,1987,10,OND,-0.31333333333333374,-0.05999999999999991,-0.39833333333333343,0.8576333333333331,1985.7916666666667,-93.53333333333333,54.97666666666663
temperatura,24,1985,10,1987,10,OND,-0.31333333333333374,-0.05999999999999991,-0.39833333333333343,0.8576333333333331,1985.7916666666667,-0.20707333333333366,-0.23340444444444586
precipitacao,24,1985,11,1987,11,NDJ,-0.296666666666667,-0.00666666666666658,-0.2206666666666667,1.020933333333333,1985.875,-99.85000000000002,-96.49000000000001
temperatura,24,1985,11,1987,11,NDJ,-0.296666666666667,-0.00666666666666658,-0.2206666666666667,1.020933333333333,1985.875,0.17258666666666755,0.3576566666666636
precipitacao,24,1985,12,1987,12,DJF,-0.31333333333333374,0.04666666666666675,-0.2803333333333334,0.931933333333333,1985.9583333333333,-105.54999999999995,40.29000000000008
temperatura,24,1985,12,1987,12,DJF,-0.31333333333333374,0.04666666666666675,-0.2803333333333334,0.931933333333333,1985.9583333333333,-0.1163511111111113,-0.06851777777777812
precipitacao,24,1986,1,1988,1,JFM,-0.34666666666666707,-0.016666666666666583,-0.15200000000000005,0.8275999999999998,1986.0416666666667,-70.62333333333333,19.029999999999973
temperatura,24,1986,1,1988,1,JFM,-0.34666666666666707,-0.016666666666666583,-0.15200000000000005,0.8275999999999998,1986.0416666666667,-0.21067111111111103,0.04330111111111634
precipitacao,24,1986,2,1988,2,FMA,-0.38000000000000034,0.030000000000000086,-0.2216666666666667,-0.06330000000000029,1986.125,-62.389999999999986,203.2266666666667
temperatura,24,1986,2,1988,2,FMA,-0.38000000000000034,0.030000000000000086,-0.2216666666666667,-0.06330000000000029,1986.125,-0.06801000000000101,-0.4673033333333336
precipitacao,24,1986,3,1988,3,MAM,-0.3433333333333337,0.033333333333333416,-0.1493333333333334,-0.7332666666666668,1986.2083333333333,-25.009999999999877,229.33333333333331
temperatura,24,1986,3,1988,3,MAM,-0.3433333333333337,0.033333333333333416,-0.1493333333333334,-0.7332666666666668,1986.2083333333333,-0.09855111111111015,-0.11283777777777715
precipitacao,24,1986,4,1988,4,AMJ,-0.26666666666666705,0.07000000000000009,-0.20700000000000007,-0.8147666666666669,1986.2916666666667,162.63,251.15333333333334
temperatura,24,1986,4,1988,4,AMJ,-0.26666666666666705,0.07000000000000009,-0.20700000000000007,-0.8147666666666669,1986.2916666666667,0.15950111111111198,-0.7732588888888898
precipitacao,24,1986,5,1988,5,MJJ,-0.17000000000000037,-0.023333333333333244,-0.2133333333333334,-0.9009666666666668,1986.375,206.7266666666667,96.92999999999998
temperatura,24,1986,5,1988,5,MJJ,-0.17000000000000037,-0.023333333333333244,-0.2133333333333334,-0.9009666666666668,1986.375,0.22279666666666742,-1.5601033333333323
precipitacao,24,1986,6,1988,6,JJA,-0.08000000000000038,-0.0033333333333332438,-0.23966666666666678,-0.8509000000000002,1986.4583333333333,199.5333333333333,-52.79666666666667
temperatura,24,1986,6,1988,6,JJA,-0.08000000000000038,-0.0033333333333332438,-0.23966666666666678,-0.8509000000000002,1986.4583333333333,0.795462222222227,-1.4605388888888875
precipitacao,24,1986,7,1988,7,JAS,0.05666666666666629,-0.01333333333333324,-0.3263333333333334,-0.7922666666666668,1986.5416666666667,-33.44666666666666,-85.33333333333331
temperatura,24,1986,7,1988,7,JAS,0.05666666666666629,-0.01333333333333324,-0.3263333333333334,-0.7922666666666668,1986.5416666666667,0.738341111111108,-0.5901066666666637
precipitacao,24,1986,8,1988,8,ASO,0.23999999999999963,0.01666666666666676,-0.4086666666666668,-0.22906666666666678,1986.625,-19.670000000000016,16.149999999999977
temperatura,24,1986,8,1988,8,ASO,0.23999999999999963,0.01666666666666676,-0.4086666666666668,-0.22906666666666678,1986.625,0.2550300000000014,-0.23197999999999652
precipitacao,24,1986,9,1988,9,SON,0.4466666666666663,0.03666666666666676,-0.36300000000000004,0.26029999999999986,1986.7083333333333,30.903333333333336,-26.249999999999943
temperatura,24,1986,9,1988,9,SON,0.4466666666666663,0.03666666666666676,-0.36300000000000004,0.26029999999999986,1986.7083333333333,-0.2518388888888907,-0.6309177777777784
precipitacao,24,1986,10,1988,10,OND,0.653333333333333,0.030000000000000086,-0.19700000000000006,0.3324666666666665,1986.7916666666667,46.66666666666666,-45.62333333333339
temperatura,24,1986,10,1988,10,OND,0.653333333333333,0.030000000000000086,-0.19700000000000006,0.3324666666666665,1986.7916666666667,-0.6092066666666618,-1.046504444444441
precipitacao,24,1986,11,1988,11,NDJ,0.853333333333333,-0.0899999999999999,-0.1443333333333334,0.3106333333333332,1986.875,-2.1500000000000057,-176.68999999999994
temperatura,24,1986,11,1988,11,NDJ,0.853333333333333,-0.0899999999999999,-0.1443333333333334,0.3106333333333332,1986.875,-0.6424800000000026,-0.4565100000000015
precipitacao,24,1986,12,1988,12,DJF,1.043333333333333,-0.22333333333333324,-0.18833333333333344,0.32316666666666655,1986.9583333333333,-100.44999999999999,22.389999999999986
temperatura,24,1986,12,1988,12,DJF,1.043333333333333,-0.22333333333333324,-0.18833333333333344,0.32316666666666655,1986.9583333333333,-0.2610177777777807,-0.20205111111111052
precipitacao,24,1987,1,1989,1,JFM,1.1499999999999997,-0.30333333333333323,-0.1993333333333334,-0.09553333333333351,1987.0416666666667,98.97666666666657,50.73000000000002
temperatura,24,1987,1,1989,1,JFM,1.1499999999999997,-0.30333333333333323,-0.1993333333333334,-0.09553333333333351,1987.0416666666667,0.00596222222222309,0.00010111111111399396
precipitacao,24,1987,2,1989,2,FMA,1.173333333333333,-0.24999999999999992,-0.10466666666666674,-0.2572666666666668,1987.125,128.61,130.42666666666662
temperatura,24,1987,2,1989,2,FMA,1.173333333333333,-0.24999999999999992,-0.10466666666666674,-0.2572666666666668,1987.125,0.48735666666666333,0.10729666666667015
precipitacao,24,1987,3,1989,3,MAM,1.1099999999999997,-0.2299999999999999,-0.05933333333333341,-0.5969333333333335,1987.2083333333333,107.09000000000003,-13.666666666666686
temperatura,24,1987,3,1989,3,MAM,1.1099999999999997,-0.2299999999999999,-0.05933333333333341,-0.5969333333333335,1987.2083333333333,-0.0801511111111104,0.04796222222222468
precipitacao,24,1987,4,1989,4,AMJ,1.0299999999999996,-0.21333333333333324,-0.08466666666666674,-0.37533333333333346,1987.2916666666667,-165.16999999999996,9.153333333333336
temperatura,24,1987,4,1989,4,AMJ,1.0299999999999996,-0.21333333333333324,-0.08466666666666674,-0.37533333333333346,1987.2916666666667,-0.1253322222222195,-0.30532555555555874
precipitacao,24,1987,5,1989,5,MJJ,0.9699999999999998,-0.16999999999999993,-0.04333333333333341,-0.1265666666666668,1987.375,-118.97333333333336,37.52999999999997
temperatura,24,1987,5,1989,5,MJJ,0.9699999999999998,-0.16999999999999993,-0.04333333333333341,-0.1265666666666668,1987.375,-0.036103333333333154,-1.0637366666666637
precipitacao,24,1987,6,1989,6,JJA,0.9999999999999997,-0.07333333333333325,0.03899999999999992,-0.31630000000000014,1987.4583333333333,5.833333333333314,72.10333333333335
temperatura,24,1987,6,1989,6,JJA,0.9999999999999997,-0.07333333333333325,0.03899999999999992,-0.31630000000000014,1987.4583333333333,-0.07107111111110953,-1.246938888888888
precipitacao,24,1987,7,1989,7,JAS,1.1199999999999999,0.10000000000000009,0.15999999999999992,-0.7315333333333335,1987.5416666666667,157.75333333333336,98.56666666666663
temperatura,24,1987,7,1989,7,JAS,1.1199999999999999,0.10000000000000009,0.15999999999999992,-0.7315333333333335,1987.5416666666667,-0.33735888888888965,-1.3932066666666643
precipitacao,24,1987,8,1989,8,ASO,1.2899999999999998,0.2000000000000001,0.20399999999999988,-0.2493333333333334,1987.625,92.72999999999999,23.44999999999999
temperatura,24,1987,8,1989,8,ASO,1.2899999999999998,0.2000000000000001,0.20399999999999988,-0.2493333333333334,1987.625,-0.18533666666666448,-1.7253799999999977
precipitacao,24,1987,9,1989,9,SON,1.4166666666666663,0.22000000000000008,0.2983333333333333,-0.28166666666666684,1987.7083333333333,16.30333333333334,2.75
temperatura,24,1987,9,1989,9,SON,1.4166666666666663,0.22000000000000008,0.2983333333333333,-0.28166666666666684,1987.7083333333333,-0.38360555555555464,-1.6917177777777788
precipitacao,24,1987,10,1989,10,OND,1.4533333333333331,0.2000000000000001,0.3143333333333333,0.3805999999999998,1987.7916666666667,-11.833333333333343,-60.023333333333426
temperatura,24,1987,10,1989,10,OND,1.4533333333333331,0.2000000000000001,0.3143333333333333,0.3805999999999998,1987.7916666666667,-0.42097333333333253,-1.6009711111111073
precipitacao,24,1987,11,1989,11,NDJ,1.3666666666666665,0.2700000000000001,0.19833333333333325,0.2389999999999998,1987.875,121.34999999999997,-74.49000000000001
temperatura,24,1987,11,1989,11,NDJ,1.3666666666666665,0.2700000000000001,0.19833333333333325,0.2389999999999998,1987.875,-1.066046666666665,-0.3378433333333355
precipitacao,24,1987,12,1989,12,DJF,1.203333333333333,0.25666666666666677,0.11833333333333325,0.5960666666666664,1987.9583333333333,75.05000000000001,-88.80999999999995
temperatura,24,1987,12,1989,12,DJF,1.203333333333333,0.25666666666666677,0.11833333333333325,0.5960666666666664,1987.9583333333333,-0.717484444444441,-0.0325511111111112
precipitacao,24,1988,1,1990,1,JFM,0.943333333333333,0.29333333333333345,0.15133333333333324,0.24033333333333318,1988.0416666666667,54.97666666666663,-58.46999999999997
temperatura,24,1988,1,1990,1,JFM,0.943333333333333,0.29333333333333345,0.15133333333333324,0.24033333333333318,1988.0416666666667,-0.23340444444444586,0.726567777777781
precipitacao,24,1988,2,1990,2,FMA,0.6666666666666664,0.27333333333333343,0.11699999999999992,0.0704666666666665,1988.125,-96.49000000000001,41.42666666666662
temperatura,24,1988,2,1990,2,FMA,0.6666666666666664,0.27333333333333343,0.11699999999999992,0.0704666666666665,1988.125,0.3576566666666636,0.9502966666666701
precipitacao,24,1988,3,1990,3,MAM,0.32333333333333303,0.37333333333333335,-0.03800000000000008,-0.09330000000000016,1988.2083333333333,40.29000000000008,58.833333333333314
temperatura,24,1988,3,1990,3,MAM,0.32333333333333303,0.37333333333333335,-0.03800000000000008,-0.09330000000000016,1988.2083333333333,-0.06851777777777812,0.7193622222222231
precipitacao,24,1988,4,1990,4,AMJ,-0.03666666666666696,0.3666666666666667,-0.1983333333333334,0.08499999999999984,1988.2916666666667,19.029999999999973,13.953333333333347
temperatura,24,1988,4,1990,4,AMJ,-0.03666666666666696,0.3666666666666667,-0.1983333333333334,0.08499999999999984,1988.2916666666667,0.04330111111111634,0.11944111111111155
precipitacao,24,1988,5,1990,5,MJJ,-0.49000000000000027,0.3600000000000001,-0.31800000000000006,-0.34813333333333346,1988.375,203.2266666666667,44.329999999999956
temperatura,24,1988,5,1990,5,MJJ,-0.49000000000000027,0.3600000000000001,-0.31800000000000006,-0.34813333333333346,1988.375,-0.4673033333333336,-0.9899366666666634
precipitacao,24,1988,6,1990,6,JJA,-0.9133333333333337,0.35666666666666674,-0.3043333333333334,-0.6267666666666668,1988.4583333333333,229.33333333333331,84.70333333333335
temperatura,24,1988,6,1990,6,JJA,-0.9133333333333337,0.35666666666666674,-0.3043333333333334,-0.6267666666666668,1988.4583333333333,-0.11283777777777715,-1.3312388888888869
precipitacao,24,1988,7,1990,7,JAS,-1.196666666666667,0.33000000000000007,-0.31166666666666676,-0.40916666666666685,1988.5416666666667,251.15333333333334,135.66666666666666
temperatura,24,1988,7,1990,7,JAS,-1.196666666666667,0.33000000000000007,-0.31166666666666676,-0.40916666666666685,1988.5416666666667,-0.7732588888888898,-1.8963733333333312
precipitacao,24,1988,8,1990,8,ASO,-1.246666666666667,0.3066666666666667,-0.23700000000000007,-0.40793333333333354,1988.625,96.92999999999998,87.44999999999999
temperatura,24,1988,8,1990,8,ASO,-1.246666666666667,0.3066666666666667,-0.23700000000000007,-0.40793333333333354,1988.625,-1.5601033333333323,-1.250046666666666
precipitacao,24,1988,9,1990,9,SON,-1.236666666666667,0.22000000000000008,-0.27766666666666673,-0.2858000000000002,1988.7083333333333,-52.79666666666667,21.650000000000034
temperatura,24,1988,9,1990,9,SON,-1.236666666666667,0.22000000000000008,-0.27766666666666673,-0.2858000000000002,1988.7083333333333,-1.4605388888888875,0.0002822222222214066
precipitacao,24,1988,10,1990,10,OND,-1.316666666666667,0.2033333333333334,-0.40266666666666673,-1.2491333333333337,1988.7916666666667,-85.33333333333331,-64.62333333333339
temperatura,24,1988,10,1990,10,OND,-1.316666666666667,0.2033333333333334,-0.40266666666666673,-1.2491333333333337,1988.7916666666667,-0.5901066666666637,0.6393288888888904
precipitacao,24,1988,11,1990,11,NDJ,-1.5400000000000003,0.08666666666666674,-0.36766666666666675,-0.8671666666666669,1988.875,16.149999999999977,95.40999999999997
temperatura,24,1988,11,1990,11,NDJ,-1.5400000000000003,0.08666666666666674,-0.36766666666666675,-0.8671666666666669,1988.875,-0.23197999999999652,0.15189000000000163
precipitacao,24,1988,12,1990,12,DJF,-1.7333333333333336,0.01000000000000007,-0.18433333333333343,-0.27950000000000014,1988.9583333333333,-26.249999999999943,154.3900000000001
temperatura,24,1988,12,1990,12,DJF,-1.7333333333333336,0.01000000000000007,-0.18433333333333343,-0.27950000000000014,1988.9583333333333,-0.6309177777777784,-0.8845844444444424
precipitacao,24,1989,1,1991,1,JFM,-1.7666666666666668,-0.013333333333333261,-0.10300000000000009,0.6979666666666665,1989.0416666666667,-45.62333333333339,269.03
temperatura,24,1989,1,1991,1,JFM,-1.7666666666666668,-0.013333333333333261,-0.10300000000000009,0.6979666666666665,1989.0416666666667,-1.046504444444441,-0.9222322222222203
precipitacao,24,1989,2,1991,2,FMA,-1.6233333333333337,-0.009999999999999927,-0.056666666666666754,0.8472666666666665,1989.125,-176.68999999999994,123.22666666666669
temperatura,24,1989,2,1991,2,FMA,-1.6233333333333337,-0.009999999999999927,-0.056666666666666754,0.8472666666666665,1989.125,-0.4565100000000015,-0.6499033333333308
precipitacao,24,1989,3,1991,3,MAM,-1.37,0.013333333333333407,-0.21500000000000008,0.6997999999999998,1989.2083333333333,22.389999999999986,97.93333333333334
temperatura,24,1989,3,1991,3,MAM,-1.37,0.013333333333333407,-0.21500000000000008,0.6997999999999998,1989.2083333333333,-0.20205111111111052,-0.23527111111111054
precipitacao,24,1989,4,1991,4,AMJ,-1.106666666666667,-0.019999999999999924,-0.28133333333333344,0.3026333333333332,1989.2916666666667,50.73000000000002,85.95333333333329
temperatura,24,1989,4,1991,4,AMJ,-1.106666666666667,-0.019999999999999924,-0.28133333333333344,0.3026333333333332,1989.2916666666667,0.00010111111111399396,0.1877077777777778
precipitacao,24,1989,5,1991,5,MJJ,-0.8500000000000002,-0.009999999999999926,-0.46433333333333343,0.9165333333333331,1989.375,130.42666666666662,31.529999999999973
temperatura,24,1989,5,1991,5,MJJ,-0.8500000000000002,-0.009999999999999926,-0.46433333333333343,0.9165333333333331,1989.375,0.10729666666667015,-0.018636666666665747
precipitacao,24,1989,6,1991,6,JJA,-0.6200000000000002,-0.009999999999999926,-0.618,1.3707666666666665,1989.4583333333333,-13.666666666666686,22.203333333333347
temperatura,24,1989,6,1991,6,JJA,-0.6200000000000002,-0.009999999999999926,-0.618,1.3707666666666665,1989.4583333333333,0.04796222222222468,-0.11800555555555547
precipitacao,24,1989,7,1991,7,JAS,-0.46000000000000024,-0.0033333333333332594,-0.6070000000000001,2.0476666666666663,1989.5416666666667,9.153333333333336,-21.03333333333333
temperatura,24,1989,7,1991,7,JAS,-0.46000000000000024,-0.0033333333333332594,-0.6070000000000001,2.0476666666666663,1989.5416666666667,-0.30532555555555874,-0.7409399999999984
precipitacao,24,1989,8,1991,8,ASO,-0.3766666666666669,0.06333333333333341,-0.5160000000000001,1.1068333333333331,1989.625,37.52999999999997,21.55000000000001
temperatura,24,1989,8,1991,8,ASO,-0.3766666666666669,0.06333333333333341,-0.5160000000000001,1.1068333333333331,1989.625,-1.0637366666666637,-0.645146666666669
precipitacao,24,1989,9,1991,9,SON,-0.35333333333333367,0.08333333333333341,-0.3306666666666667,0.4014999999999998,1989.7083333333333,72.10333333333335,-25.349999999999966
temperatura,24,1989,9,1991,9,SON,-0.35333333333333367,0.08333333333333341,-0.3306666666666667,0.4014999999999998,1989.7083333333333,-1.246938888888888,-0.5527844444444447
precipitacao,24,1989,10,1991,10,OND,-0.31333333333333363,0.1033333333333334,-0.31900000000000006,-0.03910000000000014,1989.7916666666667,98.56666666666663,-34.32333333333338
temperatura,24,1989,10,1991,10,OND,-0.31333333333333363,0.1033333333333334,-0.31900000000000006,-0.03910000000000014,1989.7916666666667,-1.3932066666666643,0.051262222222220544
precipitacao,24,1989,11,1991,11,NDJ,-0.23333333333333361,-0.039999999999999925,-0.3246666666666667,0.1955333333333332,1989.875,23.44999999999999,-28.789999999999964
temperatura,24,1989,11,1991,11,NDJ,-0.23333333333333361,-0.039999999999999925,-0.3246666666666667,0.1955333333333332,1989.875,-1.7253799999999977,-0.05551000000000528
precipitacao,24,1989,12,1991,12,DJF,-0.13666666666666696,-0.2299999999999999,-0.30566666666666675,0.0875999999999998,1989.9583333333333,2.75,-27.1099999999999
temperatura,24,1989,12,1991,12,DJF,-0.13666666666666696,-0.2299999999999999,-0.30566666666666675,0.0875999999999998,1989.9583333333333,-1.6917177777777788,-0.09461777777777769
precipitacao,24,1990,1,1992,1,JFM,0.006666666666666367,-0.47666666666666657,-0.20133333333333345,-0.07503333333333352,1990.0416666666667,-60.023333333333426,-27.16999999999996
temperatura,24,1990,1,1992,1,JFM,0.006666666666666367,-0.47666666666666657,-0.20133333333333345,-0.07503333333333352,1990.0416666666667,-1.6009711111111073,-0.15269888888888516
precipitacao,24,1990,2,1992,2,FMA,0.1099999999999997,-0.4433333333333333,-0.18500000000000005,0.1178666666666665,1990.125,-74.49000000000001,-65.87333333333333
temperatura,24,1990,2,1992,2,FMA,0.1099999999999997,-0.4433333333333333,-0.18500000000000005,0.1178666666666665,1990.125,-0.3378433333333355,0.09866333333333799
precipitacao,24,1990,3,1992,3,MAM,0.22333333333333302,-0.28333333333333327,-0.17700000000000005,0.40426666666666655,1990.2083333333333,-88.80999999999995,59.43333333333334
temperatura,24,1990,3,1992,3,MAM,0.22333333333333302,-0.28333333333333327,-0.17700000000000005,0.40426666666666655,1990.2083333333333,-0.0325511111111112,0.5147288888888895
precipitacao,24,1990,4,1992,4,AMJ,0.253333333333333,-0.04333333333333326,-0.27233333333333337,-0.10456666666666677,1990.2916666666667,-58.46999999999997,5.453333333333347
temperatura,24,1990,4,1992,4,AMJ,0.253333333333333,-0.04333333333333326,-0.27233333333333337,-0.10456666666666677,1990.2916666666667,0.726567777777781,0.7742744444444405
precipitacao,24,1990,5,1992,5,MJJ,0.27333333333333304,-0.12999999999999992,-0.2923333333333334,-1.0892666666666668,1990.375,41.42666666666662,114.53
temperatura,24,1990,5,1992,5,MJJ,0.27333333333333304,-0.12999999999999992,-0.2923333333333334,-1.0892666666666668,1990.375,0.9502966666666701,0.5265300000000046
precipitacao,24,1990,6,1992,6,JJA,0.2566666666666664,-0.19666666666666657,-0.434,-1.1963000000000001,1990.4583333333333,58.833333333333314,40.80333333333337
temperatura,24,1990,6,1992,6,JJA,0.2566666666666664,-0.19666666666666657,-0.434,-1.1963000000000001,1990.4583333333333,0.7193622222222231,-0.4029388888888903
precipitacao,24,1990,7,1992,7,JAS,0.253333333333333,-0.33333333333333326,-0.38766666666666677,-0.9751333333333335,1990.5416666666667,13.953333333333347,99.06666666666669
temperatura,24,1990,7,1992,7,JAS,0.253333333333333,-0.33333333333333326,-0.38766666666666677,-0.9751333333333335,1990.5416666666667,0.11944111111111155,-1.2825399999999973
precipitacao,24,1990,8,1992,8,ASO,0.2766666666666664,-0.3099999999999999,-0.40166666666666667,-0.21876666666666686,1990.625,44.329999999999956,37.75
temperatura,24,1990,8,1992,8,ASO,0.2766666666666664,-0.3099999999999999,-0.40166666666666667,-0.21876666666666686,1990.625,-0.9899366666666634,-1.281413333333333
precipitacao,24,1990,9,1992,9,SON,0.2966666666666664,-0.3066666666666666,-0.27333333333333343,0.24406666666666652,1990.7083333333333,84.70333333333335,-8.25
temperatura,24,1990,9,1992,9,SON,0.2966666666666664,-0.3066666666666666,-0.27333333333333343,0.24406666666666652,1990.7083333333333,-1.3312388888888869,-0.9644177777777792
precipitacao,24,1990,10,1992,10,OND,0.29999999999999977,-0.2266666666666666,-0.3063333333333334,0.6954333333333332,1990.7916666666667,135.66666666666666,-6.223333333333358
temperatura,24,1990,10,1992,10,OND,0.29999999999999977,-0.2266666666666666,-0.3063333333333334,0.6954333333333332,1990.7916666666667,-1.8963733333333312,-0.85747111111111
precipitacao,24,1990,11,1992,11,NDJ,0.29666666666666636,-0.11999999999999993,-0.20766666666666675,0.4205333333333332,1990.875,87.44999999999999,-104.68999999999994
temperatura,24,1990,11,1992,11,NDJ,0.29666666666666636,-0.11999999999999993,-0.20766666666666675,0.4205333333333332,1990.875,-1.250046666666666,-0.4814433333333348
precipitacao,24,1990,12,1992,12,DJF,0.3066666666666664,-0.05999999999999992,-0.14566666666666675,-0.17723333333333346,1990.9583333333333,21.650000000000034,-4.209999999999923
temperatura,24,1990,12,1992,12,DJF,0.3066666666666664,-0.05999999999999992,-0.14566666666666675,-0.17723333333333346,1990.9583333333333,0.0002822222222214066,-0.5453177777777825
precipitacao,24,1991,1,1993,1,JFM,0.33333333333333304,-0.0866666666666666,-0.009000000000000072,0.06606666666666654,1991.0416666666667,-64.62333333333339,-13.86999999999989
temperatura,24,1991,1,1993,1,JFM,0.33333333333333304,-0.0866666666666666,-0.009000000000000072,0.06606666666666654,1991.0416666666667,0.6393288888888904,-0.0012322222222209689
precipitacao,24,1991,2,1993,2,FMA,0.3166666666666664,-0.14999999999999994,-0.00966666666666674,-0.0981666666666668,1991.125,95.40999999999997,87.92666666666662
temperatura,24,1991,2,1993,2,FMA,0.3166666666666664,-0.14999999999999994,-0.00966666666666674,-0.0981666666666668,1991.125,0.15189000000000163,0.026763333333335027
precipitacao,24,1991,3,1993,3,MAM,0.27999999999999975,-0.20666666666666658,-0.023000000000000076,0.17983333333333318,1991.2083333333333,154.3900000000001,48.93333333333334
temperatura,24,1991,3,1993,3,MAM,0.27999999999999975,-0.20666666666666658,-0.023000000000000076,0.17983333333333318,1991.2083333333333,-0.8845844444444424,0.3569622222222222
precipitacao,24,1991,4,1993,4,AMJ,0.25999999999999973,-0.1366666666666666,0.05133333333333325,-0.32293333333333346,1991.2916666666667,269.03,39.55333333333334
temperatura,24,1991,4,1993,4,AMJ,0.25999999999999973,-0.1366666666666666,0.05133333333333325,-0.32293333333333346,1991.2916666666667,-0.9222322222222203,-0.08522555555555655
precipitacao,24,1991,5,1993,5,MJJ,0.3366666666666664,-0.02333333333333325,0.20999999999999994,-0.2185666666666668,1991.375,123.22666666666669,1.629999999999967
temperatura,24,1991,5,1993,5,MJJ,0.3366666666666664,-0.02333333333333325,0.20999999999999994,-0.2185666666666668,1991.375,-0.6499033333333308,-0.034336666666664684
precipitacao,24,1991,6,1993,6,JJA,0.46999999999999975,0.09000000000000008,0.3099999999999999,-0.7775333333333334,1991.4583333333333,97.93333333333334,-9.49666666666667
temperatura,24,1991,6,1993,6,JJA,0.46999999999999975,0.09000000000000008,0.3099999999999999,-0.7775333333333334,1991.4583333333333,-0.23527111111111054,-0.6186388888888885
precipitacao,24,1991,7,1993,7,JAS,0.6299999999999998,0.02333333333333341,0.3036666666666666,-0.9711333333333334,1991.5416666666667,85.95333333333329,78.06666666666669
temperatura,24,1991,7,1993,7,JAS,0.6299999999999998,0.02333333333333341,0.3036666666666666,-0.9711333333333334,1991.5416666666667,0.1877077777777778,-0.6726733333333286
precipitacao,24,1991,8,1993,8,ASO,0.6899999999999998,-0.19666666666666663,0.19666666666666663,-0.7797666666666668,1991.625,31.529999999999973,74.55000000000001
temperatura,24,1991,8,1993,8,ASO,0.6899999999999998,-0.19666666666666663,0.19666666666666663,-0.7797666666666668,1991.625,-0.018636666666665747,-0.7188133333333333
precipitacao,24,1991,9,1993,9,SON,0.7199999999999998,-0.41,0.14199999999999993,-0.5659000000000002,1991.7083333333333,22.203333333333347,38.25000000000006
temperatura,24,1991,9,1993,9,SON,0.7199999999999998,-0.41,0.14199999999999993,-0.5659000000000002,1991.7083333333333,-0.11800555555555547,0.344748888888887
precipitacao,24,1991,10,1993,10,OND,0.7399999999999998,-0.5399999999999999,0.041999999999999926,-0.36690000000000017,1991.7916666666667,-21.03333333333333,-107.52333333333337
temperatura,24,1991,10,1993,10,OND,0.7399999999999998,-0.5399999999999999,0.041999999999999926,-0.36690000000000017,1991.7916666666667,-0.7409399999999984,0.6719288888888926
precipitacao,24,1991,11,1993,11,NDJ,0.9099999999999996,-0.5399999999999999,0.03599999999999993,-0.6468000000000002,1991.875,21.55000000000001,-151.78999999999996
temperatura,24,1991,11,1993,11,NDJ,0.9099999999999996,-0.5399999999999999,0.03599999999999993,-0.6468000000000002,1991.875,-0.645146666666669,0.23179000000000016
precipitacao,24,1991,12,1993,12,DJF,1.1466666666666663,-0.48333333333333334,0.030999999999999927,-1.1649666666666667,1991.9583333333333,-25.349999999999966,-101.80999999999995
temperatura,24,1991,12,1993,12,DJF,1.1466666666666663,-0.48333333333333334,0.030999999999999927,-1.1649666666666667,1991.9583333333333,-0.5527844444444447,0.21991555555555564
precipitacao,24,1992,1,1994,1,JFM,1.3833333333333329,-0.48999999999999994,-0.06566666666666675,-0.9330333333333335,1992.0416666666667,-34.32333333333338,-57.870000000000005
temperatura,24,1992,1,1994,1,JFM,1.3833333333333329,-0.48999999999999994,-0.06566666666666675,-0.9330333333333335,1992.0416666666667,0.051262222222220544,0.027434444444445205
precipitacao,24,1992,2,1994,2,FMA,1.4899999999999995,-0.49333333333333335,-0.2083333333333334,-1.2072333333333336,1992.125,-28.789999999999964,42.22666666666669
temperatura,24,1992,2,1994,2,FMA,1.4899999999999995,-0.49333333333333335,-0.2083333333333334,-1.2072333333333336,1992.125,-0.05551000000000528,0.14796333333333678
precipitacao,24,1992,3,1994,3,MAM,1.4799999999999998,-0.6266666666666666,-0.46000000000000013,-0.8548333333333336,1992.2083333333333,-27.1099999999999,80.43333333333334
temperatura,24,1992,3,1994,3,MAM,1.4799999999999998,-0.6266666666666666,-0.46000000000000013,-0.8548333333333336,1992.2083333333333,-0.09461777777777769,0.06989555555555427
precipitacao,24,1992,4,1994,4,AMJ,1.3999999999999997,-0.7166666666666667,-0.5373333333333334,-1.0254666666666667,1992.2916666666667,-27.16999999999996,96.15333333333334
temperatura,24,1992,4,1994,4,AMJ,1.3999999999999997,-0.7166666666666667,-0.5373333333333334,-1.0254666666666667,1992.2916666666667,-0.15269888888888516,-0.03262555555555835
precipitacao,24,1992,5,1994,5,MJJ,1.2599999999999998,-0.8766666666666666,-0.5910000000000001,-1.1605333333333334,1992.375,-65.87333333333333,79.72999999999999
temperatura,24,1992,5,1994,5,MJJ,1.2599999999999998,-0.8766666666666666,-0.5910000000000001,-1.1605333333333334,1992.375,0.09866333333333799,0.04296333333333635
precipitacao,24,1992,6,1994,6,JJA,1.033333333333333,-1.0,-0.6543333333333335,-1.5548666666666666,1992.4583333333333,59.43333333333334,0.20333333333334735
temperatura,24,1992,6,1994,6,JJA,1.033333333333333,-1.0,-0.6543333333333335,-1.5548666666666666,1992.4583333333333,0.5147288888888895,-0.6736055555555538
precipitacao,24,1992,7,1994,7,JAS,0.7166666666666663,-0.9933333333333333,-0.6296666666666667,-1.5971666666666666,1992.5416666666667,5.453333333333347,-84.63333333333333
temperatura,24,1992,7,1994,7,JAS,0.7166666666666663,-0.9933333333333333,-0.6296666666666667,-1.5971666666666666,1992.5416666666667,0.7742744444444405,-0.053206666666664404
precipitacao,24,1992,8,1994,8,ASO,0.3833333333333329,-0.9433333333333334,-0.7026666666666669,-1.0363333333333333,1992.625,114.53,-110.85000000000002
temperatura,24,1992,8,1994,8,ASO,0.3833333333333329,-0.9433333333333334,-0.7026666666666669,-1.0363333333333333,1992.625,0.5265300000000046,0.4092199999999977
precipitacao,24,1992,9,1994,9,SON,0.09333333333333295,-0.8066666666666666,-0.6933333333333334,-0.16023333333333334,1992.7083333333333,40.80333333333337,-71.35000000000002
temperatura,24,1992,9,1994,9,SON,0.09333333333333295,-0.8066666666666666,-0.6933333333333334,-0.16023333333333334,1992.7083333333333,-0.4029388888888903,0.93688222222222
precipitacao,24,1992,10,1994,10,OND,-0.09666666666666705,-0.7666666666666666,-0.7426666666666667,-0.07796666666666667,1992.7916666666667,99.06666666666669,51.27666666666664
temperatura,24,1992,10,1994,10,OND,-0.09666666666666705,-0.7666666666666666,-0.7426666666666667,-0.07796666666666667,1992.7916666666667,-1.2825399999999973,0.9413622222222244
precipitacao,24,1992,11,1994,11,NDJ,-0.2033333333333337,-0.8033333333333332,-0.6200000000000001,0.07913333333333333,1992.875,37.75,82.40999999999997
temperatura,24,1992,11,1994,11,NDJ,-0.2033333333333337,-0.8033333333333332,-0.6200000000000001,0.07913333333333333,1992.875,-1.281413333333333,0.8980233333333345
precipitacao,24,1992,12,1994,12,DJF,-0.17000000000000037,-0.7799999999999999,-0.4476666666666667,0.015333333333333329,1992.9583333333333,-8.25,292.4900000000001
temperatura,24,1992,12,1994,12,DJF,-0.17000000000000037,-0.7799999999999999,-0.4476666666666667,0.015333333333333329,1992.9583333333333,-0.9644177777777792,0.5590155555555576
precipitacao,24,1993,1,1995,1,JFM,-0.05333333333333371,-0.7299999999999999,-0.3040000000000001,-0.5517333333333333,1993.0416666666667,-6.223333333333358,243.42999999999995
temperatura,24,1993,1,1995,1,JFM,-0.05333333333333371,-0.7299999999999999,-0.3040000000000001,-0.5517333333333333,1993.0416666666667,-0.85747111111111,0.24073444444444903
precipitacao,24,1993,2,1995,2,FMA,0.12999999999999964,-0.5366666666666666,-0.15900000000000006,-0.4466666666666666,1993.125,-104.68999999999994,223.52666666666664
temperatura,24,1993,2,1995,2,FMA,0.12999999999999964,-0.5366666666666666,-0.15900000000000006,-0.4466666666666666,1993.125,-0.4814433333333348,-0.3021033333333314
precipitacao,24,1993,3,1995,3,MAM,0.31333333333333296,-0.4733333333333332,-0.15200000000000008,-0.6537333333333333,1993.2083333333333,-4.209999999999923,37.633333333333326
temperatura,24,1993,3,1995,3,MAM,0.31333333333333296,-0.4733333333333332,-0.15200000000000008,-0.6537333333333333,1993.2083333333333,-0.5453177777777825,-0.1859377777777773
precipitacao,24,1993,4,1995,4,AMJ,0.5133333333333329,-0.3133333333333333,-0.14700000000000008,0.04886666666666667,1993.2916666666667,-13.86999999999989,7.753333333333359
temperatura,24,1993,4,1995,4,AMJ,0.5133333333333329,-0.3133333333333333,-0.14700000000000008,0.04886666666666667,1993.2916666666667,-0.0012322222222209689,-0.16219222222222385
precipitacao,24,1993,5,1995,5,MJJ,0.663333333333333,-0.2899999999999999,-0.16766666666666674,0.32316666666666666,1993.375,87.92666666666662,45.22999999999999
temperatura,24,1993,5,1995,5,MJJ,0.663333333333333,-0.2899999999999999,-0.16766666666666674,0.32316666666666666,1993.375,0.026763333333335027,0.41976333333333216
precipitacao,24,1993,6,1995,6,JJA,0.683333333333333,-0.2566666666666666,-0.10533333333333343,0.855,1993.4583333333333,48.93333333333334,19.80333333333334
temperatura,24,1993,6,1995,6,JJA,0.683333333333333,-0.2566666666666666,-0.10533333333333343,0.855,1993.4583333333333,0.3569622222222222,0.9365277777777763
precipitacao,24,1993,7,1995,7,JAS,0.5333333333333329,-0.2899999999999999,-0.09566666666666675,1.4783000000000002,1993.5416666666667,39.55333333333334,35.666666666666686
temperatura,24,1993,7,1995,7,JAS,0.5333333333333329,-0.2899999999999999,-0.09566666666666675,1.4783000000000002,1993.5416666666667,-0.08522555555555655,0.9535933333333375
precipitacao,24,1993,8,1995,8,ASO,0.353333333333333,-0.2366666666666666,-0.18866666666666676,1.4193,1993.625,1.629999999999967,144.64999999999998
temperatura,24,1993,8,1995,8,ASO,0.353333333333333,-0.2366666666666666,-0.18866666666666676,1.4193,1993.625,-0.034336666666664684,0.09665333333333237
precipitacao,24,1993,9,1995,9,SON,0.23333333333333295,-0.02333333333333326,-0.2093333333333334,1.367,1993.7083333333333,-9.49666666666667,83.85000000000002
temperatura,24,1993,9,1995,9,SON,0.23333333333333295,-0.02333333333333326,-0.2093333333333334,1.367,1993.7083333333333,-0.6186388888888885,-0.6072177777777803
precipitacao,24,1993,10,1995,10,OND,0.20666666666666625,0.2033333333333334,-0.21066666666666678,0.964,1993.7916666666667,78.06666666666669,28.076666666666597
temperatura,24,1993,10,1995,10,OND,0.20666666666666625,0.2033333333333334,-0.21066666666666678,0.964,1993.7916666666667,-0.6726733333333286,-0.8181377777777783
precipitacao,24,1993,11,1995,11,NDJ,0.2,0.44666666666666677,-0.15833333333333344,0.7109333333333333,1993.875,74.55000000000001,-104.08999999999997
temperatura,24,1993,11,1995,11,NDJ,0.2,0.44666666666666677,-0.15833333333333344,0.7109333333333333,1993.875,-0.7188133333333333,-0.1388766666666683
precipitacao,24,1993,12,1995,12,DJF,0.19666666666666624,0.42666666666666675,-0.17033333333333342,0.6999666666666666,1993.9583333333333,38.25000000000006,-17.209999999999923
temperatura,24,1993,12,1995,12,DJF,0.19666666666666624,0.42666666666666675,-0.17033333333333342,0.6999666666666666,1993.9583333333333,0.344748888888887,0.03178222222221905
precipitacao,24,1994,1,1996,1,JFM,0.15333333333333296,0.2666666666666667,-0.11000000000000008,0.6915,1994.0416666666667,-107.52333333333337,86.02999999999997
temperatura,24,1994,1,1996,1,JFM,0.15333333333333296,0.2666666666666667,-0.11000000000000008,0.6915,1994.0416666666667,0.6719288888888926,0.3070677777777817
precipitacao,24,1994,2,1996,2,FMA,0.08666666666666627,0.030000000000000065,-0.1090000000000001,0.9692666666666666,1994.125,-151.78999999999996,82.62666666666661
temperatura,24,1994,2,1996,2,FMA,0.08666666666666627,0.030000000000000065,-0.1090000000000001,0.9692666666666666,1994.125,0.23179000000000016,0.07906333333333748
precipitacao,24,1994,3,1996,3,MAM,0.036666666666666264,-0.08333333333333327,0.026999999999999913,0.8576666666666668,1994.2083333333333,-101.80999999999995,77.93333333333334
temperatura,24,1994,3,1996,3,MAM,0.036666666666666264,-0.08333333333333327,0.026999999999999913,0.8576666666666668,1994.2083333333333,0.21991555555555564,-0.15927111111111003
precipitacao,24,1994,4,1996,4,AMJ,0.0699999999999996,-0.12333333333333325,0.13566666666666657,0.5992666666666667,1994.2916666666667,-57.870000000000005,12.953333333333347
temperatura,24,1994,4,1996,4,AMJ,0.0699999999999996,-0.12333333333333325,0.13566666666666657,0.5992666666666667,1994.2916666666667,0.027434444444445205,-0.5636922222222225
precipitacao,24,1994,5,1996,5,MJJ,0.15333333333333293,-0.15333333333333327,0.3656666666666666,0.1627,1994.375,42.22666666666669,-14.770000000000039
temperatura,24,1994,5,1996,5,MJJ,0.15333333333333293,-0.15333333333333327,0.3656666666666666,0.1627,1994.375,0.14796333333333678,-1.1589366666666638
precipitacao,24,1994,6,1996,6,JJA,0.21666666666666626,-0.28333333333333327,0.44266666666666654,-0.6290333333333333,1994.4583333333333,80.43333333333334,-41.29666666666665
temperatura,24,1994,6,1996,6,JJA,0.21666666666666626,-0.28333333333333327,0.44266666666666654,-0.6290333333333333,1994.4583333333333,0.06989555555555427,-1.2453722222222208
precipitacao,24,1994,7,1996,7,JAS,0.2599999999999996,-0.4133333333333333,0.5113333333333333,-0.7756,1994.5416666666667,96.15333333333334,48.166666666666686
temperatura,24,1994,7,1996,7,JAS,0.2599999999999996,-0.4133333333333333,0.5113333333333333,-0.7756,1994.5416666666667,-0.03262555555555835,-1.3627399999999987
precipitacao,24,1994,8,1996,8,ASO,0.27666666666666623,-0.45999999999999996,0.6003333333333333,-0.08806666666666674,1994.625,79.72999999999999,109.24999999999994
temperatura,24,1994,8,1996,8,ASO,0.27666666666666623,-0.45999999999999996,0.6003333333333333,-0.08806666666666674,1994.625,0.04296333333333635,-0.9347133333333346
precipitacao,24,1994,9,1996,9,SON,0.35666666666666624,-0.39666666666666656,0.6323333333333333,0.1569,1994.7083333333333,0.20333333333334735,147.35000000000002
temperatura,24,1994,9,1996,9,SON,0.35666666666666624,-0.39666666666666656,0.6323333333333333,0.1569,1994.7083333333333,-0.6736055555555538,-0.872784444444445
precipitacao,24,1994,10,1996,10,OND,0.4766666666666663,-0.31333333333333324,0.6823333333333332,0.1283666666666667,1994.7916666666667,-84.63333333333333,120.67666666666662
temperatura,24,1994,10,1996,10,OND,0.4766666666666663,-0.31333333333333324,0.6823333333333332,0.1283666666666667,1994.7916666666667,-0.053206666666664404,-0.3888377777777734
precipitacao,24,1994,11,1996,11,NDJ,0.6866666666666662,-0.2266666666666666,0.5076666666666666,-0.7724666666666667,1994.875,-110.85000000000002,114.50999999999999
temperatura,24,1994,11,1996,11,NDJ,0.6866666666666662,-0.2266666666666666,0.5076666666666666,-0.7724666666666667,1994.875,0.4092199999999977,-0.3042100000000012
precipitacao,24,1994,12,1996,12,DJF,0.8533333333333329,-0.14999999999999994,0.4189999999999999,-0.14589999999999995,1994.9583333333333,-71.35000000000002,15.190000000000055
temperatura,24,1994,12,1996,12,DJF,0.8533333333333329,-0.14999999999999994,0.4189999999999999,-0.14589999999999995,1994.9583333333333,0.93688222222222,-0.050684444444446086
precipitacao,24,1995,1,1997,1,JFM,0.9266666666666663,-0.03666666666666659,0.2296666666666666,0.5295333333333333,1995.0416666666667,51.27666666666664,-117.67000000000002
temperatura,24,1995,1,1997,1,JFM,0.9266666666666663,-0.03666666666666659,0.2296666666666666,0.5295333333333333,1995.0416666666667,0.9413622222222244,-0.45176555555555353
precipitacao,24,1995,2,1997,2,FMA,0.8333333333333329,0.11333333333333341,0.18866666666666662,0.9713666666666665,1995.125,82.40999999999997,-138.7733333333333
temperatura,24,1995,2,1997,2,FMA,0.8333333333333329,0.11333333333333341,0.18866666666666662,0.9713666666666665,1995.125,0.8980233333333345,-0.6640033333333335
precipitacao,24,1995,3,1997,3,MAM,0.663333333333333,0.2666666666666668,0.08433333333333326,0.609,1995.2083333333333,292.4900000000001,-73.76666666666668
temperatura,24,1995,3,1997,3,MAM,0.663333333333333,0.2666666666666668,0.08433333333333326,0.609,1995.2083333333333,0.5590155555555576,-0.7230377777777761
precipitacao,24,1995,4,1997,4,AMJ,0.43333333333333296,0.3400000000000001,-0.035666666666666735,0.3424333333333333,1995.2916666666667,243.42999999999995,59.05333333333331
temperatura,24,1995,4,1997,4,AMJ,0.43333333333333296,0.3400000000000001,-0.035666666666666735,0.3424333333333333,1995.2916666666667,0.24073444444444903,-0.5303922222222219
precipitacao,24,1995,5,1997,5,MJJ,0.22666666666666632,0.3066666666666667,-0.17400000000000007,0.6303666666666666,1995.375,223.52666666666664,21.829999999999984
temperatura,24,1995,5,1997,5,MJJ,0.22666666666666632,0.3066666666666667,-0.17400000000000007,0.6303666666666666,1995.375,-0.3021033333333314,0.01556333333333626
precipitacao,24,1995,6,1997,6,JJA,0.0366666666666663,0.28666666666666674,-0.18333333333333338,0.41449999999999987,1995.4583333333333,37.633333333333326,16.50333333333333
temperatura,24,1995,6,1997,6,JJA,0.0366666666666663,0.28666666666666674,-0.18333333333333338,0.41449999999999987,1995.4583333333333,-0.1859377777777773,0.23772777777777776
precipitacao,24,1995,7,1997,7,JAS,-0.12666666666666704,0.22000000000000008,-0.16600000000000006,-0.8050000000000002,1995.5416666666667,7.753333333333359,0.9666666666666686
temperatura,24,1995,7,1997,7,JAS,-0.12666666666666704,0.22000000000000008,-0.16600000000000006,-0.8050000000000002,1995.5416666666667,-0.16219222222222385,0.6947933333333367
precipitacao,24,1995,8,1997,8,ASO,-0.3200000000000004,0.0533333333333334,-0.1303333333333334,-1.5027333333333335,1995.625,45.22999999999999,138.34999999999997
temperatura,24,1995,8,1997,8,ASO,-0.3200000000000004,0.0533333333333334,-0.1303333333333334,-1.5027333333333335,1995.625,0.41976333333333216,0.506686666666667
precipitacao,24,1995,9,1997,9,SON,-0.5533333333333338,-0.11999999999999994,-0.16433333333333341,-0.8443000000000002,1995.7083333333333,19.80333333333334,216.75
temperatura,24,1995,9,1997,9,SON,-0.5533333333333338,-0.11999999999999994,-0.16433333333333341,-0.8443000000000002,1995.7083333333333,0.9365277777777763,0.8111822222222251
precipitacao,24,1995,10,1997,10,OND,-0.776666666666667,-0.23999999999999996,-0.23033333333333342,0.13993333333333316,1995.7916666666667,35.666666666666686,151.9766666666667
temperatura,24,1995,10,1997,10,OND,-0.776666666666667,-0.23999999999999996,-0.23033333333333342,0.13993333333333316,1995.7916666666667,0.9535933333333375,0.9074955555555562
precipitacao,24,1995,11,1997,11,NDJ,-0.9433333333333337,-0.17333333333333326,-0.28066666666666673,0.4197333333333331,1995.875,144.64999999999998,6.710000000000036
temperatura,24,1995,11,1997,11,NDJ,-0.9433333333333337,-0.17333333333333326,-0.28066666666666673,0.4197333333333331,1995.875,0.09665333333333237,1.129756666666669
precipitacao,24,1995,12,1997,12,DJF,-1.0100000000000005,-0.19666666666666663,-0.19066666666666676,0.5185333333333332,1995.9583333333333,83.85000000000002,-6.6099999999999
temperatura,24,1995,12,1997,12,DJF,-1.0100000000000005,-0.19666666666666663,-0.19066666666666676,0.5185333333333332,1995.9583333333333,-0.6072177777777803,0.8620822222222237
precipitacao,24,1996,1,1998,1,JFM,-0.9800000000000004,-0.15666666666666662,-0.07533333333333342,0.6482333333333332,1996.0416666666667,28.076666666666597,10.730000000000018
temperatura,24,1996,1,1998,1,JFM,-0.9800000000000004,-0.15666666666666662,-0.07533333333333342,0.6482333333333332,1996.0416666666667,-0.8181377777777783,0.8050677777777793
precipitacao,24,1996,2,1998,2,FMA,-0.8633333333333337,-0.08333333333333327,0.011999999999999905,0.4255999999999998,1996.125,-104.08999999999997,65.02666666666664
temperatura,24,1996,2,1998,2,FMA,-0.8633333333333337,-0.08333333333333327,0.011999999999999905,0.4255999999999998,1996.125,-0.1388766666666683,0.6945633333333348
precipitacao,24,1996,3,1998,3,MAM,-0.7000000000000003,0.04333333333333339,-0.04633333333333343,0.1168666666666665,1996.2083333333333,-17.209999999999923,80.33333333333331
temperatura,24,1996,3,1998,3,MAM,-0.7000000000000003,0.04333333333333339,-0.04633333333333343,0.1168666666666665,1996.2083333333333,0.03178222222221905,0.2603955555555544
precipitacao,24,1996,4,1998,4,AMJ,-0.5266666666666671,0.2066666666666667,-0.1623333333333334,0.04449999999999982,1996.2916666666667,86.02999999999997,57.25333333333333
temperatura,24,1996,4,1998,4,AMJ,-0.5266666666666671,0.2066666666666667,-0.1623333333333334,0.04449999999999982,1996.2916666666667,0.3070677777777817,-0.4500588888888899
precipitacao,24,1996,5,1998,5,MJJ,-0.3766666666666671,0.2966666666666667,-0.2400000000000001,0.5472333333333331,1996.375,82.62666666666661,22.329999999999984
temperatura,24,1996,5,1998,5,MJJ,-0.3766666666666671,0.2966666666666667,-0.2400000000000001,0.5472333333333331,1996.375,0.07906333333333748,-0.6520699999999984
precipitacao,24,1996,6,1998,6,JJA,-0.2833333333333337,0.44333333333333336,-0.34333333333333343,0.2820666666666665,1996.4583333333333,77.93333333333334,-54.39666666666666
temperatura,24,1996,6,1998,6,JJA,-0.2833333333333337,0.44333333333333336,-0.34333333333333343,0.2820666666666665,1996.4583333333333,-0.15927111111111003,0.1109277777777784
precipitacao,24,1996,7,1998,7,JAS,-0.23666666666666702,0.46666666666666673,-0.43500000000000005,0.25069999999999987,1996.5416666666667,12.953333333333347,53.866666666666674
temperatura,24,1996,7,1998,7,JAS,-0.23666666666666702,0.46666666666666673,-0.43500000000000005,0.25069999999999987,1996.5416666666667,-0.5636922222222225,0.6335600000000063
precipitacao,24,1996,8,1998,8,ASO,-0.2433333333333337,0.37333333333333335,-0.5733333333333334,-0.5776666666666669,1996.625,-14.770000000000039,80.34999999999997
temperatura,24,1996,8,1998,8,ASO,-0.2433333333333337,0.37333333333333335,-0.5733333333333334,-0.5776666666666669,1996.625,-1.1589366666666638,0.28525333333333336
precipitacao,24,1996,9,1998,9,SON,-0.2633333333333337,0.18333333333333335,-0.6790000000000002,-0.9318000000000003,1996.7083333333333,-41.29666666666665,7.850000000000023
temperatura,24,1996,9,1998,9,SON,-0.2633333333333337,0.18333333333333335,-0.6790000000000002,-0.9318000000000003,1996.7083333333333,-1.2453722222222208,-0.5836511111111129
precipitacao,24,1996,10,1998,10,OND,-0.3000000000000004,0.013333333333333369,-0.8340000000000002,-0.6168666666666669,1996.7916666666667,48.166666666666686,-84.22333333333336
temperatura,24,1996,10,1998,10,OND,-0.3000000000000004,0.013333333333333369,-0.8340000000000002,-0.6168666666666669,1996.7916666666667,-1.3627399999999987,-0.5874377777777724
precipitacao,24,1996,11,1998,11,NDJ,-0.34000000000000036,-0.05666666666666662,-0.8726666666666668,-0.6718666666666668,1996.875,109.24999999999994,46.40999999999997
temperatura,24,1996,11,1998,11,NDJ,-0.34000000000000036,-0.05666666666666662,-0.8726666666666668,-0.6718666666666668,1996.875,-0.9347133333333346,-0.1985100000000024
precipitacao,24,1996,12,1998,12,DJF,-0.376666666666667,-0.1633333333333333,-0.7730000000000001,-0.2414333333333335,1996.9583333333333,147.35000000000002,225.19000000000005
temperatura,24,1996,12,1998,12,DJF,-0.376666666666667,-0.1633333333333333,-0.7730000000000001,-0.2414333333333335,1996.9583333333333,-0.872784444444445,0.1462822222222222
precipitacao,24,1997,1,1999,1,JFM,-0.4033333333333337,-0.3133333333333333,-0.44000000000000017,-0.4403666666666668,1997.0416666666667,120.67666666666662,197.02999999999997
temperatura,24,1997,1,1999,1,JFM,-0.4033333333333337,-0.3133333333333333,-0.44000000000000017,-0.4403666666666668,1997.0416666666667,-0.3888377777777734,0.2151011111111103
precipitacao,24,1997,2,1999,2,FMA,-0.3600000000000003,-0.49333333333333335,-0.14800000000000013,0.03386666666666655,1997.125,114.50999999999999,64.42666666666662
temperatura,24,1997,2,1999,2,FMA,-0.3600000000000003,-0.49333333333333335,-0.14800000000000013,0.03386666666666655,1997.125,-0.3042100000000012,-0.07056999999999647
precipitacao,24,1997,3,1999,3,MAM,-0.23333333333333373,-0.6566666666666666,0.003999999999999851,0.2752333333333332,1997.2083333333333,15.190000000000055,-79.26666666666668
temperatura,24,1997,3,1999,3,MAM,-0.23333333333333373,-0.6566666666666666,0.003999999999999851,0.2752333333333332,1997.2083333333333,-0.050684444444446086,-0.33627111111110963
precipitacao,24,1997,4,1999,4,AMJ,0.0033333333333329662,-0.7433333333333333,0.05866666666666651,-0.00026666666666678535,1997.2916666666667,-117.67000000000002,-43.04666666666665
temperatura,24,1997,4,1999,4,AMJ,0.0033333333333329662,-0.7433333333333333,0.05866666666666651,-0.00026666666666678535,1997.2916666666667,-0.45176555555555353,-0.6946922222222227
precipitacao,24,1997,5,1999,5,MJJ,0.32666666666666627,-0.84,0.04099999999999985,0.42383333333333323,1997.375,-138.7733333333333,-50.37000000000003
temperatura,24,1997,5,1999,5,MJJ,0.32666666666666627,-0.84,0.04099999999999985,0.42383333333333323,1997.375,-0.6640033333333335,-0.4731366666666652
precipitacao,24,1997,6,1999,6,JJA,0.7133333333333329,-0.8933333333333334,0.05366666666666652,0.03763333333333322,1997.4583333333333,-73.76666666666668,-37.396666666666675
temperatura,24,1997,6,1999,6,JJA,0.7133333333333329,-0.8933333333333334,0.05366666666666652,0.03763333333333322,1997.4583333333333,-0.7230377777777761,-0.31333888888888595
precipitacao,24,1997,7,1999,7,JAS,1.1066666666666662,-0.7999999999999999,0.18466666666666653,0.45006666666666656,1997.5416666666667,59.05333333333331,-62.43333333333332
temperatura,24,1997,7,1999,7,JAS,1.1066666666666662,-0.7999999999999999,0.18466666666666653,0.45006666666666656,1997.5416666666667,-0.5303922222222219,-0.03180666666666099
precipitacao,24,1997,8,1999,8,ASO,1.4666666666666661,-0.6,0.38699999999999984,0.3634999999999999,1997.625,21.829999999999984,-67.95000000000002
temperatura,24,1997,8,1999,8,ASO,1.4666666666666661,-0.6,0.38699999999999984,0.3634999999999999,1997.625,0.01556333333333626,-0.797346666666666
precipitacao,24,1997,9,1999,9,SON,1.7699999999999996,-0.2533333333333333,0.6169999999999999,0.5567666666666665,1997.7083333333333,16.50333333333333,-70.54999999999995
temperatura,24,1997,9,1999,9,SON,1.7699999999999996,-0.2533333333333333,0.6169999999999999,0.5567666666666665,1997.7083333333333,0.23772777777777776,-1.337284444444446
precipitacao,24,1997,10,1999,10,OND,2.023333333333333,0.08000000000000003,0.7593333333333332,0.0986333333333332,1997.7916666666667,0.9666666666666686,-69.32333333333338
temperatura,24,1997,10,1999,10,OND,2.023333333333333,0.08000000000000003,0.7593333333333332,0.0986333333333332,1997.7916666666667,0.6947933333333367,-1.4993377777777752
precipitacao,24,1997,11,1999,11,NDJ,2.2066666666666666,0.37666666666666665,0.9746666666666665,-0.7923666666666668,1997.875,138.34999999999997,-9.790000000000077
temperatura,24,1997,11,1999,11,NDJ,2.2066666666666666,0.37666666666666665,0.9746666666666665,-0.7923666666666668,1997.875,0.506686666666667,-0.9082433333333348
precipitacao,24,1997,12,1999,12,DJF,2.3166666666666664,0.61,1.0053333333333332,-1.1116000000000001,1997.9583333333333,216.75,59.29000000000008
temperatura,24,1997,12,1999,12,DJF,2.3166666666666664,0.61,1.0053333333333332,-1.1116000000000001,1997.9583333333333,0.8111822222222251,-0.6129177777777812
precipitacao,24,1998,1,2000,1,JFM,2.3099999999999996,0.5800000000000001,0.8889999999999998,-0.7758666666666668,1998.0416666666667,151.9766666666667,111.83000000000004
temperatura,24,1998,1,2000,1,JFM,2.3099999999999996,0.5800000000000001,0.8889999999999998,-0.7758666666666668,1998.0416666666667,0.9074955555555562,-0.7204322222222181
precipitacao,24,1998,2,2000,2,FMA,2.1666666666666665,0.5366666666666667,0.6033333333333332,-0.011133333333333495,1998.125,6.710000000000036,38.42666666666668
temperatura,24,1998,2,2000,2,FMA,2.1666666666666665,0.5366666666666667,0.6033333333333332,-0.011133333333333495,1998.125,1.129756666666669,-0.6712699999999963
precipitacao,24,1998,3,2000,3,MAM,1.8433333333333328,0.3966666666666667,0.29733333333333317,0.5126666666666665,1998.2083333333333,-6.6099999999999,-39.56666666666669
temperatura,24,1998,3,2000,3,MAM,1.8433333333333328,0.3966666666666667,0.29733333333333317,0.5126666666666665,1998.2083333333333,0.8620822222222237,-0.32293777777777777
precipitacao,24,1998,4,2000,4,AMJ,1.446666666666666,0.3466666666666667,0.13799999999999985,1.0175999999999998,1998.2916666666667,10.730000000000018,-126.64666666666668
temperatura,24,1998,4,2000,4,AMJ,1.446666666666666,0.3466666666666667,0.13799999999999985,1.0175999999999998,1998.2916666666667,0.8050677777777793,0.26324111111111037
precipitacao,24,1998,5,2000,5,MJJ,0.9433333333333328,0.2566666666666667,0.04399999999999985,0.8750333333333331,1998.375,65.02666666666664,-68.07000000000002
temperatura,24,1998,5,2000,5,MJJ,0.9433333333333328,0.2566666666666667,0.04399999999999985,0.8750333333333331,1998.375,0.6945633333333348,-0.13930333333333422
precipitacao,24,1998,6,2000,6,JJA,0.44999999999999957,0.26,0.11133333333333317,0.9733999999999998,1998.4583333333333,80.33333333333331,29.20333333333332
temperatura,24,1998,6,2000,6,JJA,0.44999999999999957,0.26,0.11133333333333317,0.9733999999999998,1998.4583333333333,0.2603955555555544,-0.40747222222222135
precipitacao,24,1998,7,2000,7,JAS,-0.10333333333333376,0.38000000000000006,-0.03266666666666682,0.8142999999999998,1998.5416666666667,57.25333333333333,87.96666666666667
temperatura,24,1998,7,2000,7,JAS,-0.10333333333333376,0.38000000000000006,-0.03266666666666682,0.8142999999999998,1998.5416666666667,-0.4500588888888899,-1.132639999999995
precipitacao,24,1998,8,2000,8,ASO,-0.5133333333333338,0.4466666666666667,-0.27266666666666683,1.1283666666666665,1998.625,22.329999999999984,25.850000000000023
temperatura,24,1998,8,2000,8,ASO,-0.5133333333333338,0.4466666666666667,-0.27266666666666683,1.1283666666666665,1998.625,-0.6520699999999984,-0.03794666666666657
precipitacao,24,1998,9,2000,9,SON,-0.8266666666666671,0.4166666666666667,-0.4870000000000001,0.7438999999999999,1998.7083333333333,-54.39666666666666,101.15000000000003
temperatura,24,1998,9,2000,9,SON,-0.8266666666666671,0.4166666666666667,-0.4870000000000001,0.7438999999999999,1998.7083333333333,0.1109277777777784,0.31214888888888837
precipitacao,24,1998,10,2000,10,OND,-0.9900000000000005,0.2166666666666667,-0.6063333333333335,0.3937333333333332,1998.7916666666667,53.866666666666674,87.57666666666671
temperatura,24,1998,10,2000,10,OND,-0.9900000000000005,0.2166666666666667,-0.6063333333333335,0.3937333333333332,1998.7916666666667,0.6335600000000063,0.6659622222222268
precipitacao,24,1998,11,2000,11,NDJ,-1.1500000000000006,0.13000000000000003,-0.6306666666666668,0.3647666666666665,1998.875,80.34999999999997,52.710000000000036
temperatura,24,1998,11,2000,11,NDJ,-1.1500000000000006,0.13000000000000003,-0.6306666666666668,0.3647666666666665,1998.875,0.28525333333333336,0.25919000000000025
precipitacao,24,1998,12,2000,12,DJF,-1.3000000000000005,-0.006666666666666626,-0.5773333333333335,0.8839666666666665,1998.9583333333333,7.850000000000023,-133.8099999999999
temperatura,24,1998,12,2000,12,DJF,-1.3000000000000005,-0.006666666666666626,-0.5773333333333335,0.8839666666666665,1998.9583333333333,-0.5836511111111129,0.4091488888888897
precipitacao,24,1999,1,2001,1,JFM,-1.4300000000000004,-0.06999999999999997,-0.37300000000000016,1.0838333333333332,1999.0416666666667,-84.22333333333336,-123.16999999999996
temperatura,24,1999,1,2001,1,JFM,-1.4300000000000004,-0.06999999999999997,-0.37300000000000016,1.0838333333333332,1999.0416666666667,-0.5874377777777724,0.7123677777777822
precipitacao,24,1999,2,2001,2,FMA,-1.4100000000000004,-0.18999999999999995,-0.16800000000000015,0.9633999999999997,1999.125,46.40999999999997,-66.67333333333335
temperatura,24,1999,2,2001,2,FMA,-1.4100000000000004,-0.18999999999999995,-0.16800000000000015,0.9633999999999997,1999.125,-0.1985100000000024,0.9832633333333369
precipitacao,24,1999,3,2001,3,MAM,-1.2300000000000006,-0.14666666666666664,-0.022000000000000148,0.5451333333333331,1999.2083333333333,225.19000000000005,8.633333333333326
temperatura,24,1999,3,2001,3,MAM,-1.2300000000000006,-0.14666666666666664,-0.022000000000000148,0.5451333333333331,1999.2083333333333,0.1462822222222222,0.6998288888888915
precipitacao,24,1999,4,2001,4,AMJ,-0.9933333333333337,-0.03333333333333329,0.020999999999999852,0.5285666666666665,1999.2916666666667,197.02999999999997,-51.94666666666666
temperatura,24,1999,4,2001,4,AMJ,-0.9933333333333337,-0.03333333333333329,0.020999999999999852,0.5285666666666665,1999.2916666666667,0.2151011111111103,0.47274111111110884
precipitacao,24,1999,5,2001,5,MJJ,-0.8400000000000004,0.10000000000000005,-0.028333333333333478,0.9229333333333333,1999.375,64.42666666666662,22.629999999999967
temperatura,24,1999,5,2001,5,MJJ,-0.8400000000000004,0.10000000000000005,-0.028333333333333478,0.9229333333333333,1999.375,-0.07056999999999647,0.15709666666666777
precipitacao,24,1999,6,2001,6,JJA,-0.8100000000000005,0.1666666666666667,-0.11100000000000014,0.42116666666666647,1999.4583333333333,-79.26666666666668,28.903333333333364
temperatura,24,1999,6,2001,6,JJA,-0.8100000000000005,0.1666666666666667,-0.11100000000000014,0.42116666666666647,1999.4583333333333,-0.33627111111110963,0.39539444444444527
precipitacao,24,1999,7,2001,7,JAS,-0.8433333333333338,0.2466666666666667,-0.07366666666666681,0.20989999999999978,1999.5416666666667,-43.04666666666665,46.866666666666674
temperatura,24,1999,7,2001,7,JAS,-0.8433333333333338,0.2466666666666667,-0.07366666666666681,0.20989999999999978,1999.5416666666667,-0.6946922222222227,0.1024933333333351
precipitacao,24,1999,8,2001,8,ASO,-0.8933333333333339,0.30333333333333334,-0.004000000000000145,-0.32246666666666685,1999.625,-50.37000000000003,-18.44999999999999
temperatura,24,1999,8,2001,8,ASO,-0.8933333333333339,0.30333333333333334,-0.004000000000000145,-0.32246666666666685,1999.625,-0.4731366666666652,-0.2544466666666665
precipitacao,24,1999,9,2001,9,SON,-0.9466666666666671,0.2733333333333334,0.028333333333333186,0.11513333333333307,1999.7083333333333,-37.396666666666675,-64.05000000000001
temperatura,24,1999,9,2001,9,SON,-0.9466666666666671,0.2733333333333334,0.028333333333333186,0.11513333333333307,1999.7083333333333,-0.31333888888888595,-0.17145111111111078
precipitacao,24,1999,10,2001,10,OND,-1.0233333333333337,0.16333333333333336,-0.07166666666666681,0.5610999999999997,1999.7916666666667,-62.43333333333332,15.17666666666662
temperatura,24,1999,10,2001,10,OND,-1.0233333333333337,0.16333333333333336,-0.07166666666666681,0.5610999999999997,1999.7916666666667,-0.03180666666666099,-0.12263777777777563
precipitacao,24,1999,11,2001,11,NDJ,-1.1600000000000004,0.09666666666666669,-0.11800000000000015,0.8473333333333329,1999.875,-67.95000000000002,54.81000000000006
temperatura,24,1999,11,2001,11,NDJ,-1.1600000000000004,0.09666666666666669,-0.11800000000000015,0.8473333333333329,1999.875,-0.797346666666666,-0.006809999999997984
precipitacao,24,1999,12,2001,12,DJF,-1.3366666666666671,0.10000000000000003,-0.15100000000000016,1.4459666666666664,1999.9583333333333,-70.54999999999995,55.29000000000008
temperatura,24,1999,12,2001,12,DJF,-1.3366666666666671,0.10000000000000003,-0.15100000000000016,1.4459666666666664,1999.9583333333333,-1.337284444444446,-0.7673511111111146
precipitacao,24,2000,1,2002,1,JFM,-1.4500000000000004,0.04333333333333337,-0.12966666666666682,1.3192666666666664,2000.0416666666667,-69.32333333333338,-13.470000000000027
temperatura,24,2000,1,2002,1,JFM,-1.4500000000000004,0.04333333333333337,-0.12966666666666682,1.3192666666666664,2000.0416666666667,-1.4993377777777752,-0.024332222222220423
precipitacao,24,2000,2,2002,2,FMA,-1.4200000000000006,0.03333333333333336,-0.09400000000000015,1.2256333333333331,2000.125,-9.790000000000077,-47.77333333333337
temperatura,24,2000,2,2002,2,FMA,-1.4200000000000006,0.03333333333333336,-0.09400000000000015,1.2256333333333331,2000.125,-0.9082433333333348,0.6231300000000033
precipitacao,24,2000,3,2002,3,MAM,-1.236666666666667,0.016666666666666694,0.0023333333333331783,0.6753999999999998,2000.2083333333333,59.29000000000008,-24.366666666666674
temperatura,24,2000,3,2002,3,MAM,-1.236666666666667,0.016666666666666694,0.0023333333333331783,0.6753999999999998,2000.2083333333333,-0.6129177777777812,1.6151622222222244
precipitacao,24,2000,4,2002,4,AMJ,-1.0166666666666673,0.0766666666666667,0.09099999999999984,0.32849999999999974,2000.2916666666667,111.83000000000004,-73.64666666666666
temperatura,24,2000,4,2002,4,AMJ,-1.0166666666666673,0.0766666666666667,0.09099999999999984,0.32849999999999974,2000.2916666666667,-0.7204322222222181,1.7421411111111098
precipitacao,24,2000,5,2002,5,MJJ,-0.8200000000000004,0.020000000000000028,0.13166666666666652,0.4976333333333331,2000.375,38.42666666666668,-80.27000000000002
temperatura,24,2000,5,2002,5,MJJ,-0.8200000000000004,0.020000000000000028,0.13166666666666652,0.4976333333333331,2000.375,-0.6712699999999963,1.2531300000000023
precipitacao,24,2000,6,2002,6,JJA,-0.7000000000000005,-0.033333333333333305,0.07733333333333318,0.49233333333333307,2000.4583333333333,-39.56666666666669,-65.69666666666666
temperatura,24,2000,6,2002,6,JJA,-0.7000000000000005,-0.033333333333333305,0.07733333333333318,0.49233333333333307,2000.4583333333333,-0.32293777777777777,1.5946277777777773
precipitacao,24,2000,7,2002,7,JAS,-0.5900000000000004,-0.08666666666666663,0.055999999999999855,0.43429999999999974,2000.5416666666667,-126.64666666666668,-30.53333333333333
temperatura,24,2000,7,2002,7,JAS,-0.5900000000000004,-0.08666666666666663,0.055999999999999855,0.43429999999999974,2000.5416666666667,0.26324111111111037,0.5594933333333358
precipitacao,24,2000,8,2002,8,ASO,-0.5000000000000004,-0.06999999999999998,0.061999999999999854,-0.16590000000000024,2000.625,-68.07000000000002,-52.85000000000002
temperatura,24,2000,8,2002,8,ASO,-0.5000000000000004,-0.06999999999999998,0.061999999999999854,-0.16590000000000024,2000.625,-0.13930333333333422,1.3552533333333336
precipitacao,24,2000,9,2002,9,SON,-0.4333333333333338,-0.07666666666666665,0.037333333333333184,-0.8226000000000001,2000.7083333333333,29.20333333333332,-58.14999999999998
temperatura,24,2000,9,2002,9,SON,-0.4333333333333338,-0.07666666666666665,0.037333333333333184,-0.8226000000000001,2000.7083333333333,-0.40747222222222135,0.8945155555555573
precipitacao,24,2000,10,2002,10,OND,-0.4533333333333338,-0.0833333333333333,-0.03566666666666681,-0.726466666666667,2000.7916666666667,87.96666666666667,-32.82333333333338
temperatura,24,2000,10,2002,10,OND,-0.4533333333333338,-0.0833333333333333,-0.03566666666666681,-0.726466666666667,2000.7916666666667,-1.132639999999995,1.512128888888892
precipitacao,24,2000,11,2002,11,NDJ,-0.5733333333333338,-0.11999999999999998,-0.18133333333333349,-1.0143333333333335,2000.875,25.850000000000023,94.00999999999999
temperatura,24,2000,11,2002,11,NDJ,-0.5733333333333338,-0.11999999999999998,-0.18133333333333349,-1.0143333333333335,2000.875,-0.03794666666666657,0.5365566666666659
precipitacao,24,2000,12,2002,12,DJF,-0.6933333333333338,-0.16666666666666666,-0.23200000000000012,-0.8268000000000001,2000.9583333333333,101.15000000000003,-26.409999999999968
temperatura,24,2000,12,2002,12,DJF,-0.6933333333333338,-0.16666666666666666,-0.23200000000000012,-0.8268000000000001,2000.9583333333333,0.31214888888888837,0.7196822222222252
precipitacao,24,2001,1,2003,1,JFM,-0.7666666666666672,-0.18333333333333332,-0.3283333333333335,-1.0994333333333335,2001.0416666666667,87.57666666666671,-63.56999999999999
temperatura,24,2001,1,2003,1,JFM,-0.7666666666666672,-0.18333333333333332,-0.3283333333333335,-1.0994333333333335,2001.0416666666667,0.6659622222222268,0.5476344444444408
precipitacao,24,2001,2,2003,2,FMA,-0.6933333333333338,-0.18000000000000002,-0.23166666666666683,-0.6753666666666668,2001.125,52.710000000000036,-121.47333333333336
temperatura,24,2001,2,2003,2,FMA,-0.6933333333333338,-0.18000000000000002,-0.23166666666666683,-0.6753666666666668,2001.125,0.25919000000000025,0.7116299999999995
precipitacao,24,2001,3,2003,3,MAM,-0.5766666666666672,-0.10999999999999999,-0.1523333333333335,-0.4302000000000002,2001.2083333333333,-133.8099999999999,-36.06666666666669
temperatura,24,2001,3,2003,3,MAM,-0.5766666666666672,-0.10999999999999999,-0.1523333333333335,-0.4302000000000002,2001.2083333333333,0.4091488888888897,0.048895555555557024
precipitacao,24,2001,4,2003,4,AMJ,-0.42000000000000054,-0.02999999999999998,0.03666666666666652,-0.10156666666666687,2001.2916666666667,-123.16999999999996,-62.14666666666665
temperatura,24,2001,4,2003,4,AMJ,-0.42000000000000054,-0.02999999999999998,0.03666666666666652,-0.10156666666666687,2001.2916666666667,0.7123677777777822,0.7055077777777754
precipitacao,24,2001,5,2003,5,MJJ,-0.30333333333333384,0.043333333333333356,0.08766666666666652,-0.10066666666666686,2001.375,-66.67333333333335,-99.17000000000002
temperatura,24,2001,5,2003,5,MJJ,-0.30333333333333384,0.043333333333333356,0.08766666666666652,-0.10066666666666686,2001.375,0.9832633333333369,0.9515633333333362
precipitacao,24,2001,6,2003,6,JJA,-0.18666666666666712,0.07666666666666669,0.1333333333333332,0.21296666666666644,2001.4583333333333,8.633333333333326,-79.29666666666665
temperatura,24,2001,6,2003,6,JJA,-0.18666666666666712,0.07666666666666669,0.1333333333333332,0.21296666666666644,2001.4583333333333,0.6998288888888915,0.6253277777777768
precipitacao,24,2001,7,2003,7,JAS,-0.10666666666666715,0.01666666666666668,0.04133333333333319,-0.26813333333333356,2001.5416666666667,-51.94666666666666,-86.43333333333332
temperatura,24,2001,7,2003,7,JAS,-0.10666666666666715,0.01666666666666668,0.04133333333333319,-0.26813333333333356,2001.5416666666667,0.47274111111110884,-0.16983999999999355
precipitacao,24,2001,8,2003,8,ASO,-0.08666666666666716,-0.043333333333333314,-0.10466666666666681,0.12269999999999977,2001.625,22.629999999999967,-17.55000000000001
temperatura,24,2001,8,2003,8,ASO,-0.08666666666666716,-0.043333333333333314,-0.10466666666666681,0.12269999999999977,2001.625,0.15709666666666777,-0.5901800000000001
precipitacao,24,2001,9,2003,9,SON,-0.11000000000000047,-0.06999999999999999,-0.2213333333333335,0.3811333333333331,2001.7083333333333,28.903333333333364,-45.94999999999999
temperatura,24,2001,9,2003,9,SON,-0.11000000000000047,-0.06999999999999999,-0.2213333333333335,0.3811333333333331,2001.7083333333333,0.39539444444444527,-0.1742844444444458
precipitacao,24,2001,10,2003,10,OND,-0.18000000000000047,-0.043333333333333314,-0.3250000000000001,1.1162666666666665,2001.7916666666667,46.866666666666674,21.276666666666586
temperatura,24,2001,10,2003,10,OND,-0.18000000000000047,-0.043333333333333314,-0.3250000000000001,1.1162666666666665,2001.7916666666667,0.1024933333333351,-0.020904444444440173
precipitacao,24,2001,11,2003,11,NDJ,-0.24666666666666714,-0.02999999999999998,-0.30633333333333346,1.1447666666666665,2001.875,-18.44999999999999,-36.789999999999964
temperatura,24,2001,11,2003,11,NDJ,-0.24666666666666714,-0.02999999999999998,-0.30633333333333346,1.1447666666666665,2001.875,-0.2544466666666665,-0.4255433333333336
precipitacao,24,2001,12,2003,12,DJF,-0.30333333333333384,-0.09999999999999998,-0.24900000000000014,1.248833333333333,2001.9583333333333,-64.05000000000001,21.389999999999986
temperatura,24,2001,12,2003,12,DJF,-0.30333333333333384,-0.09999999999999998,-0.24900000000000014,1.248833333333333,2001.9583333333333,-0.17145111111111078,-0.9992511111111106
precipitacao,24,2002,1,2004,1,JFM,-0.2666666666666671,-0.1533333333333333,-0.14600000000000013,1.0720999999999996,2002.0416666666667,15.17666666666662,9.629999999999995
temperatura,24,2002,1,2004,1,JFM,-0.2666666666666671,-0.1533333333333333,-0.14600000000000013,1.0720999999999996,2002.0416666666667,-0.12263777777777563,-1.46053222222222
precipitacao,24,2002,2,2004,2,FMA,-0.13333333333333378,-0.25666666666666665,-0.09700000000000014,1.1848666666666665,2002.125,54.81000000000006,47.326666666666654
temperatura,24,2002,2,2004,2,FMA,-0.13333333333333378,-0.25666666666666665,-0.09700000000000014,1.1848666666666665,2002.125,-0.006809999999997984,-0.9575700000000005
precipitacao,24,2002,3,2004,3,MAM,0.009999999999999542,-0.19333333333333333,-0.07733333333333348,0.0858333333333332,2002.2083333333333,55.29000000000008,35.133333333333326
temperatura,24,2002,3,2004,3,MAM,0.009999999999999542,-0.19333333333333333,-0.07733333333333348,0.0858333333333332,2002.2083333333333,-0.7673511111111146,-0.6347377777777758
precipitacao,24,2002,4,2004,4,AMJ,0.10999999999999954,-0.12999999999999998,-0.14733333333333345,-0.10813333333333346,2002.2916666666667,-13.470000000000027,37.55333333333334
temperatura,24,2002,4,2004,4,AMJ,0.10999999999999954,-0.12999999999999998,-0.14733333333333345,-0.10813333333333346,2002.2916666666667,-0.024332222222220423,-0.42242555555555583
precipitacao,24,2002,5,2004,5,MJJ,0.1866666666666662,0.030000000000000016,-0.2243333333333335,-1.485666666666667,2002.375,-47.77333333333337,59.529999999999944
temperatura,24,2002,5,2004,5,MJJ,0.1866666666666662,0.030000000000000016,-0.2243333333333335,-1.485666666666667,2002.375,0.6231300000000033,-0.7733699999999963
precipitacao,24,2002,6,2004,6,JJA,0.29999999999999954,0.05666666666666668,-0.29000000000000015,-1.2485000000000002,2002.4583333333333,-24.366666666666674,12.403333333333364
temperatura,24,2002,6,2004,6,JJA,0.29999999999999954,0.05666666666666668,-0.29000000000000015,-1.2485000000000002,2002.4583333333333,1.6151622222222244,-0.698538888888887
precipitacao,24,2002,7,2004,7,JAS,0.4399999999999995,0.13,-0.2596666666666668,-1.5004666666666668,2002.5416666666667,-73.64666666666666,-84.63333333333333
temperatura,24,2002,7,2004,7,JAS,0.4399999999999995,0.13,-0.2596666666666668,-1.5004666666666668,2002.5416666666667,1.7421411111111098,0.3207600000000035
precipitacao,24,2002,8,2004,8,ASO,0.5499999999999995,0.01666666666666668,-0.21933333333333346,-0.6007666666666668,2002.625,-80.27000000000002,-63.849999999999994
temperatura,24,2002,8,2004,8,ASO,0.5499999999999995,0.01666666666666668,-0.21933333333333346,-0.6007666666666668,2002.625,1.2531300000000023,0.25201999999999813
precipitacao,24,2002,9,2004,9,SON,0.6599999999999996,-0.06666666666666665,-0.061000000000000144,-0.5182666666666669,2002.7083333333333,-65.69666666666666,-43.94999999999993
temperatura,24,2002,9,2004,9,SON,0.6599999999999996,-0.06666666666666665,-0.061000000000000144,-0.5182666666666669,2002.7083333333333,1.5946277777777773,0.40254888888889084
precipitacao,24,2002,10,2004,10,OND,0.7999999999999995,-0.16999999999999996,0.16099999999999987,-1.1759666666666668,2002.7916666666667,-30.53333333333333,1.2766666666666424
temperatura,24,2002,10,2004,10,OND,0.7999999999999995,-0.16999999999999996,0.16099999999999987,-1.1759666666666668,2002.7916666666667,0.5594933333333358,-0.701304444444439
precipitacao,24,2002,11,2004,11,NDJ,0.9866666666666662,-0.18999999999999997,0.2623333333333332,-1.4506666666666668,2002.875,-52.85000000000002,72.11000000000001
temperatura,24,2002,11,2004,11,NDJ,0.9866666666666662,-0.18999999999999997,0.2623333333333332,-1.4506666666666668,2002.875,1.3552533333333336,-0.5468100000000007
precipitacao,24,2002,12,2004,12,DJF,1.0866666666666662,-0.08666666666666663,0.11433333333333319,-0.7263333333333334,2002.9583333333333,-58.14999999999998,-13.209999999999923
temperatura,24,2002,12,2004,12,DJF,1.0866666666666662,-0.08666666666666663,0.11433333333333319,-0.7263333333333334,2002.9583333333333,0.8945155555555573,-0.9566177777777796
precipitacao,24,2003,1,2005,1,JFM,1.0566666666666662,0.01666666666666669,-0.10033333333333348,-0.20096666666666682,2003.0416666666667,-32.82333333333338,9.029999999999973
temperatura,24,2003,1,2005,1,JFM,1.0566666666666662,0.01666666666666669,-0.10033333333333348,-0.20096666666666682,2003.0416666666667,1.512128888888892,-0.6071655555555537
precipitacao,24,2003,2,2005,2,FMA,0.8566666666666661,0.20000000000000004,-0.12666666666666682,-0.012100000000000147,2003.125,94.00999999999999,-96.17333333333335
temperatura,24,2003,2,2005,2,FMA,0.8566666666666661,0.20000000000000004,-0.12666666666666682,-0.012100000000000147,2003.125,0.5365566666666659,-0.009036666666663251
precipitacao,24,2003,3,2005,3,MAM,0.623333333333333,0.26666666666666666,-0.08700000000000015,-0.5108333333333335,2003.2083333333333,-26.409999999999968,14.533333333333303
temperatura,24,2003,3,2005,3,MAM,0.623333333333333,0.26666666666666666,-0.08700000000000015,-0.5108333333333335,2003.2083333333333,0.7196822222222252,0.8582622222222227
precipitacao,24,2003,4,2005,4,AMJ,0.31999999999999956,0.23000000000000007,-0.04033333333333348,-0.10676666666666683,2003.2916666666667,-63.56999999999999,-3.4466666666666583
temperatura,24,2003,4,2005,4,AMJ,0.31999999999999956,0.23000000000000007,-0.04033333333333348,-0.10676666666666683,2003.2916666666667,0.5476344444444408,1.2570411111111106
precipitacao,24,2003,5,2005,5,MJJ,0.0633333333333329,0.1366666666666667,-0.10066666666666683,0.14036666666666653,2003.375,-121.47333333333336,-39.87000000000002
temperatura,24,2003,5,2005,5,MJJ,0.0633333333333329,0.1366666666666667,-0.10066666666666683,0.14036666666666653,2003.375,0.7116299999999995,0.7947966666666701
precipitacao,24,2003,6,2005,6,JJA,-0.10666666666666712,-0.026666666666666644,-0.04133333333333347,-0.05523333333333347,2003.4583333333333,-36.06666666666669,-62.39666666666666
temperatura,24,2003,6,2005,6,JJA,-0.10666666666666712,-0.026666666666666644,-0.04133333333333347,-0.05523333333333347,2003.4583333333333,0.048895555555557024,0.9190944444444433
precipitacao,24,2003,7,2005,7,JAS,-0.07333333333333378,-0.016666666666666646,0.03533333333333319,0.11233333333333322,2003.5416666666667,-62.14666666666665,-0.03333333333333144
temperatura,24,2003,7,2005,7,JAS,-0.07333333333333378,-0.016666666666666646,0.03533333333333319,0.11233333333333322,2003.5416666666667,0.7055077777777754,0.16949333333333882
precipitacao,24,2003,8,2005,8,ASO,0.03333333333333289,0.07666666666666669,0.12599999999999986,0.21016666666666653,2003.625,-99.17000000000002,34.85000000000002
temperatura,24,2003,8,2005,8,ASO,0.03333333333333289,0.07666666666666669,0.12599999999999986,0.21016666666666653,2003.625,0.9515633333333362,0.5846199999999975
precipitacao,24,2003,9,2005,9,SON,0.1533333333333329,0.26,0.059666666666666514,0.3606333333333332,2003.7083333333333,-79.29666666666665,8.850000000000023
temperatura,24,2003,9,2005,9,SON,0.1533333333333329,0.26,0.059666666666666514,0.3606333333333332,2003.7083333333333,0.6253277777777768,-0.12491777777777813
precipitacao,24,2003,10,2005,10,OND,0.19999999999999954,0.3166666666666667,-0.06500000000000015,0.10999999999999988,2003.7916666666667,-86.43333333333332,-88.42333333333335
temperatura,24,2003,10,2005,10,OND,0.19999999999999954,0.3166666666666667,-0.06500000000000015,0.10999999999999988,2003.7916666666667,-0.16983999999999355,-0.2969044444444435
precipitacao,24,2003,11,2005,11,NDJ,0.24999999999999956,0.3366666666666667,-0.15400000000000014,-0.35323333333333345,2003.875,-17.55000000000001,-174.99
temperatura,24,2003,11,2005,11,NDJ,0.24999999999999956,0.3366666666666667,-0.15400000000000014,-0.35323333333333345,2003.875,-0.5901800000000001,-0.3854100000000038
precipitacao,24,2003,12,2005,12,DJF,0.2699999999999996,0.3233333333333333,-0.07100000000000015,-0.6865000000000002,2003.9583333333333,-45.94999999999999,-135.4099999999999
temperatura,24,2003,12,2005,12,DJF,0.2699999999999996,0.3233333333333333,-0.07100000000000015,-0.6865000000000002,2003.9583333333333,-0.1742844444444458,-0.23178444444444324
precipitacao,24,2004,1,2006,1,JFM,0.30666666666666625,0.24333333333333332,0.024666666666666517,-0.40916666666666685,2004.0416666666667,21.276666666666586,-70.87
temperatura,24,2004,1,2006,1,JFM,0.30666666666666625,0.24333333333333332,0.024666666666666517,-0.40916666666666685,2004.0416666666667,-0.020904444444440173,0.4391677777777794
precipitacao,24,2004,2,2006,2,FMA,0.29999999999999954,0.10666666666666669,0.11566666666666651,-0.5659000000000001,2004.125,-36.789999999999964,-1.1733333333332894
temperatura,24,2004,2,2006,2,FMA,0.29999999999999954,0.10666666666666669,0.11566666666666651,-0.5659000000000001,2004.125,-0.4255433333333336,-0.12336999999999776
precipitacao,24,2004,3,2006,3,MAM,0.2666666666666662,-0.1133333333333333,0.07833333333333319,0.018966666666666576,2004.2083333333333,21.389999999999986,-30.06666666666669
temperatura,24,2004,3,2006,3,MAM,0.2666666666666662,-0.1133333333333333,0.07833333333333319,0.018966666666666576,2004.2083333333333,-0.9992511111111106,-0.5938377777777752
precipitacao,24,2004,4,2006,4,AMJ,0.18666666666666623,-0.3266666666666666,0.037333333333333184,-0.19973333333333343,2004.2916666666667,9.629999999999995,-90.34666666666666
temperatura,24,2004,4,2006,4,AMJ,0.18666666666666623,-0.3266666666666666,0.037333333333333184,-0.19973333333333343,2004.2916666666667,-1.46053222222222,-0.6883922222222232
precipitacao,24,2004,5,2006,5,MJJ,0.13666666666666624,-0.4666666666666666,-0.18900000000000014,0.3474333333333332,2004.375,47.326666666666654,-78.87000000000003
temperatura,24,2004,5,2006,5,MJJ,0.13666666666666624,-0.4666666666666666,-0.18900000000000014,0.3474333333333332,2004.375,-0.9575700000000005,0.09712999999999994
precipitacao,24,2004,6,2006,6,JJA,0.14666666666666622,-0.4766666666666666,-0.34266666666666684,0.602,2004.4583333333333,35.133333333333326,-67.99666666666667
temperatura,24,2004,6,2006,6,JJA,0.14666666666666622,-0.4766666666666666,-0.34266666666666684,0.602,2004.4583333333333,-0.6347377777777758,0.8063944444444431
precipitacao,24,2004,7,2006,7,JAS,0.24333333333333287,-0.3466666666666666,-0.4166666666666668,1.0431,2004.5416666666667,37.55333333333334,-24.43333333333331
temperatura,24,2004,7,2006,7,JAS,0.24333333333333287,-0.3466666666666666,-0.4166666666666668,1.0431,2004.5416666666667,-0.42242555555555583,0.47122666666667
precipitacao,24,2004,8,2006,8,ASO,0.38333333333333286,-0.18333333333333332,-0.27266666666666683,0.8661666666666665,2004.625,59.529999999999944,-30.150000000000006
temperatura,24,2004,8,2006,8,ASO,0.38333333333333286,-0.18333333333333332,-0.27266666666666683,0.8661666666666665,2004.625,-0.7733699999999963,-0.27494666666666845
precipitacao,24,2004,9,2006,9,SON,0.5033333333333329,0.0066666666666667,-0.18000000000000016,0.5522333333333332,2004.7083333333333,12.403333333333364,37.950000000000045
temperatura,24,2004,9,2006,9,SON,0.5033333333333329,0.0066666666666667,-0.18000000000000016,0.5522333333333332,2004.7083333333333,-0.698538888888887,-0.5606511111111132
precipitacao,24,2004,10,2006,10,OND,0.5766666666666662,0.04000000000000003,-0.08100000000000014,0.046633333333333256,2004.7916666666667,-84.63333333333333,107.67666666666662
temperatura,24,2004,10,2006,10,OND,0.5766666666666662,0.04000000000000003,-0.08100000000000014,0.046633333333333256,2004.7916666666667,0.3207600000000035,-0.27413777777777426
precipitacao,24,2004,11,2006,11,NDJ,0.6099999999999995,0.053333333333333365,-0.08766666666666682,-0.010366666666666738,2004.875,-63.849999999999994,110.5100000000001
temperatura,24,2004,11,2006,11,NDJ,0.6099999999999995,0.053333333333333365,-0.08766666666666682,-0.010366666666666738,2004.875,0.25201999999999813,-0.2260766666666676
precipitacao,24,2004,12,2006,12,DJF,0.6533333333333329,0.05000000000000004,-0.09633333333333349,-0.4192,2004.9583333333333,-43.94999999999993,40.3900000000001
temperatura,24,2004,12,2006,12,DJF,0.6533333333333329,0.05000000000000004,-0.09633333333333349,-0.4192,2004.9583333333333,0.40254888888889084,-0.2030177777777773
precipitacao,24,2005,1,2007,1,JFM,0.6566666666666663,0.17000000000000004,-0.1363333333333335,-0.44793333333333335,2005.0416666666667,1.2766666666666424,-84.96999999999997
temperatura,24,2005,1,2007,1,JFM,0.6566666666666663,0.17000000000000004,-0.1363333333333335,-0.44793333333333335,2005.0416666666667,-0.701304444444439,0.2432011111111123
precipitacao,24,2005,2,2007,2,FMA,0.6266666666666662,0.22333333333333338,-0.2720000000000002,0.047299999999999974,2005.125,72.11000000000001,-86.97333333333336
temperatura,24,2005,2,2007,2,FMA,0.6266666666666662,0.22333333333333338,-0.2720000000000002,0.047299999999999974,2005.125,-0.5468100000000007,0.7342633333333346
precipitacao,24,2005,3,2007,3,MAM,0.5233333333333329,0.2533333333333334,-0.37233333333333346,0.4243666666666666,2005.2083333333333,-13.209999999999923,-63.56666666666669
temperatura,24,2005,3,2007,3,MAM,0.5233333333333329,0.2533333333333334,-0.37233333333333346,0.4243666666666666,2005.2083333333333,-0.9566177777777796,0.594195555555558
precipitacao,24,2005,4,2007,4,AMJ,0.43999999999999956,0.15333333333333338,-0.30300000000000016,0.5857333333333333,2005.2916666666667,9.029999999999973,-53.94666666666667
temperatura,24,2005,4,2007,4,AMJ,0.43999999999999956,0.15333333333333338,-0.30300000000000016,0.5857333333333333,2005.2916666666667,-0.6071655555555537,0.36030777777778056
precipitacao,24,2005,5,2007,5,MJJ,0.34666666666666623,-0.053333333333333295,-0.1273333333333335,0.07213333333333326,2005.375,-96.17333333333335,71.32999999999996
temperatura,24,2005,5,2007,5,MJJ,0.34666666666666623,-0.053333333333333295,-0.1273333333333335,0.07213333333333326,2005.375,-0.009036666666663251,-0.09700333333332978
precipitacao,24,2005,6,2007,6,JJA,0.24333333333333287,-0.32999999999999996,-0.04166666666666682,-0.4565333333333334,2005.4583333333333,14.533333333333303,32.903333333333364
temperatura,24,2005,6,2007,6,JJA,0.24333333333333287,-0.32999999999999996,-0.04166666666666682,-0.4565333333333334,2005.4583333333333,0.8582622222222227,0.02622777777777685
precipitacao,24,2005,7,2007,7,JAS,0.10666666666666623,-0.5133333333333333,-0.1976666666666668,-0.659,2005.5416666666667,-3.4466666666666583,-2.9333333333333087
temperatura,24,2005,7,2007,7,JAS,0.10666666666666623,-0.5133333333333333,-0.1976666666666668,-0.659,2005.5416666666667,1.2570411111111106,0.34442666666667066
precipitacao,24,2005,8,2007,8,ASO,-0.030000000000000453,-0.4433333333333332,-0.3016666666666668,-0.4838333333333334,2005.625,-39.87000000000002,-137.75
temperatura,24,2005,8,2007,8,ASO,-0.030000000000000453,-0.4433333333333332,-0.3016666666666668,-0.4838333333333334,2005.625,0.7947966666666701,0.8928866666666657
precipitacao,24,2005,9,2007,9,SON,-0.09666666666666712,-0.32999999999999996,-0.4210000000000002,0.07229999999999992,2005.7083333333333,-62.39666666666666,-56.049999999999955
temperatura,24,2005,9,2007,9,SON,-0.09666666666666712,-0.32999999999999996,-0.4210000000000002,0.07229999999999992,2005.7083333333333,0.9190944444444433,0.7833822222222189
precipitacao,24,2005,10,2007,10,OND,-0.17333333333333378,-0.2133333333333333,-0.43833333333333346,0.16663333333333327,2005.7916666666667,-0.03333333333333144,-30.02333333333337
temperatura,24,2005,10,2007,10,OND,-0.17333333333333378,-0.2133333333333333,-0.43833333333333346,0.16663333333333327,2005.7916666666667,0.16949333333333882,0.2859622222222242
precipitacao,24,2005,11,2007,11,NDJ,-0.31666666666666715,-0.23666666666666666,-0.41400000000000015,-0.09326666666666672,2005.875,34.85000000000002,-25.790000000000077
temperatura,24,2005,11,2007,11,NDJ,-0.31666666666666715,-0.23666666666666666,-0.41400000000000015,-0.09326666666666672,2005.875,0.5846199999999975,-0.4713766666666679
precipitacao,24,2005,12,2007,12,DJF,-0.5533333333333338,-0.25666666666666665,-0.33600000000000013,-0.8294333333333334,2005.9583333333333,8.850000000000023,-112.40999999999991
temperatura,24,2005,12,2007,12,DJF,-0.5533333333333338,-0.25666666666666665,-0.33600000000000013,-0.8294333333333334,2005.9583333333333,-0.12491777777777813,-0.5550177777777776
precipitacao,24,2006,1,2008,1,JFM,-0.7500000000000004,-0.28333333333333327,-0.23566666666666683,-0.7268000000000002,2006.0416666666667,-88.42333333333335,-79.46999999999997
temperatura,24,2006,1,2008,1,JFM,-0.7500000000000004,-0.28333333333333327,-0.23566666666666683,-0.7268000000000002,2006.0416666666667,-0.2969044444444435,-0.7840655555555536
precipitacao,24,2006,2,2008,2,FMA,-0.8266666666666671,-0.20999999999999994,-0.24700000000000014,-0.6134000000000001,2006.125,-174.99,8.726666666666631
temperatura,24,2006,2,2008,2,FMA,-0.8266666666666671,-0.20999999999999994,-0.24700000000000014,-0.6134000000000001,2006.125,-0.3854100000000038,-0.50047
precipitacao,24,2006,3,2008,3,MAM,-0.7633333333333338,-0.09333333333333328,-0.2223333333333335,0.20939999999999995,2006.2083333333333,-135.4099999999999,42.833333333333314
temperatura,24,2006,3,2008,3,MAM,-0.7633333333333338,-0.09333333333333328,-0.2223333333333335,0.20939999999999995,2006.2083333333333,-0.23178444444444324,-0.7132711111111121
precipitacao,24,2006,4,2008,4,AMJ,-0.6266666666666671,0.006666666666666703,-0.18233333333333349,0.03999999999999996,2006.2916666666667,-70.87,38.55333333333334
temperatura,24,2006,4,2008,4,AMJ,-0.6266666666666671,0.006666666666666703,-0.18233333333333349,0.03999999999999996,2006.2916666666667,0.4391677777777794,-0.6201922222222258
precipitacao,24,2006,5,2008,5,MJJ,-0.4233333333333338,-0.016666666666666632,-0.1496666666666668,0.6755666666666666,2006.375,-1.1733333333332894,-72.87000000000002
temperatura,24,2006,5,2008,5,MJJ,-0.4233333333333338,-0.016666666666666632,-0.1496666666666668,0.6755666666666666,2006.375,-0.12336999999999776,-0.4388699999999979
precipitacao,24,2006,6,2008,6,JJA,-0.23000000000000045,-0.0033333333333332945,-0.09400000000000015,0.6547,2006.4583333333333,-30.06666666666669,2.103333333333353
temperatura,24,2006,6,2008,6,JJA,-0.23000000000000045,-0.0033333333333332945,-0.09400000000000015,0.6547,2006.4583333333333,-0.5938377777777752,0.26712777777777674
precipitacao,24,2006,7,2008,7,JAS,-0.040000000000000445,0.013333333333333372,-0.07566666666666681,1.0196333333333334,2006.5416666666667,-90.34666666666666,4.566666666666691
temperatura,24,2006,7,2008,7,JAS,-0.040000000000000445,0.013333333333333372,-0.07566666666666681,1.0196333333333334,2006.5416666666667,-0.6883922222222232,-0.06803999999999633
precipitacao,24,2006,8,2008,8,ASO,0.1333333333333329,0.09333333333333338,0.06999999999999985,-0.12120000000000013,2006.625,-78.87000000000003,91.25
temperatura,24,2006,8,2008,8,ASO,0.1333333333333329,0.09333333333333338,0.06999999999999985,-0.12120000000000013,2006.625,0.09712999999999994,-0.1346133333333306
precipitacao,24,2006,9,2008,9,SON,0.32999999999999957,0.10333333333333337,0.2323333333333332,-0.3752333333333335,2006.7083333333333,-67.99666666666667,30.649999999999977
temperatura,24,2006,9,2008,9,SON,0.32999999999999957,0.10333333333333337,0.2323333333333332,-0.3752333333333335,2006.7083333333333,0.8063944444444431,-0.6852511111111106
precipitacao,24,2006,10,2008,10,OND,0.5266666666666663,0.09000000000000004,0.41133333333333316,-0.3906666666666669,2006.7916666666667,-24.43333333333331,43.476666666666574
temperatura,24,2006,10,2008,10,OND,0.5266666666666663,0.09000000000000004,0.41133333333333316,-0.3906666666666669,2006.7916666666667,0.47122666666667,-0.7154044444444452
precipitacao,24,2006,11,2008,11,NDJ,0.7099999999999995,0.013333333333333369,0.5019999999999998,0.21879999999999988,2006.875,-30.150000000000006,-0.09000000000003183
temperatura,24,2006,11,2008,11,NDJ,0.7099999999999995,0.013333333333333369,0.5019999999999998,0.21879999999999988,2006.875,-0.27494666666666845,-1.0006766666666707
precipitacao,24,2006,12,2008,12,DJF,0.8233333333333328,-0.0133333333333333,0.4166666666666665,0.5396333333333333,2006.9583333333333,37.950000000000045,50.8900000000001
temperatura,24,2006,12,2008,12,DJF,0.8233333333333328,-0.0133333333333333,0.4166666666666665,0.5396333333333333,2006.9583333333333,-0.5606511111111132,-0.6571511111111121
precipitacao,24,2007,1,2009,1,JFM,0.7933333333333329,-0.046666666666666634,0.2993333333333332,0.21896666666666662,2007.0416666666667,107.67666666666662,-1.0699999999999363
temperatura,24,2007,1,2009,1,JFM,0.7933333333333329,-0.046666666666666634,0.2993333333333332,0.21896666666666662,2007.0416666666667,-0.27413777777777426,-0.03886555555554949
precipitacao,24,2007,2,2009,2,FMA,0.5633333333333329,-0.0333333333333333,0.18233333333333315,0.2101666666666666,2007.125,110.5100000000001,29.026666666666642
temperatura,24,2007,2,2009,2,FMA,0.5633333333333329,-0.0333333333333333,0.18233333333333315,0.2101666666666666,2007.125,-0.2260766666666676,-0.07540333333333038
precipitacao,24,2007,3,2009,3,MAM,0.22999999999999954,-0.1533333333333333,0.1633333333333332,-0.19266666666666676,2007.2083333333333,40.3900000000001,-27.56666666666669
temperatura,24,2007,3,2009,3,MAM,0.22999999999999954,-0.1533333333333333,0.1633333333333332,-0.19266666666666676,2007.2083333333333,-0.2030177777777773,0.08492888888888928
precipitacao,24,2007,4,2009,4,AMJ,-0.08333333333333381,-0.14666666666666664,0.12166666666666653,-0.5101333333333334,2007.2916666666667,-84.96999999999997,8.553333333333342
temperatura,24,2007,4,2009,4,AMJ,-0.08333333333333381,-0.14666666666666664,0.12166666666666653,-0.5101333333333334,2007.2916666666667,0.2432011111111123,-0.6810255555555607
precipitacao,24,2007,5,2009,5,MJJ,-0.2600000000000005,-0.14666666666666664,0.16166666666666654,-0.7390666666666666,2007.375,-86.97333333333336,94.32999999999996
temperatura,24,2007,5,2009,5,MJJ,-0.2600000000000005,-0.14666666666666664,0.16166666666666654,-0.7390666666666666,2007.375,0.7342633333333346,-0.4634699999999974
precipitacao,24,2007,6,2009,6,JJA,-0.35666666666666713,-0.0033333333333332993,0.13366666666666652,-0.9483666666666667,2007.4583333333333,-63.56666666666669,131.90333333333336
temperatura,24,2007,6,2009,6,JJA,-0.35666666666666713,-0.0033333333333332993,0.13366666666666652,-0.9483666666666667,2007.4583333333333,0.594195555555558,-0.6854055555555547
precipitacao,24,2007,7,2009,7,JAS,-0.4133333333333338,0.013333333333333369,0.11533333333333319,-1.4802,2007.5416666666667,-53.94666666666667,158.8666666666667
temperatura,24,2007,7,2009,7,JAS,-0.4133333333333338,0.013333333333333369,0.11533333333333319,-1.4802,2007.5416666666667,0.36030777777778056,0.12499333333333595
precipitacao,24,2007,8,2009,8,ASO,-0.5566666666666671,0.020000000000000035,0.10433333333333318,-1.3122,2007.625,71.32999999999996,76.65000000000003
temperatura,24,2007,8,2009,8,ASO,-0.5566666666666671,0.020000000000000035,0.10433333333333318,-1.3122,2007.625,-0.09700333333332978,-0.06631333333333345
precipitacao,24,2007,9,2009,9,SON,-0.7700000000000005,0.020000000000000035,0.1723333333333332,-0.9027,2007.7083333333333,32.903333333333364,84.25
temperatura,24,2007,9,2009,9,SON,-0.7700000000000005,0.020000000000000035,0.1723333333333332,-0.9027,2007.7083333333333,0.02622777777777685,0.8329155555555552
precipitacao,24,2007,10,2009,10,OND,-1.066666666666667,-0.009999999999999962,0.17999999999999985,-0.17036666666666667,2007.7916666666667,-2.9333333333333087,126.47666666666657
temperatura,24,2007,10,2009,10,OND,-1.066666666666667,-0.009999999999999962,0.17999999999999985,-0.17036666666666667,2007.7916666666667,0.34442666666667066,0.6323288888888925
precipitacao,24,2007,11,2009,11,NDJ,-1.333333333333334,-0.0233333333333333,0.09333333333333317,-0.4623333333333333,2007.875,-137.75,189.90999999999997
temperatura,24,2007,11,2009,11,NDJ,-1.333333333333334,-0.0233333333333333,0.09333333333333317,-0.4623333333333333,2007.875,0.8928866666666657,1.0986566666666668
precipitacao,24,2007,12,2009,12,DJF,-1.5566666666666673,-0.0833333333333333,-0.06066666666666681,0.1706,2007.9583333333333,-56.049999999999955,213.29000000000008
temperatura,24,2007,12,2009,12,DJF,-1.5566666666666673,-0.0833333333333333,-0.06066666666666681,0.1706,2007.9583333333333,0.7833822222222189,0.6574155555555556
precipitacao,24,2008,1,2010,1,JFM,-1.6833333333333338,-0.09333333333333331,-0.04500000000000015,0.718,2008.0416666666667,-30.02333333333337,109.02999999999997
temperatura,24,2008,1,2010,1,JFM,-1.6833333333333338,-0.09333333333333331,-0.04500000000000015,0.718,2008.0416666666667,0.2859622222222242,0.8929011111111116
precipitacao,24,2008,2,2010,2,FMA,-1.6966666666666672,-0.03666666666666663,-0.06133333333333348,1.4284,2008.125,-25.790000000000077,49.02666666666664
temperatura,24,2008,2,2010,2,FMA,-1.6966666666666672,-0.03666666666666663,-0.06133333333333348,1.4284,2008.125,-0.4713766666666679,0.4243633333333321
precipitacao,24,2008,3,2010,3,MAM,-1.5800000000000007,0.0666666666666667,0.04666666666666652,0.9811333333333333,2008.2083333333333,-112.40999999999991,-46.26666666666668
temperatura,24,2008,3,2010,3,MAM,-1.5800000000000007,0.0666666666666667,0.04666666666666652,0.9811333333333333,2008.2083333333333,-0.5550177777777776,-0.040671111111109326
precipitacao,24,2008,4,2010,4,AMJ,-1.343333333333334,0.22333333333333338,-0.04266666666666682,0.2871666666666667,2008.2916666666667,-79.46999999999997,-52.94666666666667
temperatura,24,2008,4,2010,4,AMJ,-1.343333333333334,0.22333333333333338,-0.04266666666666682,0.2871666666666667,2008.2916666666667,-0.7840655555555536,-0.5567255555555555
precipitacao,24,2008,5,2010,5,MJJ,-1.0900000000000005,0.35000000000000003,0.040999999999999856,-0.25856666666666667,2008.375,8.726666666666631,-61.87000000000003
temperatura,24,2008,5,2010,5,MJJ,-1.0900000000000005,0.35000000000000003,0.040999999999999856,-0.25856666666666667,2008.375,-0.50047,0.05306333333333768
precipitacao,24,2008,6,2010,6,JJA,-0.8200000000000006,0.3966666666666667,0.08033333333333319,-0.004933333333333308,2008.4583333333333,42.833333333333314,-61.99666666666667
temperatura,24,2008,6,2010,6,JJA,-0.8200000000000006,0.3966666666666667,0.08033333333333319,-0.004933333333333308,2008.4583333333333,-0.7132711111111121,-0.19143888888888938
precipitacao,24,2008,7,2010,7,JAS,-0.5800000000000005,0.42,0.21333333333333318,0.39293333333333336,2008.5416666666667,38.55333333333334,-31.633333333333326
temperatura,24,2008,7,2010,7,JAS,-0.5800000000000005,0.42,0.21333333333333318,0.39293333333333336,2008.5416666666667,-0.6201922222222258,0.39009333333333274
precipitacao,24,2008,8,2010,8,ASO,-0.3633333333333339,0.3666666666666667,0.19499999999999984,0.5852,2008.625,-72.87000000000002,-23.950000000000017
temperatura,24,2008,8,2010,8,ASO,-0.3633333333333339,0.3666666666666667,0.19499999999999984,0.5852,2008.625,-0.4388699999999979,-0.641013333333337
precipitacao,24,2008,9,2010,9,SON,-0.2600000000000005,0.2800000000000001,0.15199999999999986,0.5976,2008.7083333333333,2.103333333333353,22.75
temperatura,24,2008,9,2010,9,SON,-0.2600000000000005,0.2800000000000001,0.15199999999999986,0.5976,2008.7083333333333,0.26712777777777674,-0.43798444444444584
precipitacao,24,2008,10,2010,10,OND,-0.2700000000000005,0.16333333333333336,0.07966666666666652,0.8958333333333334,2008.7916666666667,4.566666666666691,94.5766666666666
temperatura,24,2008,10,2010,10,OND,-0.2700000000000005,0.16333333333333336,0.07966666666666652,0.8958333333333334,2008.7916666666667,-0.06803999999999633,-0.6961377777777784
precipitacao,24,2008,11,2010,11,NDJ,-0.3933333333333338,0.10333333333333337,-0.004333333333333476,1.1734,2008.875,91.25,185.81000000000006
temperatura,24,2008,11,2010,11,NDJ,-0.3933333333333338,0.10333333333333337,-0.004333333333333476,1.1734,2008.875,-0.1346133333333306,0.12505666666666926
precipitacao,24,2008,12,2010,12,DJF,-0.5733333333333338,0.11000000000000003,-0.050666666666666804,1.1094666666666668,2008.9583333333333,30.649999999999977,159.29000000000008
temperatura,24,2008,12,2010,12,DJF,-0.5733333333333338,0.11000000000000003,-0.050666666666666804,1.1094666666666668,2008.9583333333333,-0.6852511111111106,0.5041488888888885
precipitacao,24,2009,1,2011,1,JFM,-0.7500000000000004,0.13000000000000003,-0.050000000000000135,1.0253666666666665,2009.0416666666667,43.476666666666574,116.32999999999993
temperatura,24,2009,1,2011,1,JFM,-0.7500000000000004,0.13000000000000003,-0.050000000000000135,1.0253666666666665,2009.0416666666667,-0.7154044444444452,0.24930111111111586
precipitacao,24,2009,2,2011,2,FMA,-0.8400000000000004,0.11333333333333336,0.04699999999999987,0.8707333333333332,2009.125,-0.09000000000003183,47.02666666666664
temperatura,24,2009,2,2011,2,FMA,-0.8400000000000004,0.11333333333333336,0.04699999999999987,0.8707333333333332,2009.125,-1.0006766666666707,0.11902999999999864
precipitacao,24,2009,3,2011,3,MAM,-0.7866666666666672,0.13000000000000003,0.09799999999999986,0.6743333333333333,2009.2083333333333,50.8900000000001,17.333333333333258
temperatura,24,2009,3,2011,3,MAM,-0.7866666666666672,0.13000000000000003,0.09799999999999986,0.6743333333333333,2009.2083333333333,-0.6571511111111121,-0.524937777777776
precipitacao,24,2009,4,2011,4,AMJ,-0.6066666666666671,0.16333333333333336,0.12966666666666654,0.36319999999999997,2009.2916666666667,-1.0699999999999363,-15.74666666666667
temperatura,24,2009,4,2011,4,AMJ,-0.6066666666666671,0.16333333333333336,0.12966666666666654,0.36319999999999997,2009.2916666666667,-0.03886555555554949,-0.8397922222222256
precipitacao,24,2009,5,2011,5,MJJ,-0.31666666666666715,0.2833333333333334,0.16099999999999987,-0.032999999999999995,2009.375,29.026666666666642,-65.67000000000002
temperatura,24,2009,5,2011,5,MJJ,-0.31666666666666715,0.2833333333333334,0.16099999999999987,-0.032999999999999995,2009.375,-0.07540333333333038,-0.7725699999999982
precipitacao,24,2009,6,2011,6,JJA,0.0066666666666661545,0.31000000000000005,0.16099999999999984,-0.3912,2009.4583333333333,-27.56666666666669,-15.396666666666675
temperatura,24,2009,6,2011,6,JJA,0.0066666666666661545,0.31000000000000005,0.16099999999999984,-0.3912,2009.4583333333333,0.08492888888888928,-0.2891388888888855
precipitacao,24,2009,7,2011,7,JAS,0.2899999999999995,0.2866666666666667,0.054999999999999855,-0.8123333333333332,2009.5416666666667,8.553333333333342,-93.43333333333332
temperatura,24,2009,7,2011,7,JAS,0.2899999999999995,0.2866666666666667,0.054999999999999855,-0.8123333333333332,2009.5416666666667,-0.6810255555555607,-0.02984000000000009
precipitacao,24,2009,8,2011,8,ASO,0.4666666666666662,0.1533333333333334,-0.06533333333333348,-0.7966000000000001,2009.625,94.32999999999996,-74.65
temperatura,24,2009,8,2011,8,ASO,0.4666666666666662,0.1533333333333334,-0.06533333333333348,-0.7966000000000001,2009.625,-0.4634699999999974,-0.2502133333333312
precipitacao,24,2009,9,2011,9,SON,0.5733333333333329,0.0733333333333334,-0.13300000000000015,-0.6454333333333333,2009.7083333333333,131.90333333333336,-45.849999999999966
temperatura,24,2009,9,2011,9,SON,0.5733333333333329,0.0733333333333334,-0.13300000000000015,-0.6454333333333333,2009.7083333333333,-0.6854055555555547,-0.9020511111111134
precipitacao,24,2009,10,2011,10,OND,0.7133333333333328,0.10333333333333339,-0.07333333333333349,-0.20576666666666665,2009.7916666666667,158.8666666666667,27.776666666666642
temperatura,24,2009,10,2011,10,OND,0.7133333333333328,0.10333333333333339,-0.07333333333333349,-0.20576666666666665,2009.7916666666667,0.12499333333333595,-0.7467044444444433
precipitacao,24,2009,11,2011,11,NDJ,0.9633333333333328,0.12666666666666673,-0.061000000000000144,-0.6156,2009.875,76.65000000000003,36.90999999999997
temperatura,24,2009,11,2011,11,NDJ,0.9633333333333328,0.12666666666666673,-0.061000000000000144,-0.6156,2009.875,-0.06631333333333345,-1.1717433333333354
precipitacao,24,2009,12,2011,12,DJF,1.243333333333333,0.2566666666666667,0.02666666666666652,-0.4078333333333333,2009.9583333333333,84.25,-38.809999999999945
temperatura,24,2009,12,2011,12,DJF,1.243333333333333,0.2566666666666667,0.02666666666666652,-0.4078333333333333,2009.9583333333333,0.8329155555555552,-0.4500511111111116
precipitacao,24,2010,1,2012,1,JFM,1.426666666666666,0.3333333333333334,0.12899999999999986,-0.6884,2010.0416666666667,126.47666666666657,-103.47000000000003
temperatura,24,2010,1,2012,1,JFM,1.426666666666666,0.3333333333333334,0.12899999999999986,-0.6884,2010.0416666666667,0.6323288888888925,-0.2833988888888861
precipitacao,24,2010,2,2012,2,FMA,1.3933333333333326,0.4333333333333334,0.15899999999999984,-0.30843333333333334,2010.125,189.90999999999997,-25.873333333333335
temperatura,24,2010,2,2012,2,FMA,1.3933333333333326,0.4333333333333334,0.15899999999999984,-0.30843333333333334,2010.125,1.0986566666666668,0.2454966666666678
precipitacao,24,2010,3,2012,3,MAM,1.186666666666666,0.47000000000000003,0.25833333333333314,-0.47459999999999997,2010.2083333333333,213.29000000000008,-20.066666666666663
temperatura,24,2010,3,2012,3,MAM,1.186666666666666,0.47000000000000003,0.25833333333333314,-0.47459999999999997,2010.2083333333333,0.6574155555555556,-0.21633777777777752
precipitacao,24,2010,4,2012,4,AMJ,0.8233333333333327,0.4400000000000001,0.2836666666666665,-0.09649999999999999,2010.2916666666667,109.02999999999997,172.15333333333334
temperatura,24,2010,4,2012,4,AMJ,0.8233333333333327,0.4400000000000001,0.2836666666666665,-0.09649999999999999,2010.2916666666667,0.8929011111111116,-0.06392555555556001
precipitacao,24,2010,5,2012,5,MJJ,0.3666666666666661,0.39333333333333337,0.2663333333333332,0.5022333333333333,2010.375,49.02666666666664,119.53
temperatura,24,2010,5,2012,5,MJJ,0.3666666666666661,0.39333333333333337,0.2663333333333332,0.5022333333333333,2010.375,0.4243633333333321,-0.14510333333333492
precipitacao,24,2010,6,2012,6,JJA,-0.14666666666666728,0.39333333333333337,0.06699999999999985,1.1563666666666668,2010.4583333333333,-46.26666666666668,118.20333333333332
temperatura,24,2010,6,2012,6,JJA,-0.14666666666666728,0.39333333333333337,0.06699999999999985,1.1563666666666668,2010.4583333333333,-0.040671111111109326,0.2652277777777776
precipitacao,24,2010,7,2012,7,JAS,-0.6000000000000006,0.3866666666666667,-0.056666666666666816,1.8384666666666665,2010.5416666666667,-52.94666666666667,-19.333333333333314
temperatura,24,2010,7,2012,7,JAS,-0.6000000000000006,0.3866666666666667,-0.056666666666666816,1.8384666666666665,2010.5416666666667,-0.5567255555555555,0.4133933333333353
precipitacao,24,2010,8,2012,8,ASO,-0.9600000000000005,0.39333333333333337,-0.06733333333333348,2.0015,2010.625,-61.87000000000003,-53.849999999999994
temperatura,24,2010,8,2012,8,ASO,-0.9600000000000005,0.39333333333333337,-0.06733333333333348,2.0015,2010.625,0.05306333333333768,0.9177533333333336
precipitacao,24,2010,9,2012,9,SON,-1.2166666666666672,0.24000000000000007,-0.10966666666666681,1.4451999999999998,2010.7083333333333,-61.99666666666667,-59.14999999999998
temperatura,24,2010,9,2012,9,SON,-1.2166666666666672,0.24000000000000007,-0.10966666666666681,1.4451999999999998,2010.7083333333333,-0.19143888888888938,0.6564822222222233
precipitacao,24,2010,10,2012,10,OND,-1.403333333333334,0.19333333333333338,-0.25500000000000017,1.0822666666666665,2010.7916666666667,-31.633333333333326,-26.52333333333337
temperatura,24,2010,10,2012,10,OND,-1.403333333333334,0.19333333333333338,-0.25500000000000017,1.0822666666666665,2010.7916666666667,0.39009333333333274,1.0105288888888921
precipitacao,24,2010,11,2012,11,NDJ,-1.5133333333333339,0.17000000000000007,-0.3996666666666668,1.0843333333333331,2010.875,-23.950000000000017,-38.09000000000003
temperatura,24,2010,11,2012,11,NDJ,-1.5133333333333339,0.17000000000000007,-0.3996666666666668,1.0843333333333331,2010.875,-0.641013333333337,0.15752333333333368
precipitacao,24,2010,12,2012,12,DJF,-1.5300000000000005,0.19333333333333338,-0.3813333333333335,1.0188666666666664,2010.9583333333333,22.75,-21.209999999999923
temperatura,24,2010,12,2012,12,DJF,-1.5300000000000005,0.19333333333333338,-0.3813333333333335,1.0188666666666664,2010.9583333333333,-0.43798444444444584,0.31208222222222304
precipitacao,24,2011,1,2013,1,JFM,-1.4466666666666672,0.1633333333333334,-0.17200000000000015,0.5913666666666665,2011.0416666666667,94.5766666666666,-32.66999999999996
temperatura,24,2011,1,2013,1,JFM,-1.4466666666666672,0.1633333333333334,-0.17200000000000015,0.5913666666666665,2011.0416666666667,-0.6961377777777784,-0.4276988888888873
precipitacao,24,2011,2,2013,2,FMA,-1.2766666666666673,0.19666666666666677,0.07333333333333318,0.4438666666666666,2011.125,185.81000000000006,14.726666666666688
temperatura,24,2011,2,2013,2,FMA,-1.2766666666666673,0.19666666666666677,0.07333333333333318,0.4438666666666666,2011.125,0.12505666666666926,-0.4960366666666651
precipitacao,24,2011,3,2013,3,MAM,-1.0666666666666673,0.27333333333333343,0.26633333333333314,0.27666666666666656,2011.2083333333333,159.29000000000008,43.333333333333314
temperatura,24,2011,3,2013,3,MAM,-1.0666666666666673,0.27333333333333343,0.26633333333333314,0.27666666666666656,2011.2083333333333,0.5041488888888885,-0.43183777777777266
precipitacao,24,2011,4,2013,4,AMJ,-0.8633333333333338,0.2933333333333334,0.25399999999999984,-0.030800000000000122,2011.2916666666667,116.32999999999993,61.853333333333325
temperatura,24,2011,4,2013,4,AMJ,-0.8633333333333338,0.2933333333333334,0.25399999999999984,-0.030800000000000122,2011.2916666666667,0.24930111111111586,-0.12835888888889002
precipitacao,24,2011,5,2013,5,MJJ,-0.6766666666666673,0.17333333333333342,0.14399999999999982,0.03316666666666657,2011.375,47.02666666666664,73.92999999999998
temperatura,24,2011,5,2013,5,MJJ,-0.6766666666666673,0.17333333333333342,0.14399999999999982,0.03316666666666657,2011.375,0.11902999999999864,-0.022003333333330488
precipitacao,24,2011,6,2013,6,JJA,-0.5066666666666673,0.010000000000000073,0.03999999999999985,0.09889999999999984,2011.4583333333333,17.333333333333258,38.60333333333335
temperatura,24,2011,6,2013,6,JJA,-0.5066666666666673,0.010000000000000073,0.03999999999999985,0.09889999999999984,2011.4583333333333,-0.524937777777776,-0.3353388888888915
precipitacao,24,2011,7,2013,7,JAS,-0.40333333333333393,-0.04333333333333326,0.06299999999999985,-0.07250000000000016,2011.5416666666667,-15.74666666666667,24.56666666666669
temperatura,24,2011,7,2013,7,JAS,-0.40333333333333393,-0.04333333333333326,0.06299999999999985,-0.07250000000000016,2011.5416666666667,-0.8397922222222256,-0.5049399999999977
precipitacao,24,2011,8,2013,8,ASO,-0.40333333333333393,-0.02999999999999992,0.20733333333333318,-0.895066666666667,2011.625,-65.67000000000002,12.25
temperatura,24,2011,8,2013,8,ASO,-0.40333333333333393,-0.02999999999999992,0.20733333333333318,-0.895066666666667,2011.625,-0.7725699999999982,-0.5822800000000008
precipitacao,24,2011,9,2013,9,SON,-0.5433333333333339,0.03666666666666674,0.25633333333333314,-1.2787333333333335,2011.7083333333333,-15.396666666666675,26.850000000000023
temperatura,24,2011,9,2013,9,SON,-0.5433333333333339,0.03666666666666674,0.25633333333333314,-1.2787333333333335,2011.7083333333333,-0.2891388888888855,-0.31208444444444794
precipitacao,24,2011,10,2013,10,OND,-0.733333333333334,0.05000000000000007,0.30066666666666647,-0.6879333333333335,2011.7916666666667,-93.43333333333332,-66.9233333333334
temperatura,24,2011,10,2013,10,OND,-0.733333333333334,0.05000000000000007,0.30066666666666647,-0.6879333333333335,2011.7916666666667,-0.02984000000000009,-0.24620444444444445
precipitacao,24,2011,11,2013,11,NDJ,-0.9066666666666672,-0.0266666666666666,0.2979999999999999,-0.5897666666666669,2011.875,-74.65,-198.89
temperatura,24,2011,11,2013,11,NDJ,-0.9066666666666672,-0.0266666666666666,0.2979999999999999,-0.5897666666666669,2011.875,-0.2502133333333312,0.779289999999996
precipitacao,24,2011,12,2013,12,DJF,-0.9600000000000005,-0.3033333333333333,0.18799999999999983,0.6847333333333331,2011.9583333333333,-45.849999999999966,-273.80999999999995
temperatura,24,2011,12,2013,12,DJF,-0.9600000000000005,-0.3033333333333333,0.18799999999999983,0.6847333333333331,2011.9583333333333,-0.9020511111111134,1.4593822222222244
precipitacao,24,2012,1,2014,1,JFM,-0.8833333333333339,-0.5433333333333333,0.08466666666666652,1.0830999999999997,2012.0416666666667,27.776666666666642,-259.57
temperatura,24,2012,1,2014,1,JFM,-0.8833333333333339,-0.5433333333333333,0.08466666666666652,1.0830999999999997,2012.0416666666667,-0.7467044444444433,1.6077677777777808
precipitacao,24,2012,2,2014,2,FMA,-0.7300000000000005,-0.7266666666666666,-0.05333333333333348,1.2912333333333332,2012.125,36.90999999999997,-149.97333333333336
temperatura,24,2012,2,2014,2,FMA,-0.7300000000000005,-0.7266666666666666,-0.05333333333333348,1.2912333333333332,2012.125,-1.1717433333333354,0.946196666666669
precipitacao,24,2012,3,2014,3,MAM,-0.5700000000000006,-0.6233333333333333,-0.002000000000000149,0.5249999999999997,2012.2083333333333,-38.809999999999945,-82.26666666666668
temperatura,24,2012,3,2014,3,MAM,-0.5700000000000006,-0.6233333333333333,-0.002000000000000149,0.5249999999999997,2012.2083333333333,-0.4500511111111116,0.3706288888888878
precipitacao,24,2012,4,2014,4,AMJ,-0.45000000000000057,-0.6166666666666666,-0.10766666666666681,0.2190999999999997,2012.2916666666667,-103.47000000000003,-75.14666666666666
temperatura,24,2012,4,2014,4,AMJ,-0.45000000000000057,-0.6166666666666666,-0.10766666666666681,0.2190999999999997,2012.2916666666667,-0.2833988888888861,0.5163077777777758
precipitacao,24,2012,5,2014,5,MJJ,-0.3233333333333339,-0.4833333333333332,-0.20500000000000015,0.36439999999999967,2012.375,-25.873333333333335,-64.87000000000002
temperatura,24,2012,5,2014,5,MJJ,-0.3233333333333339,-0.4833333333333332,-0.20500000000000015,0.36439999999999967,2012.375,0.2454966666666678,0.566430000000004
precipitacao,24,2012,6,2014,6,JJA,-0.16666666666666727,-0.4299999999999999,-0.2136666666666668,0.20709999999999973,2012.4583333333333,-20.066666666666663,-37.69666666666666
temperatura,24,2012,6,2014,6,JJA,-0.16666666666666727,-0.4299999999999999,-0.2136666666666668,0.20709999999999973,2012.4583333333333,-0.21633777777777752,0.4390944444444429
precipitacao,24,2012,7,2014,7,JAS,0.04333333333333276,-0.31333333333333324,0.058666666666666534,0.4049999999999998,2012.5416666666667,172.15333333333334,-12.73333333333332
temperatura,24,2012,7,2014,7,JAS,0.04333333333333276,-0.31333333333333324,0.058666666666666534,0.4049999999999998,2012.5416666666667,-0.06392555555556001,0.4950600000000023
precipitacao,24,2012,8,2014,8,ASO,0.23333333333333275,-0.27999999999999997,0.39933333333333315,0.5169999999999998,2012.625,119.53,-91.25
temperatura,24,2012,8,2014,8,ASO,0.23333333333333275,-0.27999999999999997,0.39933333333333315,0.5169999999999998,2012.625,-0.14510333333333492,0.7865199999999994
precipitacao,24,2012,9,2014,9,SON,0.34666666666666607,-0.23333333333333325,0.5503333333333332,0.7701666666666664,2012.7083333333333,118.20333333333332,-94.44999999999999
temperatura,24,2012,9,2014,9,SON,0.34666666666666607,-0.23333333333333325,0.5503333333333332,0.7701666666666664,2012.7083333333333,0.2652277777777776,0.8649155555555552
precipitacao,24,2012,10,2014,10,OND,0.34666666666666607,-0.19999999999999996,0.40499999999999986,0.20233333333333312,2012.7916666666667,-19.333333333333314,-62.32333333333338
temperatura,24,2012,10,2014,10,OND,0.34666666666666607,-0.19999999999999996,0.40499999999999986,0.20233333333333312,2012.7916666666667,0.4133933333333353,0.6383288888888927
precipitacao,24,2012,11,2014,11,NDJ,0.2599999999999994,-0.15999999999999992,0.15466666666666654,-0.527566666666667,2012.875,-53.849999999999994,-87.28999999999996
temperatura,24,2012,11,2014,11,NDJ,0.2599999999999994,-0.15999999999999992,0.15466666666666654,-0.527566666666667,2012.875,0.9177533333333336,1.0251233333333332
precipitacao,24,2012,12,2014,12,DJF,0.12666666666666607,-0.14666666666666658,0.09266666666666652,-0.9695333333333336,2012.9583333333333,-59.14999999999998,-52.809999999999945
temperatura,24,2012,12,2014,12,DJF,0.12666666666666607,-0.14666666666666658,0.09266666666666652,-0.9695333333333336,2012.9583333333333,0.6564822222222233,0.8995822222222216
precipitacao,24,2013,1,2015,1,JFM,-0.04666666666666725,-0.0666666666666666,0.034333333333333195,-0.7978000000000002,2013.0416666666667,-26.52333333333337,-8.970000000000027
temperatura,24,2013,1,2015,1,JFM,-0.04666666666666725,-0.0666666666666666,0.034333333333333195,-0.7978000000000002,2013.0416666666667,1.0105288888888921,0.684534444444445
precipitacao,24,2013,2,2015,2,FMA,-0.18333333333333393,-0.019999999999999924,0.1303333333333332,0.007699999999999781,2013.125,-38.09000000000003,91.92666666666662
temperatura,24,2013,2,2015,2,FMA,-0.18333333333333393,-0.019999999999999924,0.1303333333333332,0.007699999999999781,2013.125,0.15752333333333368,-0.1298033333333315
precipitacao,24,2013,3,2015,3,MAM,-0.2500000000000006,-0.019999999999999924,0.06899999999999985,0.7204666666666665,2013.2083333333333,-21.209999999999923,71.43333333333328
temperatura,24,2013,3,2015,3,MAM,-0.2500000000000006,-0.019999999999999924,0.06899999999999985,0.7204666666666665,2013.2083333333333,0.31208222222222304,-0.00687111111110994
precipitacao,24,2013,4,2015,4,AMJ,-0.23666666666666727,-0.02333333333333326,-0.00833333333333347,0.9003333333333331,2013.2916666666667,-32.66999999999996,-9.746666666666641
temperatura,24,2013,4,2015,4,AMJ,-0.23666666666666727,-0.02333333333333326,-0.00833333333333347,0.9003333333333331,2013.2916666666667,-0.4276988888888873,0.15914111111110785
precipitacao,24,2013,5,2015,5,MJJ,-0.24333333333333393,0.02666666666666674,-0.24000000000000013,0.7816666666666664,2013.375,14.726666666666688,30.22999999999999
temperatura,24,2013,5,2015,5,MJJ,-0.24333333333333393,0.02666666666666674,-0.24000000000000013,0.7816666666666664,2013.375,-0.4960366666666651,0.5544966666666689
precipitacao,24,2013,6,2015,6,JJA,-0.29333333333333395,0.04666666666666674,-0.4333333333333334,0.23303333333333312,2013.4583333333333,43.333333333333314,16.903333333333364
temperatura,24,2013,6,2015,6,JJA,-0.29333333333333395,0.04666666666666674,-0.4333333333333334,0.23303333333333312,2013.4583333333333,-0.43183777777777266,1.0142944444444453
precipitacao,24,2013,7,2015,7,JAS,-0.3766666666666672,0.02333333333333341,-0.3946666666666668,0.3445999999999998,2013.5416666666667,61.853333333333325,180.46666666666673
temperatura,24,2013,7,2015,7,JAS,-0.3766666666666672,0.02333333333333341,-0.3946666666666668,0.3445999999999998,2013.5416666666667,-0.12835888888889002,1.4258266666666692
precipitacao,24,2013,8,2015,8,ASO,-0.39000000000000057,-0.0033333333333332577,-0.2906666666666668,-0.2955666666666668,2013.625,73.92999999999998,89.94999999999999
temperatura,24,2013,8,2015,8,ASO,-0.39000000000000057,-0.0033333333333332577,-0.2906666666666668,-0.2955666666666668,2013.625,-0.022003333333330488,1.6646200000000029
precipitacao,24,2013,9,2015,9,SON,-0.3700000000000006,-0.03333333333333326,-0.2283333333333335,-0.7579666666666669,2013.7083333333333,38.60333333333335,188.35000000000002
temperatura,24,2013,9,2015,9,SON,-0.3700000000000006,-0.03333333333333326,-0.2283333333333335,-0.7579666666666669,2013.7083333333333,-0.3353388888888915,1.5163488888888885
precipitacao,24,2013,10,2015,10,OND,-0.2666666666666673,-0.08333333333333326,-0.22400000000000012,-1.2256000000000002,2013.7916666666667,24.56666666666669,132.97666666666657
temperatura,24,2013,10,2015,10,OND,-0.2666666666666673,-0.08333333333333326,-0.22400000000000012,-1.2256000000000002,2013.7916666666667,-0.5049399999999977,1.2805288888888917
precipitacao,24,2013,11,2015,11,NDJ,-0.19333333333333394,-0.18666666666666662,-0.09300000000000015,-0.6423666666666669,2013.875,12.25,195.21000000000004
temperatura,24,2013,11,2015,11,NDJ,-0.19333333333333394,-0.18666666666666662,-0.09300000000000015,-0.6423666666666669,2013.875,-0.5822800000000008,0.6748233333333289
precipitacao,24,2013,12,2015,12,DJF,-0.12333333333333392,-0.19999999999999993,0.05733333333333318,-0.06916666666666689,2013.9583333333333,26.850000000000023,127.69000000000017
temperatura,24,2013,12,2015,12,DJF,-0.12333333333333392,-0.19999999999999993,0.05733333333333318,-0.06916666666666689,2013.9583333333333,-0.31208444444444794,0.5256488888888917
precipitacao,24,2014,1,2016,1,JFM,-0.15666666666666726,-0.2166666666666666,0.07966666666666651,-0.1441666666666669,2014.0416666666667,-66.9233333333334,15.629999999999995
temperatura,24,2014,1,2016,1,JFM,-0.15666666666666726,-0.2166666666666666,0.07966666666666651,-0.1441666666666669,2014.0416666666667,-0.24620444444444445,0.42133444444444734
precipitacao,24,2014,2,2016,2,FMA,-0.18666666666666723,-0.14666666666666658,-0.016333333333333488,-0.09970000000000022,2014.125,-198.89,-8.673333333333403
temperatura,24,2014,2,2016,2,FMA,-0.18666666666666723,-0.14666666666666658,-0.016333333333333488,-0.09970000000000022,2014.125,0.779289999999996,1.3402966666666707
precipitacao,24,2014,3,2016,3,MAM,-0.15666666666666726,-0.1366666666666666,-0.1136666666666668,0.03553333333333312,2014.2083333333333,-273.80999999999995,-20.666666666666686
temperatura,24,2014,3,2016,3,MAM,-0.15666666666666726,-0.1366666666666666,-0.1136666666666668,0.03553333333333312,2014.2083333333333,1.4593822222222244,0.9855622222222209
precipitacao,24,2014,4,2016,4,AMJ,0.006666666666666081,-0.0866666666666666,-0.09933333333333348,0.4676333333333331,2014.2916666666667,-259.57,66.85333333333332
temperatura,24,2014,4,2016,4,AMJ,0.006666666666666081,-0.0866666666666666,-0.09933333333333348,0.4676333333333331,2014.2916666666667,1.6077677777777808,0.10454111111111075
precipitacao,24,2014,5,2016,5,MJJ,0.19333333333333272,-0.02333333333333326,-0.10033333333333348,0.2118333333333331,2014.375,-149.97333333333336,47.129999999999995
temperatura,24,2014,5,2016,5,MJJ,0.19333333333333272,-0.02333333333333326,-0.10033333333333348,0.2118333333333331,2014.375,0.946196666666669,-0.7570366666666608
precipitacao,24,2014,6,2016,6,JJA,0.2733333333333327,0.07000000000000008,-0.05933333333333348,0.3365666666666664,2014.4583333333333,-82.26666666666668,72.40333333333334
temperatura,24,2014,6,2016,6,JJA,0.2733333333333327,0.07000000000000008,-0.05933333333333348,0.3365666666666664,2014.4583333333333,0.3706288888888878,-0.5843722222222212
precipitacao,24,2014,7,2016,7,JAS,0.21333333333333274,0.06666666666666674,-0.16100000000000014,0.21433333333333307,2014.5416666666667,-75.14666666666666,-71.43333333333331
temperatura,24,2014,7,2016,7,JAS,0.21333333333333274,0.06666666666666674,-0.16100000000000014,0.21433333333333307,2014.5416666666667,0.5163077777777758,-0.09063999999999695
precipitacao,24,2014,8,2016,8,ASO,0.1199999999999994,0.03666666666666673,-0.25433333333333347,0.34309999999999974,2014.625,-64.87000000000002,25.650000000000034
temperatura,24,2014,8,2016,8,ASO,0.1199999999999994,0.03666666666666673,-0.25433333333333347,0.34309999999999974,2014.625,0.566430000000004,-0.20991333333333273
precipitacao,24,2014,9,2016,9,SON,0.12666666666666607,0.0233333333333334,-0.2933333333333335,-0.3102666666666669,2014.7083333333333,-37.69666666666666,32.75
temperatura,24,2014,9,2016,9,SON,0.12666666666666607,0.0233333333333334,-0.2933333333333335,-0.3102666666666669,2014.7083333333333,0.4390944444444429,-0.4730511111111113
precipitacao,24,2014,10,2016,10,OND,0.27333333333333276,0.0333333333333334,-0.1253333333333335,-0.40560000000000024,2014.7916666666667,-12.73333333333332,37.67666666666662
temperatura,24,2014,10,2016,10,OND,0.27333333333333276,0.0333333333333334,-0.1253333333333335,-0.40560000000000024,2014.7916666666667,0.4950600000000023,0.009728888888890452
precipitacao,24,2014,11,2016,11,NDJ,0.4833333333333327,-0.14999999999999994,0.0016666666666665172,-0.5590333333333336,2014.875,-91.25,106.11000000000001
temperatura,24,2014,11,2016,11,NDJ,0.4833333333333327,-0.14999999999999994,0.0016666666666665172,-0.5590333333333336,2014.875,0.7865199999999994,0.12015666666666647
precipitacao,24,2014,12,2016,12,DJF,0.6699999999999994,-0.3133333333333333,0.06533333333333319,0.25466666666666643,2014.9583333333333,-94.44999999999999,-55.50999999999999
temperatura,24,2014,12,2016,12,DJF,0.6699999999999994,-0.3133333333333333,0.06533333333333319,0.25466666666666643,2014.9583333333333,0.8649155555555552,0.40858222222222196
precipitacao,24,2015,1,2017,1,JFM,0.7433333333333327,-0.25999999999999995,-0.015000000000000147,0.49256666666666643,2015.0416666666667,-62.32333333333338,-2.769999999999982
temperatura,24,2015,1,2017,1,JFM,0.7433333333333327,-0.25999999999999995,-0.015000000000000147,0.49256666666666643,2015.0416666666667,0.6383288888888927,-0.0645322222222191
precipitacao,24,2015,2,2017,2,FMA,0.7266666666666661,-0.04333333333333326,-0.13300000000000015,1.071133333333333,2015.125,-87.28999999999996,-96.07333333333338
temperatura,24,2015,2,2017,2,FMA,0.7266666666666661,-0.04333333333333326,-0.13300000000000015,1.071133333333333,2015.125,1.0251233333333332,-0.4045033333333308
precipitacao,24,2015,3,2017,3,MAM,0.6999999999999994,0.046666666666666745,-0.2286666666666668,0.8881666666666663,2015.2083333333333,-52.809999999999945,42.833333333333314
temperatura,24,2015,3,2017,3,MAM,0.6999999999999994,0.046666666666666745,-0.2286666666666668,0.8881666666666663,2015.2083333333333,0.8995822222222216,-0.47980444444444004
precipitacao,24,2015,4,2017,4,AMJ,0.7433333333333327,0.030000000000000072,-0.19800000000000015,1.0061333333333329,2015.2916666666667,-8.970000000000027,26.55333333333337
temperatura,24,2015,4,2017,4,AMJ,0.7433333333333327,0.030000000000000072,-0.19800000000000015,1.0061333333333329,2015.2916666666667,0.684534444444445,-0.33729222222222077
precipitacao,24,2015,5,2017,5,MJJ,0.8733333333333327,0.016666666666666743,-0.0030000000000001505,0.7391666666666663,2015.375,91.92666666666662,-39.670000000000016
temperatura,24,2015,5,2017,5,MJJ,0.8733333333333327,0.016666666666666743,-0.0030000000000001505,0.7391666666666663,2015.375,-0.1298033333333315,-0.45283666666666633
precipitacao,24,2015,6,2017,6,JJA,1.0299999999999994,0.07666666666666674,0.17599999999999985,0.7184999999999997,2015.4583333333333,71.43333333333328,-65.29666666666665
temperatura,24,2015,6,2017,6,JJA,1.0299999999999994,0.07666666666666674,0.17599999999999985,0.7184999999999997,2015.4583333333333,-0.00687111111110994,-0.8726388888888881
precipitacao,24,2015,7,2017,7,JAS,1.2233333333333327,-0.0033333333333332624,0.25366666666666654,0.9349666666666664,2015.5416666666667,-9.746666666666641,-108.13333333333333
temperatura,24,2015,7,2017,7,JAS,1.2233333333333327,-0.0033333333333332624,0.25366666666666654,0.9349666666666664,2015.5416666666667,0.15914111111110785,-0.43000666666666376
precipitacao,24,2015,8,2017,8,ASO,1.4533333333333325,-0.14333333333333326,0.3629999999999998,1.1503666666666665,2015.625,30.22999999999999,-101.75
temperatura,24,2015,8,2017,8,ASO,1.4533333333333325,-0.14333333333333326,0.3629999999999998,1.1503666666666665,2015.625,0.5544966666666689,0.1818866666666672
precipitacao,24,2015,9,2017,9,SON,1.7299999999999993,-0.2299999999999999,0.3623333333333332,1.0940666666666663,2015.7083333333333,16.903333333333364,-147.64999999999998
temperatura,24,2015,9,2017,9,SON,1.7299999999999993,-0.2299999999999999,0.3623333333333332,1.0940666666666663,2015.7083333333333,1.0142944444444453,0.2652488888888911
precipitacao,24,2015,10,2017,10,OND,2.0099999999999993,-0.14666666666666658,0.4479999999999998,0.47809999999999975,2015.7916666666667,180.46666666666673,-105.62333333333339
temperatura,24,2015,10,2017,10,OND,2.0099999999999993,-0.14666666666666658,0.4479999999999998,0.47809999999999975,2015.7916666666667,1.4258266666666692,-0.24917111111111012
precipitacao,24,2015,11,2017,11,NDJ,2.2499999999999996,0.020000000000000073,0.3743333333333332,0.3559666666666664,2015.875,89.94999999999999,-77.49000000000001
temperatura,24,2015,11,2017,11,NDJ,2.2499999999999996,0.020000000000000073,0.3743333333333332,0.3559666666666664,2015.875,1.6646200000000029,-0.6624100000000013
precipitacao,24,2015,12,2017,12,DJF,2.4399999999999995,0.23000000000000007,0.3669999999999998,0.15553333333333305,2015.9583333333333,188.35000000000002,-144.70999999999998
temperatura,24,2015,12,2017,12,DJF,2.4399999999999995,0.23000000000000007,0.3669999999999998,0.15553333333333305,2015.9583333333333,1.5163488888888885,-0.9423844444444462
precipitacao,24,2016,1,2018,1,JFM,2.513333333333333,0.3666666666666667,0.29466666666666647,0.6760999999999996,2016.0416666666667,132.97666666666657,-172.16999999999996
temperatura,24,2016,1,2018,1,JFM,2.513333333333333,0.3666666666666667,0.29466666666666647,0.6760999999999996,2016.0416666666667,1.2805288888888917,-0.5563655555555513
precipitacao,24,2016,2,2018,2,FMA,2.4333333333333322,0.4100000000000001,0.14233333333333317,0.808733333333333,2016.125,195.21000000000004,-190.17333333333335
temperatura,24,2016,2,2018,2,FMA,2.4333333333333322,0.4100000000000001,0.14233333333333317,0.808733333333333,2016.125,0.6748233333333289,-0.5032033333333317
precipitacao,24,2016,3,2018,3,MAM,2.1333333333333324,0.34666666666666673,0.048999999999999856,1.5077999999999996,2016.2083333333333,127.69000000000017,-111.76666666666668
temperatura,24,2016,3,2018,3,MAM,2.1333333333333324,0.34666666666666673,0.048999999999999856,1.5077999999999996,2016.2083333333333,0.5256488888888917,0.10789555555555808
precipitacao,24,2016,4,2018,4,AMJ,1.6699999999999993,0.21666666666666676,0.009333333333333185,1.0761666666666665,2016.2916666666667,15.629999999999995,-64.94666666666666
temperatura,24,2016,4,2018,4,AMJ,1.6699999999999993,0.21666666666666676,0.009333333333333185,1.0761666666666665,2016.2916666666667,0.42133444444444734,0.08510777777777534
precipitacao,24,2016,5,2018,5,MJJ,1.1233333333333329,0.11333333333333341,0.008333333333333188,0.7158666666666664,2016.375,-8.673333333333403,-60.37000000000003
temperatura,24,2016,5,2018,5,MJJ,1.1233333333333329,0.11333333333333341,0.008333333333333188,0.7158666666666664,2016.375,1.3402966666666707,0.5237633333333349
precipitacao,24,2016,6,2018,6,JJA,0.5899999999999994,0.1533333333333334,-0.13666666666666683,0.8916,2016.4583333333333,-20.666666666666686,-2.1966666666666583
temperatura,24,2016,6,2018,6,JJA,0.5899999999999994,0.1533333333333334,-0.13666666666666683,0.8916,2016.4583333333333,0.9855622222222209,-0.09493888888889046
precipitacao,24,2016,7,2018,7,JAS,0.15666666666666607,0.25000000000000006,-0.43766666666666687,0.9948333333333332,2016.5416666666667,66.85333333333332,-14.033333333333331
temperatura,24,2016,7,2018,7,JAS,0.15666666666666607,0.25000000000000006,-0.43766666666666687,0.9948333333333332,2016.5416666666667,0.10454111111111075,-0.5845066666666625
precipitacao,24,2016,8,2018,8,ASO,-0.14666666666666728,0.35666666666666674,-0.5476666666666669,0.7445333333333332,2016.625,47.129999999999995,28.849999999999966
temperatura,24,2016,8,2018,8,ASO,-0.14666666666666728,0.35666666666666674,-0.5476666666666669,0.7445333333333332,2016.625,-0.7570366666666608,-1.1790800000000026
precipitacao,24,2016,9,2018,9,SON,-0.31666666666666726,0.2700000000000001,-0.5456666666666669,0.6669666666666666,2016.7083333333333,72.40333333333334,6.75
temperatura,24,2016,9,2018,9,SON,-0.31666666666666726,0.2700000000000001,-0.5456666666666669,0.6669666666666666,2016.7083333333333,-0.5843722222222212,-0.8125511111111123
precipitacao,24,2016,10,2018,10,OND,-0.42333333333333395,0.2266666666666667,-0.4170000000000001,0.47236666666666655,2016.7916666666667,-71.43333333333331,-78.4233333333334
temperatura,24,2016,10,2018,10,OND,-0.42333333333333395,0.2266666666666667,-0.4170000000000001,0.47236666666666655,2016.7916666666667,-0.09063999999999695,-0.39500444444444227
precipitacao,24,2016,11,2018,11,NDJ,-0.4733333333333339,0.15000000000000005,-0.3966666666666668,0.21596666666666656,2016.875,25.650000000000034,-153.99
temperatura,24,2016,11,2018,11,NDJ,-0.4733333333333339,0.15000000000000005,-0.3966666666666668,0.21596666666666656,2016.875,-0.20991333333333273,0.5208233333333325
precipitacao,24,2016,12,2018,12,DJF,-0.4566666666666673,0.25000000000000006,-0.35433333333333344,-0.7987000000000002,2016.9583333333333,32.75,-60.70999999999992
temperatura,24,2016,12,2018,12,DJF,-0.4566666666666673,0.25000000000000006,-0.35433333333333344,-0.7987000000000002,2016.9583333333333,-0.4730511111111113,0.4928155555555591
precipitacao,24,2017,1,2019,1,JFM,-0.3133333333333339,0.2533333333333334,-0.25933333333333347,-1.0670333333333335,2017.0416666666667,37.67666666666662,25.83000000000004
temperatura,24,2017,1,2019,1,JFM,-0.3133333333333339,0.2533333333333334,-0.25933333333333347,-1.0670333333333335,2017.0416666666667,0.009728888888890452,0.2852677777777828
precipitacao,24,2017,2,2019,2,FMA,-0.12333333333333392,0.1600000000000001,-0.09833333333333348,-0.5694333333333335,2017.125,106.11000000000001,143.42666666666662
temperatura,24,2017,2,2019,2,FMA,-0.12333333333333392,0.1600000000000001,-0.09833333333333348,-0.5694333333333335,2017.125,0.12015666666666647,-0.15060333333333276
precipitacao,24,2017,3,2019,3,MAM,0.08999999999999941,0.0033333333333334103,0.12399999999999985,-0.2803333333333335,2017.2083333333333,-55.50999999999999,48.333333333333314
temperatura,24,2017,3,2019,3,MAM,0.08999999999999941,0.0033333333333334103,0.12399999999999985,-0.2803333333333335,2017.2083333333333,0.40858222222222196,0.5092288888888916
precipitacao,24,2017,4,2019,4,AMJ,0.22333333333333275,-0.049999999999999926,0.3186666666666665,0.2534666666666665,2017.2916666666667,-2.769999999999982,18.353333333333325
temperatura,24,2017,4,2019,4,AMJ,0.22333333333333275,-0.049999999999999926,0.3186666666666665,0.2534666666666665,2017.2916666666667,-0.0645322222222191,0.7513744444444441
precipitacao,24,2017,5,2019,5,MJJ,0.31333333333333274,0.05000000000000007,0.4636666666666665,0.6093666666666665,2017.375,-96.07333333333338,25.829999999999956
temperatura,24,2017,5,2019,5,MJJ,0.31333333333333274,0.05000000000000007,0.4636666666666665,0.6093666666666665,2017.375,-0.4045033333333308,0.231696666666668
precipitacao,24,2017,6,2019,6,JJA,0.3299999999999994,0.15666666666666673,0.4859999999999998,0.7394666666666666,2017.4583333333333,42.833333333333314,9.903333333333336
temperatura,24,2017,6,2019,6,JJA,0.3299999999999994,0.15666666666666673,0.4859999999999998,0.7394666666666666,2017.4583333333333,-0.47980444444444004,-0.5257055555555539
precipitacao,24,2017,7,2019,7,JAS,0.2699999999999994,0.16000000000000006,0.4933333333333332,0.7758666666666665,2017.5416666666667,26.55333333333337,-8.033333333333331
temperatura,24,2017,7,2019,7,JAS,0.2699999999999994,0.16000000000000006,0.4933333333333332,0.7758666666666665,2017.5416666666667,-0.33729222222222077,-0.5819399999999995
precipitacao,24,2017,8,2019,8,ASO,0.12999999999999942,0.25000000000000006,0.4309999999999998,0.6796333333333332,2017.625,-39.670000000000016,-123.55000000000001
temperatura,24,2017,8,2019,8,ASO,0.12999999999999942,0.25000000000000006,0.4309999999999998,0.6796333333333332,2017.625,-0.45283666666666633,0.08375333333333401
precipitacao,24,2017,9,2019,9,SON,-0.05333333333333393,0.2033333333333334,0.3013333333333332,0.9295333333333332,2017.7083333333333,-65.29666666666665,-142.74999999999997
temperatura,24,2017,9,2019,9,SON,-0.05333333333333393,0.2033333333333334,0.3013333333333332,0.9295333333333332,2017.7083333333333,-0.8726388888888881,0.41158222222222207
precipitacao,24,2017,10,2019,10,OND,-0.24666666666666726,0.2333333333333334,0.13299999999999984,0.49753333333333316,2017.7916666666667,-108.13333333333333,-185.22333333333336
temperatura,24,2017,10,2019,10,OND,-0.24666666666666726,0.2333333333333334,0.13299999999999984,0.49753333333333316,2017.7916666666667,-0.43000666666666376,0.1426622222222278
precipitacao,24,2017,11,2019,11,NDJ,-0.42666666666666725,0.11000000000000008,0.11299999999999984,0.4996999999999998,2017.875,-101.75,-74.78999999999996
temperatura,24,2017,11,2019,11,NDJ,-0.42666666666666725,0.11000000000000008,0.11299999999999984,0.4996999999999998,2017.875,0.1818866666666672,-0.37380999999999887
precipitacao,24,2017,12,2019,12,DJF,-0.6033333333333339,0.04000000000000008,0.13799999999999982,0.3956333333333331,2017.9583333333333,-147.64999999999998,21.790000000000077
temperatura,24,2017,12,2019,12,DJF,-0.6033333333333339,0.04000000000000008,0.13799999999999982,0.3956333333333331,2017.9583333333333,0.2652488888888911,-0.8577511111111136
precipitacao,24,2018,1,2020,1,JFM,-0.6933333333333339,0.0733333333333334,0.06633333333333317,1.0098999999999998,2018.0416666666667,-105.62333333333339,29.230000000000018
temperatura,24,2018,1,2020,1,JFM,-0.6933333333333339,0.0733333333333334,0.06633333333333317,1.0098999999999998,2018.0416666666667,-0.24917111111111012,-1.1835655555555533
precipitacao,24,2018,2,2020,2,FMA,-0.7133333333333339,-0.023333333333333272,0.04199999999999984,1.1000666666666665,2018.125,-77.49000000000001,-62.97333333333336
temperatura,24,2018,2,2020,2,FMA,-0.7133333333333339,-0.023333333333333272,0.04199999999999984,1.1000666666666665,2018.125,-0.6624100000000013,-1.4668366666666657
precipitacao,24,2018,3,2020,3,MAM,-0.643333333333334,-0.05333333333333327,-0.034666666666666825,0.8189333333333332,2018.2083333333333,-144.70999999999998,-151.7666666666667
temperatura,24,2018,3,2020,3,MAM,-0.643333333333334,-0.05333333333333327,-0.034666666666666825,0.8189333333333332,2018.2083333333333,-0.9423844444444462,-1.471537777777776
precipitacao,24,2018,4,2020,4,AMJ,-0.523333333333334,-0.15999999999999992,0.00433333333333318,0.005133333333333212,2018.2916666666667,-172.16999999999996,-70.84666666666666
temperatura,24,2018,4,2020,4,AMJ,-0.523333333333334,-0.15999999999999992,0.00433333333333318,0.005133333333333212,2018.2916666666667,-0.5563655555555513,-0.5224255555555608
precipitacao,24,2018,5,2020,5,MJJ,-0.3233333333333339,-0.09333333333333327,-0.027000000000000152,-0.36743333333333345,2018.375,-190.17333333333335,-64.57000000000002
temperatura,24,2018,5,2020,5,MJJ,-0.3233333333333339,-0.09333333333333327,-0.027000000000000152,-0.36743333333333345,2018.375,-0.5032033333333317,0.21069666666667075
precipitacao,24,2018,6,2020,6,JJA,-0.09666666666666725,0.016666666666666736,0.06466666666666651,-0.41823333333333346,2018.4583333333333,-111.76666666666668,7.603333333333353
temperatura,24,2018,6,2020,6,JJA,-0.09666666666666725,0.016666666666666736,0.06466666666666651,-0.41823333333333346,2018.4583333333333,0.10789555555555808,0.4188944444444438
precipitacao,24,2018,7,2020,7,JAS,0.08666666666666607,0.06666666666666674,0.10999999999999983,0.09609999999999985,2018.5416666666667,-64.94666666666666,-63.23333333333332
temperatura,24,2018,7,2020,7,JAS,0.08666666666666607,0.06666666666666674,0.10999999999999983,0.09609999999999985,2018.5416666666667,0.08510777777777534,0.6370933333333326
precipitacao,24,2018,8,2020,8,ASO,0.2099999999999994,0.16000000000000006,0.10966666666666651,0.0073666666666665215,2018.625,-60.37000000000003,-23.350000000000023
temperatura,24,2018,8,2020,8,ASO,0.2099999999999994,0.16000000000000006,0.10966666666666651,0.0073666666666665215,2018.625,0.5237633333333349,0.5812533333333327
precipitacao,24,2018,9,2020,9,SON,0.3399999999999994,0.18000000000000008,0.2593333333333332,0.4974666666666665,2018.7083333333333,-2.1966666666666583,-100.85
temperatura,24,2018,9,2020,9,SON,0.3399999999999994,0.18000000000000008,0.2593333333333332,0.4974666666666665,2018.7083333333333,-0.09493888888889046,0.5395155555555533
precipitacao,24,2018,10,2020,10,OND,0.5466666666666661,0.2433333333333334,0.46966666666666645,0.5486333333333332,2018.7916666666667,-14.033333333333331,-70.02333333333343
temperatura,24,2018,10,2020,10,OND,0.5466666666666661,0.2433333333333334,0.46966666666666645,0.5486333333333332,2018.7916666666667,-0.5845066666666625,-0.13447111111111099
precipitacao,24,2018,11,2020,11,NDJ,0.7933333333333327,0.2433333333333334,0.5959999999999998,0.9931333333333332,2018.875,28.849999999999966,-80.78999999999996
temperatura,24,2018,11,2020,11,NDJ,0.7933333333333327,0.2433333333333334,0.5959999999999998,0.9931333333333332,2018.875,-1.1790800000000026,-0.19931000000000054
precipitacao,24,2018,12,2020,12,DJF,0.9699999999999994,0.30666666666666675,0.49766666666666654,0.8169666666666665,2018.9583333333333,6.75,-56.40999999999997
temperatura,24,2018,12,2020,12,DJF,0.9699999999999994,0.30666666666666675,0.49766666666666654,0.8169666666666665,2018.9583333333333,-0.8125511111111123,-0.2836511111111122
precipitacao,24,2019,1,2021,1,JFM,1.0266666666666662,0.3400000000000001,0.3986666666666665,0.8657666666666666,2019.0416666666667,-78.4233333333334,-80.37
temperatura,24,2019,1,2021,1,JFM,1.0266666666666662,0.3400000000000001,0.3986666666666665,0.8657666666666666,2019.0416666666667,-0.39500444444444227,-0.13203222222222166
precipitacao,24,2019,2,2021,2,FMA,0.9933333333333328,0.40666666666666673,0.37066666666666653,0.36899999999999983,2019.125,-153.99,-62.673333333333346
temperatura,24,2019,2,2021,2,FMA,0.9933333333333328,0.40666666666666673,0.37066666666666653,0.36899999999999983,2019.125,0.5208233333333325,-0.9315366666666627
precipitacao,24,2019,3,2021,3,MAM,0.9333333333333328,0.49666666666666676,0.3426666666666665,0.3072333333333332,2019.2083333333333,-60.70999999999992,-75.4666666666667
temperatura,24,2019,3,2021,3,MAM,0.9333333333333328,0.49666666666666676,0.3426666666666665,0.3072333333333332,2019.2083333333333,0.4928155555555591,-0.7092711111111072
precipitacao,24,2019,4,2021,4,AMJ,0.876666666666666,0.47333333333333344,0.2996666666666665,0.19359999999999988,2019.2916666666667,25.83000000000004,-56.04666666666665
temperatura,24,2019,4,2021,4,AMJ,0.876666666666666,0.47333333333333344,0.2996666666666665,0.19359999999999988,2019.2916666666667,0.2852677777777828,-1.1236255555555559
precipitacao,24,2019,5,2021,5,MJJ,0.7999999999999995,0.4400000000000001,0.3409999999999999,0.4716666666666665,2019.375,143.42666666666662,-84.87000000000002
temperatura,24,2019,5,2021,5,MJJ,0.7999999999999995,0.4400000000000001,0.3409999999999999,0.4716666666666665,2019.375,-0.15060333333333276,-1.150603333333331
precipitacao,24,2019,6,2021,6,JJA,0.7066666666666661,0.30666666666666675,0.4676666666666665,0.7117999999999999,2019.4583333333333,48.333333333333314,-62.596666666666664
temperatura,24,2019,6,2021,6,JJA,0.7066666666666661,0.30666666666666675,0.4676666666666665,0.7117999999999999,2019.4583333333333,0.5092288888888916,-0.913405555555558
precipitacao,24,2019,7,2021,7,JAS,0.5599999999999995,0.27333333333333343,0.5806666666666666,0.46996666666666664,2019.5416666666667,18.353333333333325,-117.33333333333331
temperatura,24,2019,7,2021,7,JAS,0.5599999999999995,0.27333333333333343,0.5806666666666666,0.46996666666666664,2019.5416666666667,0.7513744444444441,-0.20410666666666444
precipitacao,24,2019,8,2021,8,ASO,0.38999999999999946,0.2433333333333334,0.5459999999999998,-0.0017000000000000348,2019.625,25.829999999999956,-39.95000000000002
temperatura,24,2019,8,2021,8,ASO,0.38999999999999946,0.2433333333333334,0.5459999999999998,-0.0017000000000000348,2019.625,0.231696666666668,-0.07284666666666695
precipitacao,24,2019,9,2021,9,SON,0.29666666666666613,0.2633333333333334,0.6416666666666665,-0.30236666666666684,2019.7083333333333,9.903333333333336,-124.54999999999998
temperatura,24,2019,9,2021,9,SON,0.29666666666666613,0.2633333333333334,0.6416666666666665,-0.30236666666666684,2019.7083333333333,-0.5257055555555539,-0.42791777777777895
precipitacao,24,2019,10,2021,10,OND,0.33999999999999947,0.2666666666666668,0.7639999999999999,-0.48086666666666683,2019.7916666666667,-8.033333333333331,-30.32333333333338
temperatura,24,2019,10,2021,10,OND,0.33999999999999947,0.2666666666666668,0.7639999999999999,-0.48086666666666683,2019.7916666666667,-0.5819399999999995,-1.3338377777777737
precipitacao,24,2019,11,2021,11,NDJ,0.5133333333333329,0.4833333333333334,0.8969999999999999,-0.7340000000000003,2019.875,-123.55000000000001,-8.889999999999986
temperatura,24,2019,11,2021,11,NDJ,0.5133333333333329,0.4833333333333334,0.8969999999999999,-0.7340000000000003,2019.875,0.08375333333333401,-0.976110000000002
precipitacao,24,2019,12,2021,12,DJF,0.6599999999999995,0.6400000000000001,0.6806666666666664,-1.3749666666666667,2019.9583333333333,-142.74999999999997,7.290000000000077
temperatura,24,2019,12,2021,12,DJF,0.6599999999999995,0.6400000000000001,0.6806666666666664,-1.3749666666666667,2019.9583333333333,0.41158222222222207,-1.0210177777777787
precipitacao,24,2020,1,2022,1,JFM,0.7266666666666661,0.8733333333333334,0.4169999999999998,-1.1436333333333335,2020.0416666666667,-185.22333333333336,-0.9699999999999136
temperatura,24,2020,1,2022,1,JFM,0.7266666666666661,0.8733333333333334,0.4169999999999998,-1.1436333333333335,2020.0416666666667,0.1426622222222278,-0.261865555555552
precipitacao,24,2020,2,2022,2,FMA,0.7066666666666661,0.7733333333333334,0.1566666666666665,-0.43883333333333346,2020.125,-74.78999999999996,-58.87333333333339
temperatura,24,2020,2,2022,2,FMA,0.7066666666666661,0.7733333333333334,0.1566666666666665,-0.43883333333333346,2020.125,-0.37380999999999887,-0.2842699999999958
precipitacao,24,2020,3,2022,3,MAM,0.6466666666666662,0.6100000000000001,0.08199999999999985,0.4899333333333331,2020.2083333333333,21.790000000000077,-23.26666666666671
temperatura,24,2020,3,2022,3,MAM,0.6466666666666662,0.6100000000000001,0.08199999999999985,0.4899333333333331,2020.2083333333333,-0.8577511111111136,-0.3063377777777774
precipitacao,24,2020,4,2022,4,AMJ,0.5199999999999995,0.43,0.020666666666666517,0.4085999999999998,2020.2916666666667,29.230000000000018,-36.74666666666667
temperatura,24,2020,4,2022,4,AMJ,0.5199999999999995,0.43,0.020666666666666517,0.4085999999999998,2020.2916666666667,-1.1835655555555533,-0.8785255555555587
precipitacao,24,2020,5,2022,5,MJJ,0.3133333333333328,0.41666666666666674,0.10199999999999985,0.5092666666666664,2020.375,-62.97333333333336,-81.27000000000004
temperatura,24,2020,5,2022,5,MJJ,0.3133333333333328,0.41666666666666674,0.10199999999999985,0.5092666666666664,2020.375,-1.4668366666666657,-0.36860333333333273
precipitacao,24,2020,6,2022,6,JJA,0.06333333333333283,0.4100000000000001,0.24733333333333318,0.39073333333333315,2020.4583333333333,-151.7666666666667,-41.89666666666666
temperatura,24,2020,6,2022,6,JJA,0.06333333333333283,0.4100000000000001,0.24733333333333318,0.39073333333333315,2020.4583333333333,-1.471537777777776,-0.4464722222222228
precipitacao,24,2020,7,2022,7,JAS,-0.14333333333333384,0.3700000000000001,0.3573333333333332,0.3669999999999998,2020.5416666666667,-70.84666666666666,-2.0333333333333314
temperatura,24,2020,7,2022,7,JAS,-0.14333333333333384,0.3700000000000001,0.3573333333333332,0.3669999999999998,2020.5416666666667,-0.5224255555555608,-0.9927399999999942
precipitacao,24,2020,8,2022,8,ASO,-0.3000000000000005,0.2933333333333334,0.19699999999999984,-0.06536666666666684,2020.625,-64.57000000000002,81.94999999999999
temperatura,24,2020,8,2022,8,ASO,-0.3000000000000005,0.2933333333333334,0.19699999999999984,-0.06536666666666684,2020.625,0.21069666666667075,-1.5012800000000013
precipitacao,24,2020,9,2022,9,SON,-0.4966666666666672,0.2266666666666667,-0.017666666666666813,-0.35753333333333354,2020.7083333333333,7.603333333333353,62.650000000000034
temperatura,24,2020,9,2022,9,SON,-0.4966666666666672,0.2266666666666667,-0.017666666666666813,-0.35753333333333354,2020.7083333333333,0.4188944444444438,-1.838617777777781
precipitacao,24,2020,10,2022,10,OND,-0.7333333333333338,0.18666666666666676,-0.09933333333333348,0.24579999999999988,2020.7916666666667,-63.23333333333332,104.47666666666657
temperatura,24,2020,10,2022,10,OND,-0.7333333333333338,0.18666666666666676,-0.09933333333333348,0.24579999999999988,2020.7916666666667,0.6370933333333326,-1.3988711111111094
precipitacao,24,2020,11,2022,11,NDJ,-0.9600000000000005,0.06666666666666675,-0.031666666666666815,0.7570333333333332,2020.875,-23.350000000000023,47.20999999999992
temperatura,24,2020,11,2022,11,NDJ,-0.9600000000000005,0.06666666666666675,-0.031666666666666815,0.7570333333333332,2020.875,0.5812533333333327,-1.6314433333333334
precipitacao,24,2020,12,2022,12,DJF,-1.0566666666666673,-0.08999999999999993,0.04166666666666652,1.1860333333333333,2020.9583333333333,-100.85,131.09000000000003
temperatura,24,2020,12,2022,12,DJF,-1.0566666666666673,-0.08999999999999993,0.04166666666666652,1.1860333333333333,2020.9583333333333,0.5395155555555533,-1.0703844444444464
precipitacao,24,2021,1,2023,1,JFM,-1.053333333333334,-0.18666666666666662,0.03399999999999985,1.1130333333333333,2021.0416666666667,-70.02333333333343,67.73000000000002
temperatura,24,2021,1,2023,1,JFM,-1.053333333333334,-0.18666666666666662,0.03399999999999985,1.1130333333333333,2021.0416666666667,-0.13447111111111099,-0.5972655555555555
precipitacao,24,2021,2,2023,2,FMA,-0.9666666666666671,-0.2766666666666666,0.10833333333333317,1.2897999999999998,2021.125,-80.78999999999996,143.12666666666667
temperatura,24,2021,2,2023,2,FMA,-0.9666666666666671,-0.2766666666666666,0.10833333333333317,1.2897999999999998,2021.125,-0.19931000000000054,-0.7120366666666627
precipitacao,24,2021,3,2023,3,MAM,-0.8600000000000004,-0.21999999999999995,0.18699999999999983,0.8246333333333332,2021.2083333333333,-56.40999999999997,65.13333333333333
temperatura,24,2021,3,2023,3,MAM,-0.8600000000000004,-0.21999999999999995,0.18699999999999983,0.8246333333333332,2021.2083333333333,-0.2836511111111122,-0.5718044444444459
precipitacao,24,2021,4,2023,4,AMJ,-0.7166666666666672,-0.15999999999999992,0.2533333333333332,0.7522333333333332,2021.2916666666667,-80.37,16.853333333333353
temperatura,24,2021,4,2023,4,AMJ,-0.7166666666666672,-0.15999999999999992,0.2533333333333332,0.7522333333333332,2021.2916666666667,-0.13203222222222166,-0.9102588888888867
precipitacao,24,2021,5,2023,5,MJJ,-0.5666666666666672,0.08666666666666673,0.17533333333333315,0.40899999999999986,2021.375,-62.673333333333346,-66.97000000000001
temperatura,24,2021,5,2023,5,MJJ,-0.5666666666666672,0.08666666666666673,0.17533333333333315,0.40899999999999986,2021.375,-0.9315366666666627,-0.3897366666666606
precipitacao,24,2021,6,2023,6,JJA,-0.42333333333333384,0.3500000000000001,0.0856666666666665,0.7734666666666664,2021.4583333333333,-75.4666666666667,-55.596666666666664
temperatura,24,2021,6,2023,6,JJA,-0.42333333333333384,0.3500000000000001,0.0856666666666665,0.7734666666666664,2021.4583333333333,-0.7092711111111072,-0.023505555555555446
precipitacao,24,2021,7,2023,7,JAS,-0.3533333333333339,0.6166666666666667,-0.07400000000000016,0.34449999999999986,2021.5416666666667,-56.04666666666665,-77.83333333333331
temperatura,24,2021,7,2023,7,JAS,-0.3533333333333339,0.6166666666666667,-0.07400000000000016,0.34449999999999986,2021.5416666666667,-1.1236255555555559,1.1457933333333372
precipitacao,24,2021,8,2023,8,ASO,-0.3733333333333338,0.7200000000000001,-0.11000000000000017,0.16429999999999986,2021.625,-84.87000000000002,30.55000000000001
temperatura,24,2021,8,2023,8,ASO,-0.3733333333333338,0.7200000000000001,-0.11000000000000017,0.16429999999999986,2021.625,-1.150603333333331,1.3265199999999986
precipitacao,24,2021,9,2023,9,SON,-0.48333333333333384,0.67,-0.12866666666666685,0.21669999999999986,2021.7083333333333,-62.596666666666664,20.850000000000023
temperatura,24,2021,9,2023,9,SON,-0.48333333333333384,0.67,-0.12866666666666685,0.21669999999999986,2021.7083333333333,-0.913405555555558,1.7368155555555518
precipitacao,24,2021,10,2023,10,OND,-0.6233333333333338,0.5233333333333334,-0.08266666666666683,0.5209333333333331,2021.7916666666667,-117.33333333333331,-35.723333333333414
temperatura,24,2021,10,2023,10,OND,-0.6233333333333338,0.5233333333333334,-0.08266666666666683,0.5209333333333331,2021.7916666666667,-0.20410666666666444,1.2508955555555588
precipitacao,24,2021,11,2023,11,NDJ,-0.7733333333333339,0.39000000000000007,-0.026666666666666828,1.0369,2021.875,-39.95000000000002,-140.49
temperatura,24,2021,11,2023,11,NDJ,-0.7733333333333339,0.39000000000000007,-0.026666666666666828,1.0369,2021.875,-0.07284666666666695,1.03872333333333
precipitacao,24,2021,12,2023,12,DJF,-0.8366666666666672,0.24666666666666673,-0.0473333333333335,1.3096999999999996,2021.9583333333333,-124.54999999999998,-132.10999999999996
temperatura,24,2021,12,2023,12,DJF,-0.8366666666666672,0.24666666666666673,-0.0473333333333335,1.3096999999999996,2021.9583333333333,-0.42791777777777895,0.2808155555555558
precipitacao,24,2022,1,2024,1,JFM,-0.8333333333333339,0.1533333333333334,-0.035666666666666826,1.4336999999999998,2022.0416666666667,-30.32333333333338,-52.97000000000003
temperatura,24,2022,1,2024,1,JFM,-0.8333333333333339,0.1533333333333334,-0.035666666666666826,1.4336999999999998,2022.0416666666667,-1.3338377777777737,0.11953444444444727
precipitacao,24,2022,2,2024,2,FMA,-0.7566666666666672,0.2000000000000001,-0.08600000000000017,1.2077333333333329,2022.125,-8.889999999999986,-25.073333333333323
temperatura,24,2022,2,2024,2,FMA,-0.7566666666666672,0.2000000000000001,-0.08600000000000017,1.2077333333333329,2022.125,-0.976110000000002,0.44229666666666745
precipitacao,24,2022,3,2024,3,MAM,-0.7366666666666672,0.27333333333333343,-0.07700000000000017,0.6755999999999998,2022.2083333333333,7.290000000000077,-44.56666666666669
temperatura,24,2022,3,2024,3,MAM,-0.7366666666666672,0.27333333333333343,-0.07700000000000017,0.6755999999999998,2022.2083333333333,-1.0210177777777787,1.4076288888888904
precipitacao,24,2022,4,2024,4,AMJ,-0.7700000000000005,0.2766666666666668,-0.08100000000000017,0.577833333333333,2022.2916666666667,-0.9699999999999136,-76.14666666666668
temperatura,24,2022,4,2024,4,AMJ,-0.7700000000000005,0.2766666666666668,-0.08100000000000017,0.577833333333333,2022.2916666666667,-0.261865555555552,1.729207777777777
precipitacao,24,2022,5,2024,5,MJJ,-0.8200000000000004,0.12666666666666673,-0.09433333333333349,0.39559999999999973,2022.375,-58.87333333333339,-84.27000000000002
temperatura,24,2022,5,2024,5,MJJ,-0.8200000000000004,0.12666666666666673,-0.09433333333333349,0.39559999999999973,2022.375,-0.2842699999999958,1.3799633333333325
precipitacao,24,2022,6,2024,6,JJA,-0.8066666666666671,0.1533333333333334,-0.17500000000000018,-0.08096666666666692,2022.4583333333333,-23.26666666666671,-39.096666666666664
temperatura,24,2022,6,2024,6,JJA,-0.8066666666666671,0.1533333333333334,-0.17500000000000018,-0.08096666666666692,2022.4583333333333,-0.3063377777777774,0.37952777777778124
precipitacao,24,2022,7,2024,7,JAS,-0.7533333333333339,0.1300000000000001,-0.21733333333333352,-0.10936666666666695,2022.5416666666667,-36.74666666666667,-73.33333333333333
temperatura,24,2022,7,2024,7,JAS,-0.7533333333333339,0.1300000000000001,-0.21733333333333352,-0.10936666666666695,2022.5416666666667,-0.8785255555555587,0.8854933333333364
precipitacao,24,2022,8,2024,8,ASO,-0.7366666666666671,0.18666666666666676,-0.2586666666666669,0.10223333333333302,2022.625,-81.27000000000004,-78.75
temperatura,24,2022,8,2024,8,ASO,-0.7366666666666671,0.18666666666666676,-0.2586666666666669,0.10223333333333302,2022.625,-0.36860333333333273,0.9156866666666694
precipitacao,24,2022,9,2024,9,SON,-0.7833333333333338,0.15333333333333343,-0.2543333333333335,0.8821666666666662,2022.7083333333333,-41.89666666666666,-49.14999999999998
temperatura,24,2022,9,2024,9,SON,-0.7833333333333338,0.15333333333333343,-0.2543333333333335,0.8821666666666662,2022.7083333333333,-0.4464722222222228,1.3331822222222236
precipitacao,24,2022,10,2024,10,OND,-0.8466666666666672,0.22666666666666677,-0.4196666666666668,0.8433666666666664,2022.7916666666667,-2.0333333333333314,82.87666666666667
temperatura,24,2022,10,2024,10,OND,-0.8466666666666672,0.22666666666666677,-0.4196666666666668,0.8433666666666664,2022.7916666666667,-0.9927399999999942,0.5032622222222258
precipitacao,24,2022,11,2024,11,NDJ,-0.8600000000000004,0.2766666666666668,-0.4273333333333335,1.170733333333333,2022.875,81.94999999999999,186.40999999999997
temperatura,24,2022,11,2024,11,NDJ,-0.8600000000000004,0.2766666666666668,-0.4273333333333335,1.170733333333333,2022.875,-1.5012800000000013,0.655623333333331
precipitacao,24,2022,12,2024,12,DJF,-0.8033333333333338,0.3233333333333334,-0.35033333333333355,1.248033333333333,2022.9583333333333,62.650000000000034,81.59000000000003
temperatura,24,2022,12,2024,12,DJF,-0.8033333333333338,0.3233333333333334,-0.35033333333333355,1.248033333333333,2022.9583333333333,-1.838617777777781,1.0571488888888858
precipitacao,24,2023,1,2025,1,JFM,-0.6900000000000004,0.38666666666666677,-0.08333333333333352,1.905833333333333,2023.0416666666667,104.47666666666657,-19.470000000000027
temperatura,24,2023,1,2025,1,JFM,-0.6900000000000004,0.38666666666666677,-0.08333333333333352,1.905833333333333,2023.0416666666667,-1.3988711111111094,1.333501111111115
precipitacao,24,2023,2,2025,2,FMA,-0.5266666666666672,0.3700000000000001,0.05866666666666648,1.5192333333333332,2023.125,47.20999999999992,-17.873333333333335
temperatura,24,2023,2,2025,2,FMA,-0.5266666666666672,0.3700000000000001,0.05866666666666648,1.5192333333333332,2023.125,-1.6314433333333334,1.1220300000000059
precipitacao,24,2023,3,2025,3,MAM,-0.33000000000000057,0.3033333333333334,0.22699999999999979,0.8663666666666664,2023.2083333333333,131.09000000000003,-0.466666666666697
temperatura,24,2023,3,2025,3,MAM,-0.33000000000000057,0.3033333333333334,0.22699999999999979,0.8663666666666664,2023.2083333333333,-1.0703844444444464,0.8411622222222235
precipitacao,24,2023,4,2025,4,AMJ,-0.08333333333333386,0.20333333333333345,0.3769999999999998,-0.2084333333333336,2023.2916666666667,67.73000000000002,37.853333333333325
temperatura,24,2023,4,2025,4,AMJ,-0.08333333333333386,0.20333333333333345,0.3769999999999998,-0.2084333333333336,2023.2916666666667,-0.5972655555555555,0.4535744444444454
precipitacao,24,2023,5,2025,5,MJJ,0.1799999999999995,0.25666666666666677,0.4723333333333331,0.09096666666666635,2023.375,143.12666666666667,-81.57000000000002
temperatura,24,2023,5,2025,5,MJJ,0.1799999999999995,0.25666666666666677,0.4723333333333331,0.09096666666666635,2023.375,-0.7120366666666627,0.24179666666666577
precipitacao,24,2023,6,2025,6,JJA,0.4599999999999995,0.2966666666666668,0.5559999999999998,0.03106666666666637,2023.4583333333333,65.13333333333333,-51.29666666666665
temperatura,24,2023,6,2025,6,JJA,0.4599999999999995,0.2966666666666668,0.5559999999999998,0.03106666666666637,2023.4583333333333,-0.5718044444444459,-0.20380555555555802
precipitacao,24,2023,7,2025,7,JAS,0.7299999999999995,0.3266666666666668,0.5353333333333331,0.0651999999999997,2023.5416666666667,16.853333333333353,-124.53333333333332
temperatura,24,2023,7,2025,7,JAS,0.7299999999999995,0.3266666666666668,0.5353333333333331,0.0651999999999997,2023.5416666666667,-0.9102588888888867,-0.08450666666666251
precipitacao,24,2023,8,2025,8,ASO,0.9933333333333328,0.2800000000000001,0.6629999999999998,-0.43146666666666694,2023.625,-66.97000000000001,-44.05000000000001
temperatura,24,2023,8,2025,8,ASO,0.9933333333333328,0.2800000000000001,0.6629999999999998,-0.43146666666666694,2023.625,-0.3897366666666606,-0.0629466666666687
precipitacao,24,2023,9,2025,9,SON,1.2499999999999996,0.2766666666666668,0.7566666666666664,-0.6356333333333336,2023.7083333333333,-55.596666666666664,-30.849999999999966
temperatura,24,2023,9,2025,9,SON,1.2499999999999996,0.2766666666666668,0.7566666666666664,-0.6356333333333336,2023.7083333333333,-0.023505555555555446,-0.06798444444444485
precipitacao,24,2023,10,2025,10,OND,1.4966666666666661,0.24666666666666673,0.8586666666666664,-0.18446666666666697,2023.7916666666667,-77.83333333333331,23.776666666666642
temperatura,24,2023,10,2025,10,OND,1.4966666666666661,0.24666666666666673,0.8586666666666664,-0.18446666666666697,2023.7916666666667,1.1457933333333372,0.4398622222222244
precipitacao,24,2023,11,2025,11,NDJ,1.713333333333333,0.39000000000000007,0.8899999999999997,-0.13956666666666695,2023.875,30.55000000000001,41.90999999999997
temperatura,24,2023,11,2025,11,NDJ,1.713333333333333,0.39000000000000007,0.8899999999999997,-0.13956666666666695,2023.875,1.3265199999999986,0.5363233333333319
precipitacao,24,2023,12,2025,12,DJF,1.8766666666666663,0.6566666666666667,0.8586666666666666,0.7138999999999998,2023.9583333333333,20.850000000000023,139.29000000000008
temperatura,24,2023,12,2025,12,DJF,1.8766666666666663,0.6566666666666667,0.8586666666666666,0.7138999999999998,2023.9583333333333,1.7368155555555518,0.5666155555555541
precipitacao,24,2024,1,2026,1,JFM,1.9099999999999995,0.9233333333333335,0.8456666666666663,0.842833333333333,2024.0416666666667,-35.723333333333414,167.23000000000002
temperatura,24,2024,1,2026,1,JFM,1.9099999999999995,0.9233333333333335,0.8456666666666663,0.842833333333333,2024.0416666666667,1.2508955555555588,0.022534444444445967
precipitacao,24,2024,2,2026,2,FMA,1.7866666666666664,1.06,0.6479999999999998,1.1582666666666663,2024.125,-140.49,166.12666666666667
temperatura,24,2024,2,2026,2,FMA,1.7866666666666664,1.06,0.6479999999999998,1.1582666666666663,2024.125,1.03872333333333,0.5392300000000034
precipitacao,24,2024,3,2026,3,MAM,1.5166666666666664,1.1533333333333333,0.5043333333333331,0.635633333333333,2024.2083333333333,-132.10999999999996,100.0333333333333
temperatura,24,2024,3,2026,3,MAM,1.5166666666666664,1.1533333333333333,0.5043333333333331,0.635633333333333,2024.2083333333333,0.2808155555555558,0.6994288888888889
precipitacao,24,2024,4,2026,4,AMJ,1.1599999999999995,1.1900000000000002,0.39599999999999974,0.6634666666666664,2024.2916666666667,-52.97000000000003,129.85333333333332
temperatura,24,2024,4,2026,4,AMJ,1.1599999999999995,1.1900000000000002,0.39599999999999974,0.6634666666666664,2024.2916666666667,0.11953444444444727,0.4689411111111106
precipitacao,24,2024,5,2026,5,MJJ,0.7933333333333329,1.0833333333333335,0.38633333333333314,0.2914999999999998,2024.375,-25.073333333333323,54.829999999999984
temperatura,24,2024,5,2026,5,MJJ,0.7933333333333329,1.0833333333333335,0.38633333333333314,0.2914999999999998,2024.375,0.44229666666666745,0.47953000000000046
precipitacao,24,2024,6,2026,6,JJA,0.4599999999999995,0.8200000000000002,0.3116666666666665,0.3808333333333331,2024.4583333333333,-44.56666666666669,40.403333333333336
temperatura,24,2024,6,2026,6,JJA,0.4599999999999995,0.8200000000000002,0.3116666666666665,0.3808333333333331,2024.4583333333333,1.4076288888888904,1.2306944444444454
